created virtual environment CPython3.11.5.final.0-64 in 500ms
  creator CPython3Posix(dest=/tmp/env, clear=False, no_vcs_ignore=False, global=False)
  seeder FromAppData(download=False, pip=bundle, setuptools=bundle, wheel=bundle, via=copy, app_data_dir=/home/ahmedubc/.local/share/virtualenv)
    added seed packages: pip==26.2.1, setuptools==80.9.0+computecanada, wheel==0.48.0
  activators BashActivator,CShellActivator,FishActivator,NushellActivator,PowerShellActivator,PythonActivator
Looking in links: /cvmfs/soft.computecanada.ca/custom/python/wheelhouse/gentoo2023/x86-64-v3, /cvmfs/soft.computecanada.ca/custom/python/wheelhouse/gentoo2023/generic, /cvmfs/soft.computecanada.ca/custom/python/wheelhouse/generic
Requirement already satisfied: pip in /tmp/env/lib/python3.11/site-packages (26.2.1)
Looking in links: /cvmfs/soft.computecanada.ca/custom/python/wheelhouse/gentoo2023/x86-64-v3, /cvmfs/soft.computecanada.ca/custom/python/wheelhouse/gentoo2023/generic, /cvmfs/soft.computecanada.ca/custom/python/wheelhouse/generic
Processing /cvmfs/soft.computecanada.ca/custom/python/wheelhouse/gentoo2023/x86-64-v3/torch-2.14.0+computecanada-cp311-cp311-linux_x86_64.whl
Collecting filelock (from torch)
  Using cached filelock-3.32.6-py3-none-any.whl.metadata (2.0 kB)
Processing /cvmfs/soft.computecanada.ca/custom/python/wheelhouse/generic/typing_extensions-4.16.0+computecanada-py3-none-any.whl (from torch)
Requirement already satisfied: setuptools>=77.0.3 in /tmp/env/lib/python3.11/site-packages (from torch) (80.9.0+computecanada)
Processing /cvmfs/soft.computecanada.ca/custom/python/wheelhouse/generic/sympy-1.14.0+computecanada-py3-none-any.whl (from torch)
Processing /cvmfs/soft.computecanada.ca/custom/python/wheelhouse/generic/networkx-3.6.1+computecanada-py3-none-any.whl (from torch)
Processing /cvmfs/soft.computecanada.ca/custom/python/wheelhouse/generic/jinja2-3.1.6+computecanada-py3-none-any.whl (from torch)
Processing /cvmfs/soft.computecanada.ca/custom/python/wheelhouse/generic/fsspec-2026.7.0+computecanada-py3-none-any.whl (from torch)
Processing /cvmfs/soft.computecanada.ca/custom/python/wheelhouse/generic/mpmath-1.3.0+computecanada-py3-none-any.whl (from sympy>=1.13.3->torch)
Processing /cvmfs/soft.computecanada.ca/custom/python/wheelhouse/generic/markupsafe-3.0.3+computecanada-cp311-cp311-linux_x86_64.whl (from jinja2->torch)
Using cached filelock-3.32.6-py3-none-any.whl (100 kB)
Installing collected packages: mpmath, typing-extensions, sympy, networkx, MarkupSafe, fsspec, filelock, jinja2, torch

Successfully installed MarkupSafe-3.0.3+computecanada filelock-3.32.6 fsspec-2026.7.0+computecanada jinja2-3.1.6+computecanada mpmath-1.3.0+computecanada networkx-3.6.1+computecanada sympy-1.14.0+computecanada torch-2.14.0+computecanada typing-extensions-4.16.0+computecanada
Looking in links: /cvmfs/soft.computecanada.ca/custom/python/wheelhouse/gentoo2023/x86-64-v3, /cvmfs/soft.computecanada.ca/custom/python/wheelhouse/gentoo2023/generic, /cvmfs/soft.computecanada.ca/custom/python/wheelhouse/generic
Collecting torchao>=0.16.0
  Using cached torchao-0.18.0-py3-none-any.whl.metadata (21 kB)
Using cached torchao-0.18.0-py3-none-any.whl (1.4 MB)
Installing collected packages: torchao
Successfully installed torchao-0.18.0
Looking in links: /cvmfs/soft.computecanada.ca/custom/python/wheelhouse/gentoo2023/x86-64-v3, /cvmfs/soft.computecanada.ca/custom/python/wheelhouse/gentoo2023/generic, /cvmfs/soft.computecanada.ca/custom/python/wheelhouse/generic
Processing /cvmfs/soft.computecanada.ca/custom/python/wheelhouse/gentoo2023/generic/torchvision-0.29.0+computecanada-cp311-cp311-linux_x86_64.whl
Processing /cvmfs/soft.computecanada.ca/custom/python/wheelhouse/gentoo2023/generic/numpy-2.4.2+computecanada-cp311-cp311-linux_x86_64.whl (from torchvision)
Requirement already satisfied: torch~=2.14 in /tmp/env/lib/python3.11/site-packages (from torchvision) (2.14.0+computecanada)
Processing /cvmfs/soft.computecanada.ca/custom/python/wheelhouse/gentoo2023/x86-64-v3/Pillow_SIMD-9.5.0.post2+computecanada-cp311-cp311-linux_x86_64.whl (from torchvision)
Requirement already satisfied: filelock in /tmp/env/lib/python3.11/site-packages (from torch~=2.14->torchvision) (3.32.6)
Requirement already satisfied: typing-extensions>=4.10.0 in /tmp/env/lib/python3.11/site-packages (from torch~=2.14->torchvision) (4.16.0+computecanada)
Requirement already satisfied: setuptools>=77.0.3 in /tmp/env/lib/python3.11/site-packages (from torch~=2.14->torchvision) (80.9.0+computecanada)
Requirement already satisfied: sympy>=1.13.3 in /tmp/env/lib/python3.11/site-packages (from torch~=2.14->torchvision) (1.14.0+computecanada)
Requirement already satisfied: networkx>=2.5.1 in /tmp/env/lib/python3.11/site-packages (from torch~=2.14->torchvision) (3.6.1+computecanada)
Requirement already satisfied: jinja2 in /tmp/env/lib/python3.11/site-packages (from torch~=2.14->torchvision) (3.1.6+computecanada)
Requirement already satisfied: fsspec>=0.8.5 in /tmp/env/lib/python3.11/site-packages (from torch~=2.14->torchvision) (2026.7.0+computecanada)
Requirement already satisfied: mpmath<1.4,>=1.1.0 in /tmp/env/lib/python3.11/site-packages (from sympy>=1.13.3->torch~=2.14->torchvision) (1.3.0+computecanada)
Requirement already satisfied: MarkupSafe>=2.0 in /tmp/env/lib/python3.11/site-packages (from jinja2->torch~=2.14->torchvision) (3.0.3+computecanada)
Installing collected packages: pillow-simd, numpy, torchvision

Successfully installed numpy-2.4.2+computecanada pillow-simd-9.5.0.post2+computecanada torchvision-0.29.0+computecanada
Looking in links: /cvmfs/soft.computecanada.ca/custom/python/wheelhouse/gentoo2023/x86-64-v3, /cvmfs/soft.computecanada.ca/custom/python/wheelhouse/gentoo2023/generic, /cvmfs/soft.computecanada.ca/custom/python/wheelhouse/generic
Processing /cvmfs/soft.computecanada.ca/custom/python/wheelhouse/generic/pyyaml-6.0.3+computecanada-cp311-cp311-linux_x86_64.whl
Installing collected packages: pyyaml
Successfully installed pyyaml-6.0.3+computecanada
Looking in links: /cvmfs/soft.computecanada.ca/custom/python/wheelhouse/gentoo2023/x86-64-v3, /cvmfs/soft.computecanada.ca/custom/python/wheelhouse/gentoo2023/generic, /cvmfs/soft.computecanada.ca/custom/python/wheelhouse/generic
Requirement already satisfied: numpy in /tmp/env/lib/python3.11/site-packages (2.4.2+computecanada)
Looking in links: /cvmfs/soft.computecanada.ca/custom/python/wheelhouse/gentoo2023/x86-64-v3, /cvmfs/soft.computecanada.ca/custom/python/wheelhouse/gentoo2023/generic, /cvmfs/soft.computecanada.ca/custom/python/wheelhouse/generic
Processing /cvmfs/soft.computecanada.ca/custom/python/wheelhouse/generic/tqdm-4.70.0+computecanada-py3-none-any.whl
Installing collected packages: tqdm
Successfully installed tqdm-4.70.0+computecanada
Looking in links: /cvmfs/soft.computecanada.ca/custom/python/wheelhouse/gentoo2023/x86-64-v3, /cvmfs/soft.computecanada.ca/custom/python/wheelhouse/gentoo2023/generic, /cvmfs/soft.computecanada.ca/custom/python/wheelhouse/generic
Collecting nltk
  Using cached nltk-3.10.3-py3-none-any.whl.metadata (3.2 kB)
Processing /cvmfs/soft.computecanada.ca/custom/python/wheelhouse/generic/defusedxml-0.7.1+computecanada-py2.py3-none-any.whl (from nltk)
Processing /cvmfs/soft.computecanada.ca/custom/python/wheelhouse/generic/click-8.5.0+computecanada-py3-none-any.whl (from nltk)
Collecting joblib (from nltk)
  Using cached joblib-1.6.0-py3-none-any.whl.metadata (6.5 kB)
Processing /cvmfs/soft.computecanada.ca/custom/python/wheelhouse/generic/regex-2026.1.15+computecanada-cp311-cp311-linux_x86_64.whl (from nltk)
Requirement already satisfied: tqdm in /tmp/env/lib/python3.11/site-packages (from nltk) (4.70.0+computecanada)
Processing /cvmfs/soft.computecanada.ca/custom/python/wheelhouse/generic/cloudpickle-3.1.2+computecanada-py3-none-any.whl (from joblib->nltk)
Using cached nltk-3.10.3-py3-none-any.whl (1.8 MB)
Using cached joblib-1.6.0-py3-none-any.whl (306 kB)
Installing collected packages: regex, defusedxml, cloudpickle, click, joblib, nltk

Successfully installed click-8.5.0+computecanada cloudpickle-3.1.2+computecanada defusedxml-0.7.1+computecanada joblib-1.6.0 nltk-3.10.3 regex-2026.1.15+computecanada
Looking in links: /cvmfs/soft.computecanada.ca/custom/python/wheelhouse/gentoo2023/x86-64-v3, /cvmfs/soft.computecanada.ca/custom/python/wheelhouse/gentoo2023/generic, /cvmfs/soft.computecanada.ca/custom/python/wheelhouse/generic
Processing /cvmfs/soft.computecanada.ca/custom/python/wheelhouse/generic/huggingface_hub-1.30.0+computecanada-py3-none-any.whl
Requirement already satisfied: click<9.0.0,>=8.4.2 in /tmp/env/lib/python3.11/site-packages (from huggingface_hub[hf_xet]) (8.5.0+computecanada)
Requirement already satisfied: filelock>=3.10.0 in /tmp/env/lib/python3.11/site-packages (from huggingface_hub[hf_xet]) (3.32.6)
Requirement already satisfied: fsspec>=2023.5.0 in /tmp/env/lib/python3.11/site-packages (from huggingface_hub[hf_xet]) (2026.7.0+computecanada)
Processing /cvmfs/soft.computecanada.ca/custom/python/wheelhouse/generic/hf_xet-1.6.0+computecanada-cp38-abi3-linux_x86_64.whl (from huggingface_hub[hf_xet])
Processing /cvmfs/soft.computecanada.ca/custom/python/wheelhouse/generic/httpx-0.28.1+computecanada-py3-none-any.whl (from huggingface_hub[hf_xet])
Processing /cvmfs/soft.computecanada.ca/custom/python/wheelhouse/generic/packaging-26.3+computecanada-py3-none-any.whl (from huggingface_hub[hf_xet])
Requirement already satisfied: pyyaml>=5.1 in /tmp/env/lib/python3.11/site-packages (from huggingface_hub[hf_xet]) (6.0.3+computecanada)
Requirement already satisfied: tqdm>=4.42.1 in /tmp/env/lib/python3.11/site-packages (from huggingface_hub[hf_xet]) (4.70.0+computecanada)
Requirement already satisfied: typing-extensions>=4.1.0 in /tmp/env/lib/python3.11/site-packages (from huggingface_hub[hf_xet]) (4.16.0+computecanada)
Collecting anyio (from httpx<1,>=0.23.0->huggingface_hub[hf_xet])
  Using cached anyio-4.15.1-py3-none-any.whl.metadata (4.7 kB)
Collecting certifi (from httpx<1,>=0.23.0->huggingface_hub[hf_xet])
  Using cached certifi-2026.7.22-py3-none-any.whl.metadata (2.5 kB)
Processing /cvmfs/soft.computecanada.ca/custom/python/wheelhouse/generic/httpcore-1.0.9+computecanada-py3-none-any.whl (from httpx<1,>=0.23.0->huggingface_hub[hf_xet])
Collecting idna (from httpx<1,>=0.23.0->huggingface_hub[hf_xet])
  Using cached idna-3.19-py3-none-any.whl.metadata (9.2 kB)
Processing /cvmfs/soft.computecanada.ca/custom/python/wheelhouse/generic/h11-0.16.0+computecanada-py3-none-any.whl (from httpcore==1.*->httpx<1,>=0.23.0->huggingface_hub[hf_xet])
Using cached anyio-4.15.1-py3-none-any.whl (132 kB)
Using cached idna-3.19-py3-none-any.whl (68 kB)
Using cached certifi-2026.7.22-py3-none-any.whl (136 kB)
Installing collected packages: packaging, idna, hf-xet, h11, certifi, httpcore, anyio, httpx, huggingface_hub

Successfully installed anyio-4.15.1 certifi-2026.7.22 h11-0.16.0+computecanada hf-xet-1.6.0+computecanada httpcore-1.0.9+computecanada httpx-0.28.1+computecanada huggingface_hub-1.30.0+computecanada idna-3.19 packaging-26.3+computecanada
Looking in links: /cvmfs/soft.computecanada.ca/custom/python/wheelhouse/gentoo2023/x86-64-v3, /cvmfs/soft.computecanada.ca/custom/python/wheelhouse/gentoo2023/generic, /cvmfs/soft.computecanada.ca/custom/python/wheelhouse/generic
Requirement already satisfied: hf_xet in /tmp/env/lib/python3.11/site-packages (1.6.0+computecanada)
Looking in links: /cvmfs/soft.computecanada.ca/custom/python/wheelhouse/gentoo2023/x86-64-v3, /cvmfs/soft.computecanada.ca/custom/python/wheelhouse/gentoo2023/generic, /cvmfs/soft.computecanada.ca/custom/python/wheelhouse/generic
Processing /cvmfs/soft.computecanada.ca/custom/python/wheelhouse/gentoo2023/generic/tiktoken-0.12.0+computecanada-cp311-cp311-linux_x86_64.whl
Requirement already satisfied: regex>=2022.1.18 in /tmp/env/lib/python3.11/site-packages (from tiktoken) (2026.1.15+computecanada)
Processing /cvmfs/soft.computecanada.ca/custom/python/wheelhouse/generic/requests-2.34.2+computecanada-py3-none-any.whl (from tiktoken)
Collecting charset_normalizer<4,>=2 (from requests>=2.26.0->tiktoken)
  Using cached charset_normalizer-3.5.1-py3-none-any.whl.metadata (45 kB)
Requirement already satisfied: idna<4,>=2.5 in /tmp/env/lib/python3.11/site-packages (from requests>=2.26.0->tiktoken) (3.19)
Processing /cvmfs/soft.computecanada.ca/custom/python/wheelhouse/generic/urllib3-2.7.0+computecanada-py3-none-any.whl (from requests>=2.26.0->tiktoken)
Requirement already satisfied: certifi>=2023.5.7 in /tmp/env/lib/python3.11/site-packages (from requests>=2.26.0->tiktoken) (2026.7.22)
Using cached charset_normalizer-3.5.1-py3-none-any.whl (68 kB)
Installing collected packages: urllib3, charset_normalizer, requests, tiktoken

Successfully installed charset_normalizer-3.5.1 requests-2.34.2+computecanada tiktoken-0.12.0+computecanada urllib3-2.7.0+computecanada
Looking in links: /cvmfs/soft.computecanada.ca/custom/python/wheelhouse/gentoo2023/x86-64-v3, /cvmfs/soft.computecanada.ca/custom/python/wheelhouse/gentoo2023/generic, /cvmfs/soft.computecanada.ca/custom/python/wheelhouse/generic
Collecting blobfile
  Using cached blobfile-3.3.0-py3-none-any.whl.metadata (15 kB)
Processing /cvmfs/soft.computecanada.ca/custom/python/wheelhouse/generic/pycryptodomex-3.19.0+computecanada-cp35-abi3-linux_x86_64.whl (from blobfile)
Requirement already satisfied: urllib3>=2 in /tmp/env/lib/python3.11/site-packages (from blobfile) (2.7.0+computecanada)
Processing /cvmfs/soft.computecanada.ca/custom/python/wheelhouse/generic/lxml-6.1.1+computecanada-cp311-cp311-linux_x86_64.whl (from blobfile)
Requirement already satisfied: filelock>=3.0 in /tmp/env/lib/python3.11/site-packages (from blobfile) (3.32.6)
Using cached blobfile-3.3.0-py3-none-any.whl (76 kB)
Installing collected packages: pycryptodomex, lxml, blobfile

Successfully installed blobfile-3.3.0 lxml-6.1.1+computecanada pycryptodomex-3.19.0+computecanada
Looking in links: /cvmfs/soft.computecanada.ca/custom/python/wheelhouse/gentoo2023/x86-64-v3, /cvmfs/soft.computecanada.ca/custom/python/wheelhouse/gentoo2023/generic, /cvmfs/soft.computecanada.ca/custom/python/wheelhouse/generic
Processing /cvmfs/soft.computecanada.ca/custom/python/wheelhouse/gentoo2023/generic/sentencepiece-0.2.0+computecanada-cp311-cp311-linux_x86_64.whl
Installing collected packages: sentencepiece
Successfully installed sentencepiece-0.2.0+computecanada
Looking in links: /cvmfs/soft.computecanada.ca/custom/python/wheelhouse/gentoo2023/x86-64-v3, /cvmfs/soft.computecanada.ca/custom/python/wheelhouse/gentoo2023/generic, /cvmfs/soft.computecanada.ca/custom/python/wheelhouse/generic
Processing /cvmfs/soft.computecanada.ca/custom/python/wheelhouse/generic/triton-3.6.0+computecanada-cp311-cp311-linux_x86_64.whl
Installing collected packages: triton
Successfully installed triton-3.6.0+computecanada
Looking in links: /cvmfs/soft.computecanada.ca/custom/python/wheelhouse/gentoo2023/x86-64-v3, /cvmfs/soft.computecanada.ca/custom/python/wheelhouse/gentoo2023/generic, /cvmfs/soft.computecanada.ca/custom/python/wheelhouse/generic
Requirement already satisfied: triton in /tmp/env/lib/python3.11/site-packages (3.6.0+computecanada)
Looking in links: /cvmfs/soft.computecanada.ca/custom/python/wheelhouse/gentoo2023/x86-64-v3, /cvmfs/soft.computecanada.ca/custom/python/wheelhouse/gentoo2023/generic, /cvmfs/soft.computecanada.ca/custom/python/wheelhouse/generic
Processing /cvmfs/soft.computecanada.ca/custom/python/wheelhouse/generic/einops-0.8.2+computecanada-py3-none-any.whl
Installing collected packages: einops
Successfully installed einops-0.8.2+computecanada
Looking in links: /cvmfs/soft.computecanada.ca/custom/python/wheelhouse/gentoo2023/x86-64-v3, /cvmfs/soft.computecanada.ca/custom/python/wheelhouse/gentoo2023/generic, /cvmfs/soft.computecanada.ca/custom/python/wheelhouse/generic
Processing /cvmfs/soft.computecanada.ca/custom/python/wheelhouse/generic/seaborn-0.13.2+computecanada-py3-none-any.whl
Requirement already satisfied: numpy!=1.24.0,>=1.20 in /tmp/env/lib/python3.11/site-packages (from seaborn) (2.4.2+computecanada)
Processing /cvmfs/soft.computecanada.ca/custom/python/wheelhouse/gentoo2023/x86-64-v3/pandas-3.0.5+computecanada-cp311-cp311-linux_x86_64.whl (from seaborn)
Processing /cvmfs/soft.computecanada.ca/custom/python/wheelhouse/gentoo2023/x86-64-v3/matplotlib-3.11.1+computecanada-cp311-cp311-linux_x86_64.whl (from seaborn)
Processing /cvmfs/soft.computecanada.ca/custom/python/wheelhouse/gentoo2023/generic/contourpy-1.3.3+computecanada-cp311-cp311-linux_x86_64.whl (from matplotlib!=3.6.1,>=3.4->seaborn)
Processing /cvmfs/soft.computecanada.ca/custom/python/wheelhouse/generic/cycler-0.12.1+computecanada-py3-none-any.whl (from matplotlib!=3.6.1,>=3.4->seaborn)
Processing /cvmfs/soft.computecanada.ca/custom/python/wheelhouse/generic/fonttools-4.64.0+computecanada-cp311-cp311-linux_x86_64.whl (from matplotlib!=3.6.1,>=3.4->seaborn)
Processing /cvmfs/soft.computecanada.ca/custom/python/wheelhouse/generic/kiwisolver-1.4.9+computecanada-cp311-cp311-linux_x86_64.whl (from matplotlib!=3.6.1,>=3.4->seaborn)
Requirement already satisfied: packaging>=20.0 in /tmp/env/lib/python3.11/site-packages (from matplotlib!=3.6.1,>=3.4->seaborn) (26.3+computecanada)
Processing /cvmfs/soft.computecanada.ca/custom/python/wheelhouse/gentoo2023/x86-64-v3/pillow-12.1.0+computecanada-cp311-cp311-linux_x86_64.whl (from matplotlib!=3.6.1,>=3.4->seaborn)
Processing /cvmfs/soft.computecanada.ca/custom/python/wheelhouse/generic/pyparsing-3.3.2+computecanada-py3-none-any.whl (from matplotlib!=3.6.1,>=3.4->seaborn)
Processing /cvmfs/soft.computecanada.ca/custom/python/wheelhouse/generic/python_dateutil-2.9.0.post0+computecanada-py2.py3-none-any.whl (from matplotlib!=3.6.1,>=3.4->seaborn)
Processing /cvmfs/soft.computecanada.ca/custom/python/wheelhouse/generic/six-1.17.0+computecanada-py2.py3-none-any.whl (from python-dateutil>=2.7->matplotlib!=3.6.1,>=3.4->seaborn)
Installing collected packages: six, pyparsing, pillow, kiwisolver, fonttools, cycler, contourpy, python-dateutil, pandas, matplotlib, seaborn

Successfully installed contourpy-1.3.3+computecanada cycler-0.12.1+computecanada fonttools-4.64.0+computecanada kiwisolver-1.4.9+computecanada matplotlib-3.11.1+computecanada pandas-3.0.5+computecanada pillow-12.1.0+computecanada pyparsing-3.3.2+computecanada python-dateutil-2.9.0.post0+computecanada seaborn-0.13.2+computecanada six-1.17.0+computecanada
Looking in links: /cvmfs/soft.computecanada.ca/custom/python/wheelhouse/gentoo2023/x86-64-v3, /cvmfs/soft.computecanada.ca/custom/python/wheelhouse/gentoo2023/generic, /cvmfs/soft.computecanada.ca/custom/python/wheelhouse/generic
Collecting torch-geometric
  Using cached torch_geometric-2.8.0.post1-py3-none-any.whl.metadata (64 kB)
Processing /cvmfs/soft.computecanada.ca/custom/python/wheelhouse/gentoo2023/x86-64-v3/aiohttp-3.13.3+computecanada-cp311-cp311-linux_x86_64.whl (from torch-geometric)
Requirement already satisfied: fsspec in /tmp/env/lib/python3.11/site-packages (from torch-geometric) (2026.7.0+computecanada)
Requirement already satisfied: jinja2 in /tmp/env/lib/python3.11/site-packages (from torch-geometric) (3.1.6+computecanada)
Requirement already satisfied: numpy in /tmp/env/lib/python3.11/site-packages (from torch-geometric) (2.4.2+computecanada)
Processing /cvmfs/soft.computecanada.ca/custom/python/wheelhouse/gentoo2023/generic/psutil-7.2.2+computecanada-cp36-abi3-linux_x86_64.whl (from torch-geometric)
Requirement already satisfied: pyparsing in /tmp/env/lib/python3.11/site-packages (from torch-geometric) (3.3.2+computecanada)
Requirement already satisfied: requests in /tmp/env/lib/python3.11/site-packages (from torch-geometric) (2.34.2+computecanada)
Requirement already satisfied: tqdm in /tmp/env/lib/python3.11/site-packages (from torch-geometric) (4.70.0+computecanada)
Processing /cvmfs/soft.computecanada.ca/custom/python/wheelhouse/generic/xxhash-3.5.0+computecanada-cp311-cp311-linux_x86_64.whl (from torch-geometric)
Processing /cvmfs/soft.computecanada.ca/custom/python/wheelhouse/generic/aiohappyeyeballs-2.7.1+computecanada-py3-none-any.whl (from aiohttp->torch-geometric)
Processing /cvmfs/soft.computecanada.ca/custom/python/wheelhouse/generic/aiosignal-1.4.0+computecanada-py3-none-any.whl (from aiohttp->torch-geometric)
Processing /cvmfs/soft.computecanada.ca/custom/python/wheelhouse/generic/attrs-26.1.0+computecanada-py3-none-any.whl (from aiohttp->torch-geometric)
Processing /cvmfs/soft.computecanada.ca/custom/python/wheelhouse/generic/frozenlist-1.8.0+computecanada-cp311-cp311-linux_x86_64.whl (from aiohttp->torch-geometric)
Collecting multidict<7.0,>=4.5 (from aiohttp->torch-geometric)
  Using cached multidict-6.8.0-py3-none-any.whl.metadata (5.3 kB)
Processing /cvmfs/soft.computecanada.ca/custom/python/wheelhouse/generic/propcache-0.5.2+computecanada-cp311-cp311-linux_x86_64.whl (from aiohttp->torch-geometric)
Collecting yarl<2.0,>=1.17.0 (from aiohttp->torch-geometric)
  Using cached yarl-1.24.5-py3-none-any.whl.metadata (103 kB)
Requirement already satisfied: idna>=2.0 in /tmp/env/lib/python3.11/site-packages (from yarl<2.0,>=1.17.0->aiohttp->torch-geometric) (3.19)
Requirement already satisfied: typing-extensions>=4.2 in /tmp/env/lib/python3.11/site-packages (from aiosignal>=1.4.0->aiohttp->torch-geometric) (4.16.0+computecanada)
Requirement already satisfied: MarkupSafe>=2.0 in /tmp/env/lib/python3.11/site-packages (from jinja2->torch-geometric) (3.0.3+computecanada)
Requirement already satisfied: charset_normalizer<4,>=2 in /tmp/env/lib/python3.11/site-packages (from requests->torch-geometric) (3.5.1)
Requirement already satisfied: urllib3<3,>=1.26 in /tmp/env/lib/python3.11/site-packages (from requests->torch-geometric) (2.7.0+computecanada)
Requirement already satisfied: certifi>=2023.5.7 in /tmp/env/lib/python3.11/site-packages (from requests->torch-geometric) (2026.7.22)
Using cached torch_geometric-2.8.0.post1-py3-none-any.whl (1.3 MB)
Using cached multidict-6.8.0-py3-none-any.whl (16 kB)
Using cached yarl-1.24.5-py3-none-any.whl (58 kB)
Installing collected packages: xxhash, psutil, propcache, multidict, frozenlist, attrs, aiohappyeyeballs, yarl, aiosignal, aiohttp, torch-geometric

Successfully installed aiohappyeyeballs-2.7.1+computecanada aiohttp-3.13.3+computecanada aiosignal-1.4.0+computecanada attrs-26.1.0+computecanada frozenlist-1.8.0+computecanada multidict-6.8.0 propcache-0.5.2+computecanada psutil-7.2.2+computecanada torch-geometric-2.8.0.post1 xxhash-3.5.0+computecanada yarl-1.24.5
Looking in links: /cvmfs/soft.computecanada.ca/custom/python/wheelhouse/gentoo2023/x86-64-v3, /cvmfs/soft.computecanada.ca/custom/python/wheelhouse/gentoo2023/generic, /cvmfs/soft.computecanada.ca/custom/python/wheelhouse/generic
Collecting googletrans==4.0.0-rc1
  Using cached googletrans-4.0.0rc1-py3-none-any.whl
Collecting httpx==0.13.3 (from googletrans==4.0.0-rc1)
  Using cached httpx-0.13.3-py3-none-any.whl.metadata (25 kB)
Requirement already satisfied: certifi in /tmp/env/lib/python3.11/site-packages (from httpx==0.13.3->googletrans==4.0.0-rc1) (2026.7.22)
Collecting hstspreload (from httpx==0.13.3->googletrans==4.0.0-rc1)
  Using cached hstspreload-2025.1.1-py3-none-any.whl.metadata (2.1 kB)
Processing /cvmfs/soft.computecanada.ca/custom/python/wheelhouse/generic/sniffio-1.3.1+computecanada-py3-none-any.whl (from httpx==0.13.3->googletrans==4.0.0-rc1)
Processing /cvmfs/soft.computecanada.ca/custom/python/wheelhouse/generic/chardet-3.0.4+computecanada-py2.py3-none-any.whl (from httpx==0.13.3->googletrans==4.0.0-rc1)
Processing /cvmfs/soft.computecanada.ca/custom/python/wheelhouse/generic/idna-2.10+computecanada-py2.py3-none-any.whl (from httpx==0.13.3->googletrans==4.0.0-rc1)
Processing /cvmfs/soft.computecanada.ca/custom/python/wheelhouse/generic/rfc3986-1.5.0+computecanada-py2.py3-none-any.whl (from httpx==0.13.3->googletrans==4.0.0-rc1)
Collecting httpcore==0.9.* (from httpx==0.13.3->googletrans==4.0.0-rc1)
  Using cached httpcore-0.9.1-py3-none-any.whl.metadata (4.6 kB)
Collecting h11<0.10,>=0.8 (from httpcore==0.9.*->httpx==0.13.3->googletrans==4.0.0-rc1)
  Using cached h11-0.9.0-py2.py3-none-any.whl.metadata (8.1 kB)
Collecting h2==3.* (from httpcore==0.9.*->httpx==0.13.3->googletrans==4.0.0-rc1)
  Using cached h2-3.2.0-py2.py3-none-any.whl.metadata (32 kB)
Collecting hyperframe<6,>=5.2.0 (from h2==3.*->httpcore==0.9.*->httpx==0.13.3->googletrans==4.0.0-rc1)
  Using cached hyperframe-5.2.0-py2.py3-none-any.whl.metadata (7.2 kB)
Collecting hpack<4,>=3.0 (from h2==3.*->httpcore==0.9.*->httpx==0.13.3->googletrans==4.0.0-rc1)
  Using cached hpack-3.0.0-py2.py3-none-any.whl.metadata (7.0 kB)
Using cached httpx-0.13.3-py3-none-any.whl (55 kB)
Using cached httpcore-0.9.1-py3-none-any.whl (42 kB)
Using cached h11-0.9.0-py2.py3-none-any.whl (53 kB)
Using cached h2-3.2.0-py2.py3-none-any.whl (65 kB)
Using cached hpack-3.0.0-py2.py3-none-any.whl (38 kB)
Using cached hyperframe-5.2.0-py2.py3-none-any.whl (12 kB)
Using cached hstspreload-2025.1.1-py3-none-any.whl (1.3 MB)
Installing collected packages: rfc3986, hyperframe, hpack, h11, chardet, sniffio, idna, hstspreload, h2, httpcore, httpx, googletrans
  Attempting uninstall: h11
    Found existing installation: h11 0.16.0+computecanada
    Uninstalling h11-0.16.0+computecanada:
      Successfully uninstalled h11-0.16.0+computecanada
  Attempting uninstall: idna
    Found existing installation: idna 3.19
    Uninstalling idna-3.19:
      Successfully uninstalled idna-3.19
  Attempting uninstall: httpcore
    Found existing installation: httpcore 1.0.9+computecanada
    Uninstalling httpcore-1.0.9+computecanada:
      Successfully uninstalled httpcore-1.0.9+computecanada
  Attempting uninstall: httpx
    Found existing installation: httpx 0.28.1+computecanada
    Uninstalling httpx-0.28.1+computecanada:
      Successfully uninstalled httpx-0.28.1+computecanada

Successfully installed chardet-3.0.4+computecanada googletrans-4.0.0rc1 h11-0.9.0 h2-3.2.0 hpack-3.0.0 hstspreload-2025.1.1 httpcore-0.9.1 httpx-0.13.3 hyperframe-5.2.0 idna-2.10+computecanada rfc3986-1.5.0+computecanada sniffio-1.3.1+computecanada
Looking in links: /cvmfs/soft.computecanada.ca/custom/python/wheelhouse/gentoo2023/x86-64-v3, /cvmfs/soft.computecanada.ca/custom/python/wheelhouse/gentoo2023/generic, /cvmfs/soft.computecanada.ca/custom/python/wheelhouse/generic
Collecting deep-translator
  Using cached deep_translator-1.11.4-py3-none-any.whl.metadata (30 kB)
Processing /cvmfs/soft.computecanada.ca/custom/python/wheelhouse/generic/beautifulsoup4-4.15.0+computecanada-py3-none-any.whl (from deep-translator)
Requirement already satisfied: requests<3.0.0,>=2.23.0 in /tmp/env/lib/python3.11/site-packages (from deep-translator) (2.34.2+computecanada)
Collecting soupsieve>=1.6.1 (from beautifulsoup4<5.0.0,>=4.9.1->deep-translator)
  Using cached soupsieve-2.9.2-py3-none-any.whl.metadata (4.6 kB)
Requirement already satisfied: typing-extensions>=4.0.0 in /tmp/env/lib/python3.11/site-packages (from beautifulsoup4<5.0.0,>=4.9.1->deep-translator) (4.16.0+computecanada)
Requirement already satisfied: charset_normalizer<4,>=2 in /tmp/env/lib/python3.11/site-packages (from requests<3.0.0,>=2.23.0->deep-translator) (3.5.1)
Requirement already satisfied: idna<4,>=2.5 in /tmp/env/lib/python3.11/site-packages (from requests<3.0.0,>=2.23.0->deep-translator) (2.10+computecanada)
Requirement already satisfied: urllib3<3,>=1.26 in /tmp/env/lib/python3.11/site-packages (from requests<3.0.0,>=2.23.0->deep-translator) (2.7.0+computecanada)
Requirement already satisfied: certifi>=2023.5.7 in /tmp/env/lib/python3.11/site-packages (from requests<3.0.0,>=2.23.0->deep-translator) (2026.7.22)
Using cached deep_translator-1.11.4-py3-none-any.whl (42 kB)
Using cached soupsieve-2.9.2-py3-none-any.whl (37 kB)
Installing collected packages: soupsieve, beautifulsoup4, deep-translator

Successfully installed beautifulsoup4-4.15.0+computecanada deep-translator-1.11.4 soupsieve-2.9.2
Looking in links: /cvmfs/soft.computecanada.ca/custom/python/wheelhouse/gentoo2023/x86-64-v3, /cvmfs/soft.computecanada.ca/custom/python/wheelhouse/gentoo2023/generic, /cvmfs/soft.computecanada.ca/custom/python/wheelhouse/generic
Collecting rouge_chinese
  Using cached rouge_chinese-1.0.3-py3-none-any.whl.metadata (7.6 kB)
Requirement already satisfied: six in /tmp/env/lib/python3.11/site-packages (from rouge_chinese) (1.17.0+computecanada)
Using cached rouge_chinese-1.0.3-py3-none-any.whl (21 kB)
Installing collected packages: rouge_chinese
Successfully installed rouge_chinese-1.0.3
Looking in links: /cvmfs/soft.computecanada.ca/custom/python/wheelhouse/gentoo2023/x86-64-v3, /cvmfs/soft.computecanada.ca/custom/python/wheelhouse/gentoo2023/generic, /cvmfs/soft.computecanada.ca/custom/python/wheelhouse/generic
Processing /cvmfs/soft.computecanada.ca/custom/python/wheelhouse/generic/rouge_score-0.1.2+computecanada-py3-none-any.whl
Processing /cvmfs/soft.computecanada.ca/custom/python/wheelhouse/generic/absl_py-2.5.0+computecanada-py3-none-any.whl (from rouge_score)
Requirement already satisfied: nltk in /tmp/env/lib/python3.11/site-packages (from rouge_score) (3.10.3)
Requirement already satisfied: numpy in /tmp/env/lib/python3.11/site-packages (from rouge_score) (2.4.2+computecanada)
Requirement already satisfied: six>=1.14.0 in /tmp/env/lib/python3.11/site-packages (from rouge_score) (1.17.0+computecanada)
Requirement already satisfied: defusedxml in /tmp/env/lib/python3.11/site-packages (from nltk->rouge_score) (0.7.1+computecanada)
Requirement already satisfied: click in /tmp/env/lib/python3.11/site-packages (from nltk->rouge_score) (8.5.0+computecanada)
Requirement already satisfied: joblib in /tmp/env/lib/python3.11/site-packages (from nltk->rouge_score) (1.6.0)
Requirement already satisfied: regex>=2021.8.3 in /tmp/env/lib/python3.11/site-packages (from nltk->rouge_score) (2026.1.15+computecanada)
Requirement already satisfied: tqdm in /tmp/env/lib/python3.11/site-packages (from nltk->rouge_score) (4.70.0+computecanada)
Requirement already satisfied: cloudpickle>=3.0 in /tmp/env/lib/python3.11/site-packages (from joblib->nltk->rouge_score) (3.1.2+computecanada)
Installing collected packages: absl-py, rouge_score

Successfully installed absl-py-2.5.0+computecanada rouge_score-0.1.2+computecanada
Looking in links: /cvmfs/soft.computecanada.ca/custom/python/wheelhouse/gentoo2023/x86-64-v3, /cvmfs/soft.computecanada.ca/custom/python/wheelhouse/gentoo2023/generic, /cvmfs/soft.computecanada.ca/custom/python/wheelhouse/generic
Processing /cvmfs/soft.computecanada.ca/custom/python/wheelhouse/generic/sacrebleu-2.6.0+computecanada-py3-none-any.whl
Processing /cvmfs/soft.computecanada.ca/custom/python/wheelhouse/generic/portalocker-4.3.0+computecanada-py3-none-any.whl (from sacrebleu)
Requirement already satisfied: regex in /tmp/env/lib/python3.11/site-packages (from sacrebleu) (2026.1.15+computecanada)
Processing /cvmfs/soft.computecanada.ca/custom/python/wheelhouse/generic/tabulate-0.10.0+computecanada-py3-none-any.whl (from sacrebleu)
Requirement already satisfied: numpy>=1.17 in /tmp/env/lib/python3.11/site-packages (from sacrebleu) (2.4.2+computecanada)
Processing /cvmfs/soft.computecanada.ca/custom/python/wheelhouse/generic/colorama-0.4.6+computecanada-py2.py3-none-any.whl (from sacrebleu)
Requirement already satisfied: lxml in /tmp/env/lib/python3.11/site-packages (from sacrebleu) (6.1.1+computecanada)
Installing collected packages: tabulate, portalocker, colorama, sacrebleu

Successfully installed colorama-0.4.6+computecanada portalocker-4.3.0+computecanada sacrebleu-2.6.0+computecanada tabulate-0.10.0+computecanada
Looking in links: /cvmfs/soft.computecanada.ca/custom/python/wheelhouse/gentoo2023/x86-64-v3, /cvmfs/soft.computecanada.ca/custom/python/wheelhouse/gentoo2023/generic, /cvmfs/soft.computecanada.ca/custom/python/wheelhouse/generic
Processing /cvmfs/soft.computecanada.ca/custom/python/wheelhouse/gentoo2023/generic/tensorflow-2.19.1+computecanada-cp311-cp311-linux_x86_64.whl
Requirement already satisfied: absl-py>=1.0.0 in /tmp/env/lib/python3.11/site-packages (from tensorflow) (2.5.0+computecanada)
Processing /cvmfs/soft.computecanada.ca/custom/python/wheelhouse/generic/astunparse-1.6.3+computecanada-py2.py3-none-any.whl (from tensorflow)
Processing /cvmfs/soft.computecanada.ca/custom/python/wheelhouse/generic/flatbuffers-25.12.19+computecanada-py2.py3-none-any.whl (from tensorflow)
Processing /cvmfs/soft.computecanada.ca/custom/python/wheelhouse/generic/gast-0.7.0+computecanada-py3-none-any.whl (from tensorflow)
Processing /cvmfs/soft.computecanada.ca/custom/python/wheelhouse/generic/google_pasta-0.2.0+computecanada-py3-none-any.whl (from tensorflow)
Processing /cvmfs/soft.computecanada.ca/custom/python/wheelhouse/generic/libclang-14.0.1+computecanada-py2.py3-none-linux_x86_64.whl (from tensorflow)
Processing /cvmfs/soft.computecanada.ca/custom/python/wheelhouse/generic/opt_einsum-3.4.0+computecanada-py3-none-any.whl (from tensorflow)
Requirement already satisfied: packaging in /tmp/env/lib/python3.11/site-packages (from tensorflow) (26.3+computecanada)
Processing /cvmfs/soft.computecanada.ca/custom/python/wheelhouse/gentoo2023/x86-64-v3/protobuf-5.29.6+computecanada-cp311-cp311-linux_x86_64.whl (from tensorflow)
Requirement already satisfied: requests<3,>=2.21.0 in /tmp/env/lib/python3.11/site-packages (from tensorflow) (2.34.2+computecanada)
Requirement already satisfied: setuptools in /tmp/env/lib/python3.11/site-packages (from tensorflow) (80.9.0+computecanada)
Requirement already satisfied: six>=1.12.0 in /tmp/env/lib/python3.11/site-packages (from tensorflow) (1.17.0+computecanada)
Processing /cvmfs/soft.computecanada.ca/custom/python/wheelhouse/generic/termcolor-3.3.0+computecanada-py3-none-any.whl (from tensorflow)
Requirement already satisfied: typing-extensions>=3.6.6 in /tmp/env/lib/python3.11/site-packages (from tensorflow) (4.16.0+computecanada)
Processing /cvmfs/soft.computecanada.ca/custom/python/wheelhouse/generic/wrapt-2.4.0+computecanada-cp311-cp311-linux_x86_64.whl (from tensorflow)
Processing /cvmfs/soft.computecanada.ca/custom/python/wheelhouse/generic/grpcio-1.82.1+computecanada-cp311-cp311-linux_x86_64.whl (from tensorflow)
Processing /cvmfs/soft.computecanada.ca/custom/python/wheelhouse/generic/tensorboard-2.19.0+computecanada-py3-none-any.whl (from tensorflow)
Collecting keras>=3.5.0 (from tensorflow)
  Using cached keras-3.15.1-py3-none-any.whl.metadata (6.4 kB)
Processing /cvmfs/soft.computecanada.ca/custom/python/wheelhouse/gentoo2023/generic/numpy-2.1.1+computecanada-cp311-cp311-linux_x86_64.whl (from tensorflow)
Processing /cvmfs/soft.computecanada.ca/custom/python/wheelhouse/gentoo2023/x86-64-v3/h5py-3.16.0+computecanada-cp311-cp311-linux_x86_64.whl (from tensorflow)
Processing /cvmfs/soft.computecanada.ca/custom/python/wheelhouse/gentoo2023/generic/ml_dtypes-0.5.4+computecanada-cp311-cp311-linux_x86_64.whl (from tensorflow)
Processing /cvmfs/soft.computecanada.ca/custom/python/wheelhouse/generic/tensorflow_io_gcs_filesystem-0.32.0+computecanada-cp311-cp311-linux_x86_64.whl (from tensorflow)
Requirement already satisfied: charset_normalizer<4,>=2 in /tmp/env/lib/python3.11/site-packages (from requests<3,>=2.21.0->tensorflow) (3.5.1)
Requirement already satisfied: idna<4,>=2.5 in /tmp/env/lib/python3.11/site-packages (from requests<3,>=2.21.0->tensorflow) (2.10+computecanada)
Requirement already satisfied: urllib3<3,>=1.26 in /tmp/env/lib/python3.11/site-packages (from requests<3,>=2.21.0->tensorflow) (2.7.0+computecanada)
Requirement already satisfied: certifi>=2023.5.7 in /tmp/env/lib/python3.11/site-packages (from requests<3,>=2.21.0->tensorflow) (2026.7.22)
Processing /cvmfs/soft.computecanada.ca/custom/python/wheelhouse/generic/markdown-3.10.3+computecanada-py3-none-any.whl (from tensorboard~=2.19.0->tensorflow)
Processing /cvmfs/soft.computecanada.ca/custom/python/wheelhouse/generic/tensorboard_data_server-0.7.2+computecanada-py3-none-linux_x86_64.whl (from tensorboard~=2.19.0->tensorflow)
Processing /cvmfs/soft.computecanada.ca/custom/python/wheelhouse/generic/werkzeug-3.1.8+computecanada-py3-none-any.whl (from tensorboard~=2.19.0->tensorflow)
Requirement already satisfied: wheel<1.0,>=0.23.0 in /tmp/env/lib/python3.11/site-packages (from astunparse>=1.6.0->tensorflow) (0.48.0)
Processing /cvmfs/soft.computecanada.ca/custom/python/wheelhouse/generic/rich-15.0.0+computecanada-py3-none-any.whl (from keras>=3.5.0->tensorflow)
Processing /cvmfs/soft.computecanada.ca/custom/python/wheelhouse/generic/namex-0.1.0+computecanada-py3-none-any.whl (from keras>=3.5.0->tensorflow)
Processing /cvmfs/soft.computecanada.ca/custom/python/wheelhouse/gentoo2023/generic/optree-0.18.0+computecanada-cp311-cp311-linux_x86_64.whl (from keras>=3.5.0->tensorflow)
Requirement already satisfied: markupsafe>=2.1.1 in /tmp/env/lib/python3.11/site-packages (from werkzeug>=1.0.1->tensorboard~=2.19.0->tensorflow) (3.0.3+computecanada)
Processing /cvmfs/soft.computecanada.ca/custom/python/wheelhouse/generic/markdown_it_py-4.2.0+computecanada-py3-none-any.whl (from rich->keras>=3.5.0->tensorflow)
Processing /cvmfs/soft.computecanada.ca/custom/python/wheelhouse/generic/pygments-2.21.0+computecanada-py3-none-any.whl (from rich->keras>=3.5.0->tensorflow)
Processing /cvmfs/soft.computecanada.ca/custom/python/wheelhouse/generic/mdurl-0.1.2+computecanada-py3-none-any.whl (from markdown-it-py>=2.2.0->rich->keras>=3.5.0->tensorflow)
Using cached keras-3.15.1-py3-none-any.whl (2.4 MB)
Installing collected packages: namex, libclang, flatbuffers, wrapt, werkzeug, termcolor, tensorflow-io-gcs-filesystem, tensorboard-data-server, pygments, protobuf, optree, opt-einsum, numpy, mdurl, markdown, grpcio, google-pasta, gast, tensorboard, ml-dtypes, markdown-it-py, h5py, astunparse, rich, keras, tensorflow
  Attempting uninstall: numpy
    Found existing installation: numpy 2.4.2+computecanada
    Uninstalling numpy-2.4.2+computecanada:
      Successfully uninstalled numpy-2.4.2+computecanada

Successfully installed astunparse-1.6.3+computecanada flatbuffers-25.12.19+computecanada gast-0.7.0+computecanada google-pasta-0.2.0+computecanada grpcio-1.82.1+computecanada h5py-3.16.0+computecanada keras-3.15.1 libclang-14.0.1+computecanada markdown-3.10.3+computecanada markdown-it-py-4.2.0+computecanada mdurl-0.1.2+computecanada ml-dtypes-0.5.4+computecanada namex-0.1.0+computecanada numpy-2.1.1+computecanada opt-einsum-3.4.0+computecanada optree-0.18.0+computecanada protobuf-5.29.6+computecanada pygments-2.21.0+computecanada rich-15.0.0+computecanada tensorboard-2.19.0+computecanada tensorboard-data-server-0.7.2+computecanada tensorflow-2.19.1+computecanada tensorflow-io-gcs-filesystem-0.32.0+computecanada termcolor-3.3.0+computecanada werkzeug-3.1.8+computecanada wrapt-2.4.0+computecanada
Looking in links: /cvmfs/soft.computecanada.ca/custom/python/wheelhouse/gentoo2023/x86-64-v3, /cvmfs/soft.computecanada.ca/custom/python/wheelhouse/gentoo2023/generic, /cvmfs/soft.computecanada.ca/custom/python/wheelhouse/generic
Collecting timm
  Using cached timm-1.0.29-py3-none-any.whl.metadata (43 kB)
Requirement already satisfied: torch in /tmp/env/lib/python3.11/site-packages (from timm) (2.14.0+computecanada)
Requirement already satisfied: torchvision in /tmp/env/lib/python3.11/site-packages (from timm) (0.29.0+computecanada)
Requirement already satisfied: pyyaml in /tmp/env/lib/python3.11/site-packages (from timm) (6.0.3+computecanada)
Requirement already satisfied: huggingface_hub in /tmp/env/lib/python3.11/site-packages (from timm) (1.30.0+computecanada)
Processing /cvmfs/soft.computecanada.ca/custom/python/wheelhouse/gentoo2023/generic/safetensors-0.8.0+computecanada-cp310-abi3-linux_x86_64.whl (from timm)
Requirement already satisfied: click<9.0.0,>=8.4.2 in /tmp/env/lib/python3.11/site-packages (from huggingface_hub->timm) (8.5.0+computecanada)
Requirement already satisfied: filelock>=3.10.0 in /tmp/env/lib/python3.11/site-packages (from huggingface_hub->timm) (3.32.6)
Requirement already satisfied: fsspec>=2023.5.0 in /tmp/env/lib/python3.11/site-packages (from huggingface_hub->timm) (2026.7.0+computecanada)
Requirement already satisfied: hf-xet<2.0.0,>=1.5.2 in /tmp/env/lib/python3.11/site-packages (from huggingface_hub->timm) (1.6.0+computecanada)
Processing /cvmfs/soft.computecanada.ca/custom/python/wheelhouse/generic/httpx-0.28.1+computecanada-py3-none-any.whl (from huggingface_hub->timm)
Requirement already satisfied: packaging>=20.9 in /tmp/env/lib/python3.11/site-packages (from huggingface_hub->timm) (26.3+computecanada)
Requirement already satisfied: tqdm>=4.42.1 in /tmp/env/lib/python3.11/site-packages (from huggingface_hub->timm) (4.70.0+computecanada)
Requirement already satisfied: typing-extensions>=4.1.0 in /tmp/env/lib/python3.11/site-packages (from huggingface_hub->timm) (4.16.0+computecanada)
Requirement already satisfied: anyio in /tmp/env/lib/python3.11/site-packages (from httpx<1,>=0.23.0->huggingface_hub->timm) (4.15.1)
Requirement already satisfied: certifi in /tmp/env/lib/python3.11/site-packages (from httpx<1,>=0.23.0->huggingface_hub->timm) (2026.7.22)
Processing /cvmfs/soft.computecanada.ca/custom/python/wheelhouse/generic/httpcore-1.0.9+computecanada-py3-none-any.whl (from httpx<1,>=0.23.0->huggingface_hub->timm)
Requirement already satisfied: idna in /tmp/env/lib/python3.11/site-packages (from httpx<1,>=0.23.0->huggingface_hub->timm) (2.10+computecanada)
Processing /cvmfs/soft.computecanada.ca/custom/python/wheelhouse/generic/h11-0.16.0+computecanada-py3-none-any.whl (from httpcore==1.*->httpx<1,>=0.23.0->huggingface_hub->timm)
Requirement already satisfied: setuptools>=77.0.3 in /tmp/env/lib/python3.11/site-packages (from torch->timm) (80.9.0+computecanada)
Requirement already satisfied: sympy>=1.13.3 in /tmp/env/lib/python3.11/site-packages (from torch->timm) (1.14.0+computecanada)
Requirement already satisfied: networkx>=2.5.1 in /tmp/env/lib/python3.11/site-packages (from torch->timm) (3.6.1+computecanada)
Requirement already satisfied: jinja2 in /tmp/env/lib/python3.11/site-packages (from torch->timm) (3.1.6+computecanada)
Requirement already satisfied: mpmath<1.4,>=1.1.0 in /tmp/env/lib/python3.11/site-packages (from sympy>=1.13.3->torch->timm) (1.3.0+computecanada)
Requirement already satisfied: MarkupSafe>=2.0 in /tmp/env/lib/python3.11/site-packages (from jinja2->torch->timm) (3.0.3+computecanada)
Requirement already satisfied: numpy in /tmp/env/lib/python3.11/site-packages (from torchvision->timm) (2.1.1+computecanada)
Requirement already satisfied: pillow-simd!=8.3.*,>=5.3.0 in /tmp/env/lib/python3.11/site-packages (from torchvision->timm) (9.5.0.post2+computecanada)
Using cached timm-1.0.29-py3-none-any.whl (2.6 MB)
Installing collected packages: safetensors, h11, httpcore, httpx, timm
  Attempting uninstall: h11
    Found existing installation: h11 0.9.0
    Uninstalling h11-0.9.0:
      Successfully uninstalled h11-0.9.0
  Attempting uninstall: httpcore
    Found existing installation: httpcore 0.9.1
    Uninstalling httpcore-0.9.1:
      Successfully uninstalled httpcore-0.9.1
  Attempting uninstall: httpx
    Found existing installation: httpx 0.13.3
    Uninstalling httpx-0.13.3:
      Successfully uninstalled httpx-0.13.3

Successfully installed h11-0.16.0+computecanada httpcore-1.0.9+computecanada httpx-0.28.1+computecanada safetensors-0.8.0+computecanada timm-1.0.29
Looking in links: /cvmfs/soft.computecanada.ca/custom/python/wheelhouse/gentoo2023/x86-64-v3, /cvmfs/soft.computecanada.ca/custom/python/wheelhouse/gentoo2023/generic, /cvmfs/soft.computecanada.ca/custom/python/wheelhouse/generic
Processing /cvmfs/soft.computecanada.ca/custom/python/wheelhouse/generic/umap_learn-0.5.12+computecanada-py3-none-any.whl
Requirement already satisfied: numpy>=1.23 in /tmp/env/lib/python3.11/site-packages (from umap-learn) (2.1.1+computecanada)
Processing /cvmfs/soft.computecanada.ca/custom/python/wheelhouse/gentoo2023/generic/scipy-1.17.1+computecanada-cp311-cp311-linux_x86_64.whl (from umap-learn)
Processing /cvmfs/soft.computecanada.ca/custom/python/wheelhouse/gentoo2023/generic/scikit_learn-1.8.0+computecanada-cp311-cp311-linux_x86_64.whl (from umap-learn)
Processing /cvmfs/soft.computecanada.ca/custom/python/wheelhouse/gentoo2023/generic/numba-0.65.1+computecanada-cp311-cp311-linux_x86_64.whl (from umap-learn)
Processing /cvmfs/soft.computecanada.ca/custom/python/wheelhouse/generic/pynndescent-0.6.0+computecanada-py3-none-any.whl (from umap-learn)
Requirement already satisfied: tqdm in /tmp/env/lib/python3.11/site-packages (from umap-learn) (4.70.0+computecanada)
Processing /cvmfs/soft.computecanada.ca/custom/python/wheelhouse/gentoo2023/x86-64-v3/llvmlite-0.47.0+computecanada-cp311-cp311-linux_x86_64.whl (from numba>=0.51.2->umap-learn)
Requirement already satisfied: joblib>=0.11 in /tmp/env/lib/python3.11/site-packages (from pynndescent>=0.5->umap-learn) (1.6.0)
Requirement already satisfied: cloudpickle>=3.0 in /tmp/env/lib/python3.11/site-packages (from joblib>=0.11->pynndescent>=0.5->umap-learn) (3.1.2+computecanada)
Processing /cvmfs/soft.computecanada.ca/custom/python/wheelhouse/generic/threadpoolctl-3.6.0+computecanada-py3-none-any.whl (from scikit-learn>=1.6->umap-learn)
Installing collected packages: threadpoolctl, scipy, llvmlite, scikit-learn, numba, pynndescent, umap-learn

Successfully installed llvmlite-0.47.0+computecanada numba-0.65.1+computecanada pynndescent-0.6.0+computecanada scikit-learn-1.8.0+computecanada scipy-1.17.1+computecanada threadpoolctl-3.6.0+computecanada umap-learn-0.5.12+computecanada
Looking in links: /cvmfs/soft.computecanada.ca/custom/python/wheelhouse/gentoo2023/x86-64-v3, /cvmfs/soft.computecanada.ca/custom/python/wheelhouse/gentoo2023/generic, /cvmfs/soft.computecanada.ca/custom/python/wheelhouse/generic
Collecting ema-pytorch
  Using cached ema_pytorch-0.8.3-py3-none-any.whl.metadata (8.0 kB)
Requirement already satisfied: torch>=2.0 in /tmp/env/lib/python3.11/site-packages (from ema-pytorch) (2.14.0+computecanada)
Requirement already satisfied: filelock in /tmp/env/lib/python3.11/site-packages (from torch>=2.0->ema-pytorch) (3.32.6)
Requirement already satisfied: typing-extensions>=4.10.0 in /tmp/env/lib/python3.11/site-packages (from torch>=2.0->ema-pytorch) (4.16.0+computecanada)
Requirement already satisfied: setuptools>=77.0.3 in /tmp/env/lib/python3.11/site-packages (from torch>=2.0->ema-pytorch) (80.9.0+computecanada)
Requirement already satisfied: sympy>=1.13.3 in /tmp/env/lib/python3.11/site-packages (from torch>=2.0->ema-pytorch) (1.14.0+computecanada)
Requirement already satisfied: networkx>=2.5.1 in /tmp/env/lib/python3.11/site-packages (from torch>=2.0->ema-pytorch) (3.6.1+computecanada)
Requirement already satisfied: jinja2 in /tmp/env/lib/python3.11/site-packages (from torch>=2.0->ema-pytorch) (3.1.6+computecanada)
Requirement already satisfied: fsspec>=0.8.5 in /tmp/env/lib/python3.11/site-packages (from torch>=2.0->ema-pytorch) (2026.7.0+computecanada)
Requirement already satisfied: mpmath<1.4,>=1.1.0 in /tmp/env/lib/python3.11/site-packages (from sympy>=1.13.3->torch>=2.0->ema-pytorch) (1.3.0+computecanada)
Requirement already satisfied: MarkupSafe>=2.0 in /tmp/env/lib/python3.11/site-packages (from jinja2->torch>=2.0->ema-pytorch) (3.0.3+computecanada)
Using cached ema_pytorch-0.8.3-py3-none-any.whl (16 kB)
Installing collected packages: ema-pytorch
Successfully installed ema-pytorch-0.8.3
Looking in links: /cvmfs/soft.computecanada.ca/custom/python/wheelhouse/gentoo2023/x86-64-v3, /cvmfs/soft.computecanada.ca/custom/python/wheelhouse/gentoo2023/generic, /cvmfs/soft.computecanada.ca/custom/python/wheelhouse/generic
Collecting git+https://github.com/huggingface/transformers.git
  Cloning https://github.com/huggingface/transformers.git to /tmp/pip-req-build-p1sfioj_
  Resolved https://github.com/huggingface/transformers.git to commit e71d8c53973f2b720c97ddcef0b038c18ec19e9f
  Installing build dependencies: started
  Installing build dependencies: finished with status 'done'
  Getting requirements to build wheel: started
  Getting requirements to build wheel: finished with status 'done'
  Preparing metadata (pyproject.toml): started
  Preparing metadata (pyproject.toml): finished with status 'done'
Requirement already satisfied: huggingface-hub<2.0,>=1.5.0 in /tmp/env/lib/python3.11/site-packages (from transformers==5.18.0.dev0) (1.30.0+computecanada)
Requirement already satisfied: numpy>=1.17 in /tmp/env/lib/python3.11/site-packages (from transformers==5.18.0.dev0) (2.1.1+computecanada)
Requirement already satisfied: packaging>=20.0 in /tmp/env/lib/python3.11/site-packages (from transformers==5.18.0.dev0) (26.3+computecanada)
Requirement already satisfied: pyyaml>=5.1 in /tmp/env/lib/python3.11/site-packages (from transformers==5.18.0.dev0) (6.0.3+computecanada)
Requirement already satisfied: regex>=2025.10.22 in /tmp/env/lib/python3.11/site-packages (from transformers==5.18.0.dev0) (2026.1.15+computecanada)
Collecting tokenizers<0.24.0,>=0.23.1 (from transformers==5.18.0.dev0)
  Using cached tokenizers-0.23.2-cp310-abi3-linux_x86_64.whl
Collecting typer (from transformers==5.18.0.dev0)
  Using cached typer-0.27.2-py3-none-any.whl.metadata (16 kB)
Requirement already satisfied: safetensors>=0.8.0 in /tmp/env/lib/python3.11/site-packages (from transformers==5.18.0.dev0) (0.8.0+computecanada)
Requirement already satisfied: tqdm>=4.60 in /tmp/env/lib/python3.11/site-packages (from transformers==5.18.0.dev0) (4.70.0+computecanada)
Requirement already satisfied: click<9.0.0,>=8.4.2 in /tmp/env/lib/python3.11/site-packages (from huggingface-hub<2.0,>=1.5.0->transformers==5.18.0.dev0) (8.5.0+computecanada)
Requirement already satisfied: filelock>=3.10.0 in /tmp/env/lib/python3.11/site-packages (from huggingface-hub<2.0,>=1.5.0->transformers==5.18.0.dev0) (3.32.6)
Requirement already satisfied: fsspec>=2023.5.0 in /tmp/env/lib/python3.11/site-packages (from huggingface-hub<2.0,>=1.5.0->transformers==5.18.0.dev0) (2026.7.0+computecanada)
Requirement already satisfied: hf-xet<2.0.0,>=1.5.2 in /tmp/env/lib/python3.11/site-packages (from huggingface-hub<2.0,>=1.5.0->transformers==5.18.0.dev0) (1.6.0+computecanada)
Requirement already satisfied: httpx<1,>=0.23.0 in /tmp/env/lib/python3.11/site-packages (from huggingface-hub<2.0,>=1.5.0->transformers==5.18.0.dev0) (0.28.1+computecanada)
Requirement already satisfied: typing-extensions>=4.1.0 in /tmp/env/lib/python3.11/site-packages (from huggingface-hub<2.0,>=1.5.0->transformers==5.18.0.dev0) (4.16.0+computecanada)
Requirement already satisfied: anyio in /tmp/env/lib/python3.11/site-packages (from httpx<1,>=0.23.0->huggingface-hub<2.0,>=1.5.0->transformers==5.18.0.dev0) (4.15.1)
Requirement already satisfied: certifi in /tmp/env/lib/python3.11/site-packages (from httpx<1,>=0.23.0->huggingface-hub<2.0,>=1.5.0->transformers==5.18.0.dev0) (2026.7.22)
Requirement already satisfied: httpcore==1.* in /tmp/env/lib/python3.11/site-packages (from httpx<1,>=0.23.0->huggingface-hub<2.0,>=1.5.0->transformers==5.18.0.dev0) (1.0.9+computecanada)
Requirement already satisfied: idna in /tmp/env/lib/python3.11/site-packages (from httpx<1,>=0.23.0->huggingface-hub<2.0,>=1.5.0->transformers==5.18.0.dev0) (2.10+computecanada)
Requirement already satisfied: h11>=0.16 in /tmp/env/lib/python3.11/site-packages (from httpcore==1.*->httpx<1,>=0.23.0->huggingface-hub<2.0,>=1.5.0->transformers==5.18.0.dev0) (0.16.0+computecanada)
Processing /cvmfs/soft.computecanada.ca/custom/python/wheelhouse/generic/shellingham-1.5.4+computecanada-py2.py3-none-any.whl (from typer->transformers==5.18.0.dev0)
Requirement already satisfied: rich>=13.8.0 in /tmp/env/lib/python3.11/site-packages (from typer->transformers==5.18.0.dev0) (15.0.0+computecanada)
Processing /cvmfs/soft.computecanada.ca/custom/python/wheelhouse/generic/annotated_doc-0.0.5+computecanada-py3-none-any.whl (from typer->transformers==5.18.0.dev0)
Requirement already satisfied: markdown-it-py>=2.2.0 in /tmp/env/lib/python3.11/site-packages (from rich>=13.8.0->typer->transformers==5.18.0.dev0) (4.2.0+computecanada)
Requirement already satisfied: pygments<3.0.0,>=2.13.0 in /tmp/env/lib/python3.11/site-packages (from rich>=13.8.0->typer->transformers==5.18.0.dev0) (2.21.0+computecanada)
Requirement already satisfied: mdurl~=0.1 in /tmp/env/lib/python3.11/site-packages (from markdown-it-py>=2.2.0->rich>=13.8.0->typer->transformers==5.18.0.dev0) (0.1.2+computecanada)
Using cached typer-0.27.2-py3-none-any.whl (123 kB)
Building wheels for collected packages: transformers
  Building wheel for transformers (pyproject.toml): started
  Building wheel for transformers (pyproject.toml): finished with status 'done'
  Created wheel for transformers: filename=transformers-5.18.0.dev0-py3-none-any.whl size=13548881 sha256=70869c9dabacdf5f4292f03d9d8cc918b41b6cd1895801be0784059b81d4f61f
  Stored in directory: /tmp/pip-ephem-wheel-cache-n3aet58n/wheels/32/4b/78/f195c684dd3a9ed21f3b39fe8f85b48df7918581b6437be143
Successfully built transformers
Installing collected packages: shellingham, annotated-doc, typer, tokenizers, transformers

Successfully installed annotated-doc-0.0.5+computecanada shellingham-1.5.4+computecanada tokenizers-0.23.2 transformers-5.18.0.dev0 typer-0.27.2
Looking in links: /cvmfs/soft.computecanada.ca/custom/python/wheelhouse/gentoo2023/x86-64-v3, /cvmfs/soft.computecanada.ca/custom/python/wheelhouse/gentoo2023/generic, /cvmfs/soft.computecanada.ca/custom/python/wheelhouse/generic
Collecting git+https://github.com/huggingface/peft.git
  Cloning https://github.com/huggingface/peft.git to /tmp/pip-req-build-9en06diy
  Resolved https://github.com/huggingface/peft.git to commit 279fccce200686af324611d7c49e3adab60485e1
  Installing build dependencies: started
  Installing build dependencies: finished with status 'done'
  Getting requirements to build wheel: started
  Getting requirements to build wheel: finished with status 'done'
  Preparing metadata (pyproject.toml): started
  Preparing metadata (pyproject.toml): finished with status 'done'
Requirement already satisfied: numpy>=1.17 in /tmp/env/lib/python3.11/site-packages (from peft==0.20.1.dev0) (2.1.1+computecanada)
Requirement already satisfied: packaging>=20.0 in /tmp/env/lib/python3.11/site-packages (from peft==0.20.1.dev0) (26.3+computecanada)
Requirement already satisfied: psutil in /tmp/env/lib/python3.11/site-packages (from peft==0.20.1.dev0) (7.2.2+computecanada)
Requirement already satisfied: pyyaml in /tmp/env/lib/python3.11/site-packages (from peft==0.20.1.dev0) (6.0.3+computecanada)
Requirement already satisfied: torch>=1.13.0 in /tmp/env/lib/python3.11/site-packages (from peft==0.20.1.dev0) (2.14.0+computecanada)
Requirement already satisfied: transformers in /tmp/env/lib/python3.11/site-packages (from peft==0.20.1.dev0) (5.18.0.dev0)
Requirement already satisfied: tqdm in /tmp/env/lib/python3.11/site-packages (from peft==0.20.1.dev0) (4.70.0+computecanada)
Collecting accelerate>=0.21.0 (from peft==0.20.1.dev0)
  Using cached accelerate-1.15.0-py3-none-any.whl.metadata (19 kB)
Requirement already satisfied: safetensors in /tmp/env/lib/python3.11/site-packages (from peft==0.20.1.dev0) (0.8.0+computecanada)
Requirement already satisfied: huggingface_hub>=0.25.0 in /tmp/env/lib/python3.11/site-packages (from peft==0.20.1.dev0) (1.30.0+computecanada)
Requirement already satisfied: click<9.0.0,>=8.4.2 in /tmp/env/lib/python3.11/site-packages (from huggingface_hub>=0.25.0->peft==0.20.1.dev0) (8.5.0+computecanada)
Requirement already satisfied: filelock>=3.10.0 in /tmp/env/lib/python3.11/site-packages (from huggingface_hub>=0.25.0->peft==0.20.1.dev0) (3.32.6)
Requirement already satisfied: fsspec>=2023.5.0 in /tmp/env/lib/python3.11/site-packages (from huggingface_hub>=0.25.0->peft==0.20.1.dev0) (2026.7.0+computecanada)
Requirement already satisfied: hf-xet<2.0.0,>=1.5.2 in /tmp/env/lib/python3.11/site-packages (from huggingface_hub>=0.25.0->peft==0.20.1.dev0) (1.6.0+computecanada)
Requirement already satisfied: httpx<1,>=0.23.0 in /tmp/env/lib/python3.11/site-packages (from huggingface_hub>=0.25.0->peft==0.20.1.dev0) (0.28.1+computecanada)
Requirement already satisfied: typing-extensions>=4.1.0 in /tmp/env/lib/python3.11/site-packages (from huggingface_hub>=0.25.0->peft==0.20.1.dev0) (4.16.0+computecanada)
Requirement already satisfied: anyio in /tmp/env/lib/python3.11/site-packages (from httpx<1,>=0.23.0->huggingface_hub>=0.25.0->peft==0.20.1.dev0) (4.15.1)
Requirement already satisfied: certifi in /tmp/env/lib/python3.11/site-packages (from httpx<1,>=0.23.0->huggingface_hub>=0.25.0->peft==0.20.1.dev0) (2026.7.22)
Requirement already satisfied: httpcore==1.* in /tmp/env/lib/python3.11/site-packages (from httpx<1,>=0.23.0->huggingface_hub>=0.25.0->peft==0.20.1.dev0) (1.0.9+computecanada)
Requirement already satisfied: idna in /tmp/env/lib/python3.11/site-packages (from httpx<1,>=0.23.0->huggingface_hub>=0.25.0->peft==0.20.1.dev0) (2.10+computecanada)
Requirement already satisfied: h11>=0.16 in /tmp/env/lib/python3.11/site-packages (from httpcore==1.*->httpx<1,>=0.23.0->huggingface_hub>=0.25.0->peft==0.20.1.dev0) (0.16.0+computecanada)
Requirement already satisfied: setuptools>=77.0.3 in /tmp/env/lib/python3.11/site-packages (from torch>=1.13.0->peft==0.20.1.dev0) (80.9.0+computecanada)
Requirement already satisfied: sympy>=1.13.3 in /tmp/env/lib/python3.11/site-packages (from torch>=1.13.0->peft==0.20.1.dev0) (1.14.0+computecanada)
Requirement already satisfied: networkx>=2.5.1 in /tmp/env/lib/python3.11/site-packages (from torch>=1.13.0->peft==0.20.1.dev0) (3.6.1+computecanada)
Requirement already satisfied: jinja2 in /tmp/env/lib/python3.11/site-packages (from torch>=1.13.0->peft==0.20.1.dev0) (3.1.6+computecanada)
Requirement already satisfied: mpmath<1.4,>=1.1.0 in /tmp/env/lib/python3.11/site-packages (from sympy>=1.13.3->torch>=1.13.0->peft==0.20.1.dev0) (1.3.0+computecanada)
Requirement already satisfied: MarkupSafe>=2.0 in /tmp/env/lib/python3.11/site-packages (from jinja2->torch>=1.13.0->peft==0.20.1.dev0) (3.0.3+computecanada)
Requirement already satisfied: regex>=2025.10.22 in /tmp/env/lib/python3.11/site-packages (from transformers->peft==0.20.1.dev0) (2026.1.15+computecanada)
Requirement already satisfied: tokenizers<0.24.0,>=0.23.1 in /tmp/env/lib/python3.11/site-packages (from transformers->peft==0.20.1.dev0) (0.23.2)
Requirement already satisfied: typer in /tmp/env/lib/python3.11/site-packages (from transformers->peft==0.20.1.dev0) (0.27.2)
Requirement already satisfied: shellingham>=1.3.0 in /tmp/env/lib/python3.11/site-packages (from typer->transformers->peft==0.20.1.dev0) (1.5.4+computecanada)
Requirement already satisfied: rich>=13.8.0 in /tmp/env/lib/python3.11/site-packages (from typer->transformers->peft==0.20.1.dev0) (15.0.0+computecanada)
Requirement already satisfied: annotated-doc>=0.0.2 in /tmp/env/lib/python3.11/site-packages (from typer->transformers->peft==0.20.1.dev0) (0.0.5+computecanada)
Requirement already satisfied: markdown-it-py>=2.2.0 in /tmp/env/lib/python3.11/site-packages (from rich>=13.8.0->typer->transformers->peft==0.20.1.dev0) (4.2.0+computecanada)
Requirement already satisfied: pygments<3.0.0,>=2.13.0 in /tmp/env/lib/python3.11/site-packages (from rich>=13.8.0->typer->transformers->peft==0.20.1.dev0) (2.21.0+computecanada)
Requirement already satisfied: mdurl~=0.1 in /tmp/env/lib/python3.11/site-packages (from markdown-it-py>=2.2.0->rich>=13.8.0->typer->transformers->peft==0.20.1.dev0) (0.1.2+computecanada)
Using cached accelerate-1.15.0-py3-none-any.whl (394 kB)
Building wheels for collected packages: peft
  Building wheel for peft (pyproject.toml): started
  Building wheel for peft (pyproject.toml): finished with status 'done'
  Created wheel for peft: filename=peft-0.20.1.dev0-py3-none-any.whl size=830131 sha256=fe784cc340e642d0f09a1113dc92e81fa7236a324c5bbf3802c42d07ac5e2aa2
  Stored in directory: /tmp/pip-ephem-wheel-cache-gu4cd90i/wheels/42/ec/c4/eb24dac74be83ba2ed4817037a784d1c775e317cb8de69963f
Successfully built peft
Installing collected packages: accelerate, peft

Successfully installed accelerate-1.15.0 peft-0.20.1.dev0
Looking in links: /cvmfs/soft.computecanada.ca/custom/python/wheelhouse/gentoo2023/x86-64-v3, /cvmfs/soft.computecanada.ca/custom/python/wheelhouse/gentoo2023/generic, /cvmfs/soft.computecanada.ca/custom/python/wheelhouse/generic
Processing /cvmfs/soft.computecanada.ca/custom/python/wheelhouse/generic/trl-0.20.0+computecanada-py3-none-any.whl
Requirement already satisfied: accelerate>=1.4.0 in /tmp/env/lib/python3.11/site-packages (from trl==0.20.0) (1.15.0)
Collecting datasets>=3.0.0 (from trl==0.20.0)
  Using cached datasets-5.0.1-py3-none-any.whl.metadata (23 kB)
Requirement already satisfied: transformers>=4.53.2 in /tmp/env/lib/python3.11/site-packages (from trl==0.20.0) (5.18.0.dev0)
Requirement already satisfied: numpy>=1.17 in /tmp/env/lib/python3.11/site-packages (from accelerate>=1.4.0->trl==0.20.0) (2.1.1+computecanada)
Requirement already satisfied: packaging>=20.0 in /tmp/env/lib/python3.11/site-packages (from accelerate>=1.4.0->trl==0.20.0) (26.3+computecanada)
Requirement already satisfied: psutil in /tmp/env/lib/python3.11/site-packages (from accelerate>=1.4.0->trl==0.20.0) (7.2.2+computecanada)
Requirement already satisfied: pyyaml in /tmp/env/lib/python3.11/site-packages (from accelerate>=1.4.0->trl==0.20.0) (6.0.3+computecanada)
Requirement already satisfied: torch>=2.0.0 in /tmp/env/lib/python3.11/site-packages (from accelerate>=1.4.0->trl==0.20.0) (2.14.0+computecanada)
Requirement already satisfied: huggingface_hub>=0.21.0 in /tmp/env/lib/python3.11/site-packages (from accelerate>=1.4.0->trl==0.20.0) (1.30.0+computecanada)
Requirement already satisfied: safetensors>=0.4.3 in /tmp/env/lib/python3.11/site-packages (from accelerate>=1.4.0->trl==0.20.0) (0.8.0+computecanada)
Requirement already satisfied: filelock in /tmp/env/lib/python3.11/site-packages (from datasets>=3.0.0->trl==0.20.0) (3.32.6)
Requirement already satisfied: pyarrow>=21.0.0 in /cvmfs/soft.computecanada.ca/easybuild/software/2023/x86-64-v3/Compiler/gcccore/arrow/23.0.1/lib/python3.11/site-packages (from datasets>=3.0.0->trl==0.20.0) (23.0.1)
Processing /cvmfs/soft.computecanada.ca/custom/python/wheelhouse/generic/dill-0.4.1+computecanada-py3-none-any.whl (from datasets>=3.0.0->trl==0.20.0)
Requirement already satisfied: pandas in /tmp/env/lib/python3.11/site-packages (from datasets>=3.0.0->trl==0.20.0) (3.0.5+computecanada)
Requirement already satisfied: requests>=2.32.2 in /tmp/env/lib/python3.11/site-packages (from datasets>=3.0.0->trl==0.20.0) (2.34.2+computecanada)
Requirement already satisfied: httpx<1.0.0 in /tmp/env/lib/python3.11/site-packages (from datasets>=3.0.0->trl==0.20.0) (0.28.1+computecanada)
Requirement already satisfied: tqdm>=4.66.3 in /tmp/env/lib/python3.11/site-packages (from datasets>=3.0.0->trl==0.20.0) (4.70.0+computecanada)
Requirement already satisfied: xxhash in /tmp/env/lib/python3.11/site-packages (from datasets>=3.0.0->trl==0.20.0) (3.5.0+computecanada)
Processing /cvmfs/soft.computecanada.ca/custom/python/wheelhouse/generic/multiprocess-0.70.19+computecanada-py3-none-any.whl (from datasets>=3.0.0->trl==0.20.0)
Processing /cvmfs/soft.computecanada.ca/custom/python/wheelhouse/generic/fsspec-2026.6.0+computecanada-py3-none-any.whl (from fsspec[http]<=2026.6.0,>=2023.1.0->datasets>=3.0.0->trl==0.20.0)
Requirement already satisfied: aiohttp!=4.0.0a0,!=4.0.0a1 in /tmp/env/lib/python3.11/site-packages (from fsspec[http]<=2026.6.0,>=2023.1.0->datasets>=3.0.0->trl==0.20.0) (3.13.3+computecanada)
Requirement already satisfied: anyio in /tmp/env/lib/python3.11/site-packages (from httpx<1.0.0->datasets>=3.0.0->trl==0.20.0) (4.15.1)
Requirement already satisfied: certifi in /tmp/env/lib/python3.11/site-packages (from httpx<1.0.0->datasets>=3.0.0->trl==0.20.0) (2026.7.22)
Requirement already satisfied: httpcore==1.* in /tmp/env/lib/python3.11/site-packages (from httpx<1.0.0->datasets>=3.0.0->trl==0.20.0) (1.0.9+computecanada)
Requirement already satisfied: idna in /tmp/env/lib/python3.11/site-packages (from httpx<1.0.0->datasets>=3.0.0->trl==0.20.0) (2.10+computecanada)
Requirement already satisfied: h11>=0.16 in /tmp/env/lib/python3.11/site-packages (from httpcore==1.*->httpx<1.0.0->datasets>=3.0.0->trl==0.20.0) (0.16.0+computecanada)
Requirement already satisfied: click<9.0.0,>=8.4.2 in /tmp/env/lib/python3.11/site-packages (from huggingface_hub>=0.21.0->accelerate>=1.4.0->trl==0.20.0) (8.5.0+computecanada)
Requirement already satisfied: hf-xet<2.0.0,>=1.5.2 in /tmp/env/lib/python3.11/site-packages (from huggingface_hub>=0.21.0->accelerate>=1.4.0->trl==0.20.0) (1.6.0+computecanada)
Requirement already satisfied: typing-extensions>=4.1.0 in /tmp/env/lib/python3.11/site-packages (from huggingface_hub>=0.21.0->accelerate>=1.4.0->trl==0.20.0) (4.16.0+computecanada)
Requirement already satisfied: aiohappyeyeballs>=2.5.0 in /tmp/env/lib/python3.11/site-packages (from aiohttp!=4.0.0a0,!=4.0.0a1->fsspec[http]<=2026.6.0,>=2023.1.0->datasets>=3.0.0->trl==0.20.0) (2.7.1+computecanada)
Requirement already satisfied: aiosignal>=1.4.0 in /tmp/env/lib/python3.11/site-packages (from aiohttp!=4.0.0a0,!=4.0.0a1->fsspec[http]<=2026.6.0,>=2023.1.0->datasets>=3.0.0->trl==0.20.0) (1.4.0+computecanada)
Requirement already satisfied: attrs>=17.3.0 in /tmp/env/lib/python3.11/site-packages (from aiohttp!=4.0.0a0,!=4.0.0a1->fsspec[http]<=2026.6.0,>=2023.1.0->datasets>=3.0.0->trl==0.20.0) (26.1.0+computecanada)
Requirement already satisfied: frozenlist>=1.1.1 in /tmp/env/lib/python3.11/site-packages (from aiohttp!=4.0.0a0,!=4.0.0a1->fsspec[http]<=2026.6.0,>=2023.1.0->datasets>=3.0.0->trl==0.20.0) (1.8.0+computecanada)
Requirement already satisfied: multidict<7.0,>=4.5 in /tmp/env/lib/python3.11/site-packages (from aiohttp!=4.0.0a0,!=4.0.0a1->fsspec[http]<=2026.6.0,>=2023.1.0->datasets>=3.0.0->trl==0.20.0) (6.8.0)
Requirement already satisfied: propcache>=0.2.0 in /tmp/env/lib/python3.11/site-packages (from aiohttp!=4.0.0a0,!=4.0.0a1->fsspec[http]<=2026.6.0,>=2023.1.0->datasets>=3.0.0->trl==0.20.0) (0.5.2+computecanada)
Requirement already satisfied: yarl<2.0,>=1.17.0 in /tmp/env/lib/python3.11/site-packages (from aiohttp!=4.0.0a0,!=4.0.0a1->fsspec[http]<=2026.6.0,>=2023.1.0->datasets>=3.0.0->trl==0.20.0) (1.24.5)
Requirement already satisfied: charset_normalizer<4,>=2 in /tmp/env/lib/python3.11/site-packages (from requests>=2.32.2->datasets>=3.0.0->trl==0.20.0) (3.5.1)
Requirement already satisfied: urllib3<3,>=1.26 in /tmp/env/lib/python3.11/site-packages (from requests>=2.32.2->datasets>=3.0.0->trl==0.20.0) (2.7.0+computecanada)
Requirement already satisfied: setuptools>=77.0.3 in /tmp/env/lib/python3.11/site-packages (from torch>=2.0.0->accelerate>=1.4.0->trl==0.20.0) (80.9.0+computecanada)
Requirement already satisfied: sympy>=1.13.3 in /tmp/env/lib/python3.11/site-packages (from torch>=2.0.0->accelerate>=1.4.0->trl==0.20.0) (1.14.0+computecanada)
Requirement already satisfied: networkx>=2.5.1 in /tmp/env/lib/python3.11/site-packages (from torch>=2.0.0->accelerate>=1.4.0->trl==0.20.0) (3.6.1+computecanada)
Requirement already satisfied: jinja2 in /tmp/env/lib/python3.11/site-packages (from torch>=2.0.0->accelerate>=1.4.0->trl==0.20.0) (3.1.6+computecanada)
Requirement already satisfied: mpmath<1.4,>=1.1.0 in /tmp/env/lib/python3.11/site-packages (from sympy>=1.13.3->torch>=2.0.0->accelerate>=1.4.0->trl==0.20.0) (1.3.0+computecanada)
Requirement already satisfied: regex>=2025.10.22 in /tmp/env/lib/python3.11/site-packages (from transformers>=4.53.2->trl==0.20.0) (2026.1.15+computecanada)
Requirement already satisfied: tokenizers<0.24.0,>=0.23.1 in /tmp/env/lib/python3.11/site-packages (from transformers>=4.53.2->trl==0.20.0) (0.23.2)
Requirement already satisfied: typer in /tmp/env/lib/python3.11/site-packages (from transformers>=4.53.2->trl==0.20.0) (0.27.2)
Requirement already satisfied: MarkupSafe>=2.0 in /tmp/env/lib/python3.11/site-packages (from jinja2->torch>=2.0.0->accelerate>=1.4.0->trl==0.20.0) (3.0.3+computecanada)
Requirement already satisfied: python-dateutil>=2.8.2 in /tmp/env/lib/python3.11/site-packages (from pandas->datasets>=3.0.0->trl==0.20.0) (2.9.0.post0+computecanada)
Requirement already satisfied: six>=1.5 in /tmp/env/lib/python3.11/site-packages (from python-dateutil>=2.8.2->pandas->datasets>=3.0.0->trl==0.20.0) (1.17.0+computecanada)
Requirement already satisfied: shellingham>=1.3.0 in /tmp/env/lib/python3.11/site-packages (from typer->transformers>=4.53.2->trl==0.20.0) (1.5.4+computecanada)
Requirement already satisfied: rich>=13.8.0 in /tmp/env/lib/python3.11/site-packages (from typer->transformers>=4.53.2->trl==0.20.0) (15.0.0+computecanada)
Requirement already satisfied: annotated-doc>=0.0.2 in /tmp/env/lib/python3.11/site-packages (from typer->transformers>=4.53.2->trl==0.20.0) (0.0.5+computecanada)
Requirement already satisfied: markdown-it-py>=2.2.0 in /tmp/env/lib/python3.11/site-packages (from rich>=13.8.0->typer->transformers>=4.53.2->trl==0.20.0) (4.2.0+computecanada)
Requirement already satisfied: pygments<3.0.0,>=2.13.0 in /tmp/env/lib/python3.11/site-packages (from rich>=13.8.0->typer->transformers>=4.53.2->trl==0.20.0) (2.21.0+computecanada)
Requirement already satisfied: mdurl~=0.1 in /tmp/env/lib/python3.11/site-packages (from markdown-it-py>=2.2.0->rich>=13.8.0->typer->transformers>=4.53.2->trl==0.20.0) (0.1.2+computecanada)
Using cached datasets-5.0.1-py3-none-any.whl (559 kB)
Installing collected packages: fsspec, dill, multiprocess, datasets, trl
  Attempting uninstall: fsspec
    Found existing installation: fsspec 2026.7.0+computecanada
    Uninstalling fsspec-2026.7.0+computecanada:
      Successfully uninstalled fsspec-2026.7.0+computecanada

Successfully installed datasets-5.0.1 dill-0.4.1+computecanada fsspec-2026.6.0+computecanada multiprocess-0.70.19+computecanada trl-0.20.0+computecanada
Looking in links: /cvmfs/soft.computecanada.ca/custom/python/wheelhouse/gentoo2023/x86-64-v3, /cvmfs/soft.computecanada.ca/custom/python/wheelhouse/gentoo2023/generic, /cvmfs/soft.computecanada.ca/custom/python/wheelhouse/generic
Obtaining file:///project/6101771/ahmedubc/distillation/lm-evaluation-harness
  Installing build dependencies: started
  Installing build dependencies: finished with status 'done'
  Checking if build backend supports build_editable: started
  Checking if build backend supports build_editable: finished with status 'done'
  Getting requirements to build editable: started
  Getting requirements to build editable: finished with status 'done'
  Preparing editable metadata (pyproject.toml): started
  Preparing editable metadata (pyproject.toml): finished with status 'done'
Requirement already satisfied: datasets>=2.16.0 in /tmp/env/lib/python3.11/site-packages (from lm_eval==0.4.14.dev0) (5.0.1)
Requirement already satisfied: numpy in /tmp/env/lib/python3.11/site-packages (from lm_eval==0.4.14.dev0) (2.1.1+computecanada)
Processing /cvmfs/soft.computecanada.ca/custom/python/wheelhouse/generic/evaluate-0.4.6+computecanada-py3-none-any.whl (from lm_eval==0.4.14.dev0)
Requirement already satisfied: jinja2 in /tmp/env/lib/python3.11/site-packages (from lm_eval==0.4.14.dev0) (3.1.6+computecanada)
Processing /cvmfs/soft.computecanada.ca/custom/python/wheelhouse/generic/pytablewriter-1.2.1+computecanada-py3-none-any.whl (from lm_eval==0.4.14.dev0)
Requirement already satisfied: rouge-score>=0.0.4 in /tmp/env/lib/python3.11/site-packages (from lm_eval==0.4.14.dev0) (0.1.2+computecanada)
Requirement already satisfied: sacrebleu>=1.5.0 in /tmp/env/lib/python3.11/site-packages (from lm_eval==0.4.14.dev0) (2.6.0+computecanada)
Requirement already satisfied: scikit-learn>=0.24.1 in /tmp/env/lib/python3.11/site-packages (from lm_eval==0.4.14.dev0) (1.8.0+computecanada)
Processing /cvmfs/soft.computecanada.ca/custom/python/wheelhouse/generic/sqlitedict-2.1.0+computecanada-py3-none-any.whl (from lm_eval==0.4.14.dev0)
Requirement already satisfied: dill in /tmp/env/lib/python3.11/site-packages (from lm_eval==0.4.14.dev0) (0.4.1+computecanada)
Processing /cvmfs/soft.computecanada.ca/custom/python/wheelhouse/generic/word2number-1.1+computecanada-py3-none-any.whl (from lm_eval==0.4.14.dev0)
Processing /cvmfs/soft.computecanada.ca/custom/python/wheelhouse/generic/more_itertools-11.1.0+computecanada-py3-none-any.whl (from lm_eval==0.4.14.dev0)
Requirement already satisfied: typing_extensions in /tmp/env/lib/python3.11/site-packages (from lm_eval==0.4.14.dev0) (4.16.0+computecanada)
Requirement already satisfied: tqdm>=4.59.0 in /tmp/env/lib/python3.11/site-packages (from lm_eval==0.4.14.dev0) (4.70.0+computecanada)
Requirement already satisfied: filelock in /tmp/env/lib/python3.11/site-packages (from datasets>=2.16.0->lm_eval==0.4.14.dev0) (3.32.6)
Requirement already satisfied: pyarrow>=21.0.0 in /cvmfs/soft.computecanada.ca/easybuild/software/2023/x86-64-v3/Compiler/gcccore/arrow/23.0.1/lib/python3.11/site-packages (from datasets>=2.16.0->lm_eval==0.4.14.dev0) (23.0.1)
Requirement already satisfied: pandas in /tmp/env/lib/python3.11/site-packages (from datasets>=2.16.0->lm_eval==0.4.14.dev0) (3.0.5+computecanada)
Requirement already satisfied: requests>=2.32.2 in /tmp/env/lib/python3.11/site-packages (from datasets>=2.16.0->lm_eval==0.4.14.dev0) (2.34.2+computecanada)
Requirement already satisfied: httpx<1.0.0 in /tmp/env/lib/python3.11/site-packages (from datasets>=2.16.0->lm_eval==0.4.14.dev0) (0.28.1+computecanada)
Requirement already satisfied: xxhash in /tmp/env/lib/python3.11/site-packages (from datasets>=2.16.0->lm_eval==0.4.14.dev0) (3.5.0+computecanada)
Requirement already satisfied: multiprocess<0.70.20 in /tmp/env/lib/python3.11/site-packages (from datasets>=2.16.0->lm_eval==0.4.14.dev0) (0.70.19+computecanada)
Requirement already satisfied: fsspec<=2026.6.0,>=2023.1.0 in /tmp/env/lib/python3.11/site-packages (from fsspec[http]<=2026.6.0,>=2023.1.0->datasets>=2.16.0->lm_eval==0.4.14.dev0) (2026.6.0+computecanada)
Requirement already satisfied: huggingface-hub<2.0,>=0.25.0 in /tmp/env/lib/python3.11/site-packages (from datasets>=2.16.0->lm_eval==0.4.14.dev0) (1.30.0+computecanada)
Requirement already satisfied: packaging in /tmp/env/lib/python3.11/site-packages (from datasets>=2.16.0->lm_eval==0.4.14.dev0) (26.3+computecanada)
Requirement already satisfied: pyyaml>=5.1 in /tmp/env/lib/python3.11/site-packages (from datasets>=2.16.0->lm_eval==0.4.14.dev0) (6.0.3+computecanada)
Requirement already satisfied: aiohttp!=4.0.0a0,!=4.0.0a1 in /tmp/env/lib/python3.11/site-packages (from fsspec[http]<=2026.6.0,>=2023.1.0->datasets>=2.16.0->lm_eval==0.4.14.dev0) (3.13.3+computecanada)
Requirement already satisfied: anyio in /tmp/env/lib/python3.11/site-packages (from httpx<1.0.0->datasets>=2.16.0->lm_eval==0.4.14.dev0) (4.15.1)
Requirement already satisfied: certifi in /tmp/env/lib/python3.11/site-packages (from httpx<1.0.0->datasets>=2.16.0->lm_eval==0.4.14.dev0) (2026.7.22)
Requirement already satisfied: httpcore==1.* in /tmp/env/lib/python3.11/site-packages (from httpx<1.0.0->datasets>=2.16.0->lm_eval==0.4.14.dev0) (1.0.9+computecanada)
Requirement already satisfied: idna in /tmp/env/lib/python3.11/site-packages (from httpx<1.0.0->datasets>=2.16.0->lm_eval==0.4.14.dev0) (2.10+computecanada)
Requirement already satisfied: h11>=0.16 in /tmp/env/lib/python3.11/site-packages (from httpcore==1.*->httpx<1.0.0->datasets>=2.16.0->lm_eval==0.4.14.dev0) (0.16.0+computecanada)
Requirement already satisfied: click<9.0.0,>=8.4.2 in /tmp/env/lib/python3.11/site-packages (from huggingface-hub<2.0,>=0.25.0->datasets>=2.16.0->lm_eval==0.4.14.dev0) (8.5.0+computecanada)
Requirement already satisfied: hf-xet<2.0.0,>=1.5.2 in /tmp/env/lib/python3.11/site-packages (from huggingface-hub<2.0,>=0.25.0->datasets>=2.16.0->lm_eval==0.4.14.dev0) (1.6.0+computecanada)
Requirement already satisfied: aiohappyeyeballs>=2.5.0 in /tmp/env/lib/python3.11/site-packages (from aiohttp!=4.0.0a0,!=4.0.0a1->fsspec[http]<=2026.6.0,>=2023.1.0->datasets>=2.16.0->lm_eval==0.4.14.dev0) (2.7.1+computecanada)
Requirement already satisfied: aiosignal>=1.4.0 in /tmp/env/lib/python3.11/site-packages (from aiohttp!=4.0.0a0,!=4.0.0a1->fsspec[http]<=2026.6.0,>=2023.1.0->datasets>=2.16.0->lm_eval==0.4.14.dev0) (1.4.0+computecanada)
Requirement already satisfied: attrs>=17.3.0 in /tmp/env/lib/python3.11/site-packages (from aiohttp!=4.0.0a0,!=4.0.0a1->fsspec[http]<=2026.6.0,>=2023.1.0->datasets>=2.16.0->lm_eval==0.4.14.dev0) (26.1.0+computecanada)
Requirement already satisfied: frozenlist>=1.1.1 in /tmp/env/lib/python3.11/site-packages (from aiohttp!=4.0.0a0,!=4.0.0a1->fsspec[http]<=2026.6.0,>=2023.1.0->datasets>=2.16.0->lm_eval==0.4.14.dev0) (1.8.0+computecanada)
Requirement already satisfied: multidict<7.0,>=4.5 in /tmp/env/lib/python3.11/site-packages (from aiohttp!=4.0.0a0,!=4.0.0a1->fsspec[http]<=2026.6.0,>=2023.1.0->datasets>=2.16.0->lm_eval==0.4.14.dev0) (6.8.0)
Requirement already satisfied: propcache>=0.2.0 in /tmp/env/lib/python3.11/site-packages (from aiohttp!=4.0.0a0,!=4.0.0a1->fsspec[http]<=2026.6.0,>=2023.1.0->datasets>=2.16.0->lm_eval==0.4.14.dev0) (0.5.2+computecanada)
Requirement already satisfied: yarl<2.0,>=1.17.0 in /tmp/env/lib/python3.11/site-packages (from aiohttp!=4.0.0a0,!=4.0.0a1->fsspec[http]<=2026.6.0,>=2023.1.0->datasets>=2.16.0->lm_eval==0.4.14.dev0) (1.24.5)
Requirement already satisfied: charset_normalizer<4,>=2 in /tmp/env/lib/python3.11/site-packages (from requests>=2.32.2->datasets>=2.16.0->lm_eval==0.4.14.dev0) (3.5.1)
Requirement already satisfied: urllib3<3,>=1.26 in /tmp/env/lib/python3.11/site-packages (from requests>=2.32.2->datasets>=2.16.0->lm_eval==0.4.14.dev0) (2.7.0+computecanada)
Requirement already satisfied: absl-py in /tmp/env/lib/python3.11/site-packages (from rouge-score>=0.0.4->lm_eval==0.4.14.dev0) (2.5.0+computecanada)
Requirement already satisfied: nltk in /tmp/env/lib/python3.11/site-packages (from rouge-score>=0.0.4->lm_eval==0.4.14.dev0) (3.10.3)
Requirement already satisfied: six>=1.14.0 in /tmp/env/lib/python3.11/site-packages (from rouge-score>=0.0.4->lm_eval==0.4.14.dev0) (1.17.0+computecanada)
Requirement already satisfied: portalocker in /tmp/env/lib/python3.11/site-packages (from sacrebleu>=1.5.0->lm_eval==0.4.14.dev0) (4.3.0+computecanada)
Requirement already satisfied: regex in /tmp/env/lib/python3.11/site-packages (from sacrebleu>=1.5.0->lm_eval==0.4.14.dev0) (2026.1.15+computecanada)
Requirement already satisfied: tabulate>=0.8.9 in /tmp/env/lib/python3.11/site-packages (from sacrebleu>=1.5.0->lm_eval==0.4.14.dev0) (0.10.0+computecanada)
Requirement already satisfied: colorama in /tmp/env/lib/python3.11/site-packages (from sacrebleu>=1.5.0->lm_eval==0.4.14.dev0) (0.4.6+computecanada)
Requirement already satisfied: lxml in /tmp/env/lib/python3.11/site-packages (from sacrebleu>=1.5.0->lm_eval==0.4.14.dev0) (6.1.1+computecanada)
Requirement already satisfied: scipy>=1.10.0 in /tmp/env/lib/python3.11/site-packages (from scikit-learn>=0.24.1->lm_eval==0.4.14.dev0) (1.17.1+computecanada)
Requirement already satisfied: joblib>=1.3.0 in /tmp/env/lib/python3.11/site-packages (from scikit-learn>=0.24.1->lm_eval==0.4.14.dev0) (1.6.0)
Requirement already satisfied: threadpoolctl>=3.2.0 in /tmp/env/lib/python3.11/site-packages (from scikit-learn>=0.24.1->lm_eval==0.4.14.dev0) (3.6.0+computecanada)
Requirement already satisfied: cloudpickle>=3.0 in /tmp/env/lib/python3.11/site-packages (from joblib>=1.3.0->scikit-learn>=0.24.1->lm_eval==0.4.14.dev0) (3.1.2+computecanada)
Requirement already satisfied: MarkupSafe>=2.0 in /tmp/env/lib/python3.11/site-packages (from jinja2->lm_eval==0.4.14.dev0) (3.0.3+computecanada)
Requirement already satisfied: defusedxml in /tmp/env/lib/python3.11/site-packages (from nltk->rouge-score>=0.0.4->lm_eval==0.4.14.dev0) (0.7.1+computecanada)
Requirement already satisfied: python-dateutil>=2.8.2 in /tmp/env/lib/python3.11/site-packages (from pandas->datasets>=2.16.0->lm_eval==0.4.14.dev0) (2.9.0.post0+computecanada)
Requirement already satisfied: setuptools>=38.3.0 in /tmp/env/lib/python3.11/site-packages (from pytablewriter->lm_eval==0.4.14.dev0) (80.9.0+computecanada)
Collecting DataProperty<2,>=1.1.0 (from pytablewriter->lm_eval==0.4.14.dev0)
  Using cached dataproperty-1.1.1-py3-none-any.whl.metadata (12 kB)
Collecting mbstrdecoder<2,>=1.0.0 (from pytablewriter->lm_eval==0.4.14.dev0)
  Using cached mbstrdecoder-1.1.5-py3-none-any.whl.metadata (4.3 kB)
Processing /cvmfs/soft.computecanada.ca/custom/python/wheelhouse/generic/pathvalidate-3.3.1+computecanada-py3-none-any.whl (from pytablewriter->lm_eval==0.4.14.dev0)
Collecting tabledata<2,>=1.3.1 (from pytablewriter->lm_eval==0.4.14.dev0)
  Using cached tabledata-1.3.5-py3-none-any.whl.metadata (4.0 kB)
Processing /cvmfs/soft.computecanada.ca/custom/python/wheelhouse/generic/tcolorpy-0.1.7+computecanada-py3-none-any.whl (from pytablewriter->lm_eval==0.4.14.dev0)
Collecting typepy<2,>=1.3.2 (from typepy[datetime]<2,>=1.3.2->pytablewriter->lm_eval==0.4.14.dev0)
  Using cached typepy-1.3.5-py3-none-any.whl.metadata (9.6 kB)
Requirement already satisfied: chardet<7,>=3.0.4 in /tmp/env/lib/python3.11/site-packages (from mbstrdecoder<2,>=1.0.0->pytablewriter->lm_eval==0.4.14.dev0) (3.0.4+computecanada)
Collecting pytz>=2018.9 (from typepy[datetime]<2,>=1.3.2->pytablewriter->lm_eval==0.4.14.dev0)
  Using cached pytz-2026.3.post1-py2.py3-none-any.whl.metadata (22 kB)
Using cached dataproperty-1.1.1-py3-none-any.whl (27 kB)
Using cached mbstrdecoder-1.1.5-py3-none-any.whl (8.0 kB)
Using cached tabledata-1.3.5-py3-none-any.whl (11 kB)
Using cached typepy-1.3.5-py3-none-any.whl (31 kB)
Using cached pytz-2026.3.post1-py2.py3-none-any.whl (508 kB)
Building wheels for collected packages: lm_eval
  Building editable for lm_eval (pyproject.toml): started
  Building editable for lm_eval (pyproject.toml): finished with status 'done'
  Created wheel for lm_eval: filename=lm_eval-0.4.14.dev0-0.editable-py3-none-any.whl size=31347 sha256=a7f0ad2fec3952c3d340b5818e7e3ba46cc23df80b3d497b65bd98635719de10
  Stored in directory: /tmp/pip-ephem-wheel-cache-m1n0ognz/wheels/37/37/20/11e548b1cf925813ea11d600037968bde99a97c5489ac2d12f
Successfully built lm_eval
Installing collected packages: word2number, sqlitedict, pytz, tcolorpy, pathvalidate, more_itertools, mbstrdecoder, typepy, DataProperty, tabledata, evaluate, pytablewriter, lm_eval

Successfully installed DataProperty-1.1.1 evaluate-0.4.6+computecanada lm_eval-0.4.14.dev0 mbstrdecoder-1.1.5 more_itertools-11.1.0+computecanada pathvalidate-3.3.1+computecanada pytablewriter-1.2.1+computecanada pytz-2026.3.post1 sqlitedict-2.1.0+computecanada tabledata-1.3.5 tcolorpy-0.1.7+computecanada typepy-1.3.5 word2number-1.1+computecanada
Looking in links: /cvmfs/soft.computecanada.ca/custom/python/wheelhouse/gentoo2023/x86-64-v3, /cvmfs/soft.computecanada.ca/custom/python/wheelhouse/gentoo2023/generic, /cvmfs/soft.computecanada.ca/custom/python/wheelhouse/generic
Requirement already satisfied: lm_eval[hf] in /tmp/env/lib/python3.11/site-packages (0.4.14.dev0)
Requirement already satisfied: datasets>=2.16.0 in /tmp/env/lib/python3.11/site-packages (from lm_eval[hf]) (5.0.1)
Requirement already satisfied: numpy in /tmp/env/lib/python3.11/site-packages (from lm_eval[hf]) (2.1.1+computecanada)
Requirement already satisfied: evaluate>=0.4.0 in /tmp/env/lib/python3.11/site-packages (from lm_eval[hf]) (0.4.6+computecanada)
Requirement already satisfied: jinja2 in /tmp/env/lib/python3.11/site-packages (from lm_eval[hf]) (3.1.6+computecanada)
Requirement already satisfied: pytablewriter in /tmp/env/lib/python3.11/site-packages (from lm_eval[hf]) (1.2.1+computecanada)
Requirement already satisfied: rouge-score>=0.0.4 in /tmp/env/lib/python3.11/site-packages (from lm_eval[hf]) (0.1.2+computecanada)
Requirement already satisfied: sacrebleu>=1.5.0 in /tmp/env/lib/python3.11/site-packages (from lm_eval[hf]) (2.6.0+computecanada)
Requirement already satisfied: scikit-learn>=0.24.1 in /tmp/env/lib/python3.11/site-packages (from lm_eval[hf]) (1.8.0+computecanada)
Requirement already satisfied: sqlitedict in /tmp/env/lib/python3.11/site-packages (from lm_eval[hf]) (2.1.0+computecanada)
Requirement already satisfied: dill in /tmp/env/lib/python3.11/site-packages (from lm_eval[hf]) (0.4.1+computecanada)
Requirement already satisfied: word2number in /tmp/env/lib/python3.11/site-packages (from lm_eval[hf]) (1.1+computecanada)
Requirement already satisfied: more_itertools in /tmp/env/lib/python3.11/site-packages (from lm_eval[hf]) (11.1.0+computecanada)
Requirement already satisfied: typing_extensions in /tmp/env/lib/python3.11/site-packages (from lm_eval[hf]) (4.16.0+computecanada)
Requirement already satisfied: tqdm>=4.59.0 in /tmp/env/lib/python3.11/site-packages (from lm_eval[hf]) (4.70.0+computecanada)
Requirement already satisfied: transformers>=4.1 in /tmp/env/lib/python3.11/site-packages (from lm_eval[hf]) (5.18.0.dev0)
Requirement already satisfied: torch>=1.8 in /tmp/env/lib/python3.11/site-packages (from lm_eval[hf]) (2.14.0+computecanada)
Requirement already satisfied: accelerate>=0.26.0 in /tmp/env/lib/python3.11/site-packages (from lm_eval[hf]) (1.15.0)
Requirement already satisfied: peft>=0.2.0 in /tmp/env/lib/python3.11/site-packages (from lm_eval[hf]) (0.20.1.dev0)
Requirement already satisfied: packaging>=20.0 in /tmp/env/lib/python3.11/site-packages (from accelerate>=0.26.0->lm_eval[hf]) (26.3+computecanada)
Requirement already satisfied: psutil in /tmp/env/lib/python3.11/site-packages (from accelerate>=0.26.0->lm_eval[hf]) (7.2.2+computecanada)
Requirement already satisfied: pyyaml in /tmp/env/lib/python3.11/site-packages (from accelerate>=0.26.0->lm_eval[hf]) (6.0.3+computecanada)
Requirement already satisfied: huggingface_hub>=0.21.0 in /tmp/env/lib/python3.11/site-packages (from accelerate>=0.26.0->lm_eval[hf]) (1.30.0+computecanada)
Requirement already satisfied: safetensors>=0.4.3 in /tmp/env/lib/python3.11/site-packages (from accelerate>=0.26.0->lm_eval[hf]) (0.8.0+computecanada)
Requirement already satisfied: filelock in /tmp/env/lib/python3.11/site-packages (from datasets>=2.16.0->lm_eval[hf]) (3.32.6)
Requirement already satisfied: pyarrow>=21.0.0 in /cvmfs/soft.computecanada.ca/easybuild/software/2023/x86-64-v3/Compiler/gcccore/arrow/23.0.1/lib/python3.11/site-packages (from datasets>=2.16.0->lm_eval[hf]) (23.0.1)
Requirement already satisfied: pandas in /tmp/env/lib/python3.11/site-packages (from datasets>=2.16.0->lm_eval[hf]) (3.0.5+computecanada)
Requirement already satisfied: requests>=2.32.2 in /tmp/env/lib/python3.11/site-packages (from datasets>=2.16.0->lm_eval[hf]) (2.34.2+computecanada)
Requirement already satisfied: httpx<1.0.0 in /tmp/env/lib/python3.11/site-packages (from datasets>=2.16.0->lm_eval[hf]) (0.28.1+computecanada)
Requirement already satisfied: xxhash in /tmp/env/lib/python3.11/site-packages (from datasets>=2.16.0->lm_eval[hf]) (3.5.0+computecanada)
Requirement already satisfied: multiprocess<0.70.20 in /tmp/env/lib/python3.11/site-packages (from datasets>=2.16.0->lm_eval[hf]) (0.70.19+computecanada)
Requirement already satisfied: fsspec<=2026.6.0,>=2023.1.0 in /tmp/env/lib/python3.11/site-packages (from fsspec[http]<=2026.6.0,>=2023.1.0->datasets>=2.16.0->lm_eval[hf]) (2026.6.0+computecanada)
Requirement already satisfied: aiohttp!=4.0.0a0,!=4.0.0a1 in /tmp/env/lib/python3.11/site-packages (from fsspec[http]<=2026.6.0,>=2023.1.0->datasets>=2.16.0->lm_eval[hf]) (3.13.3+computecanada)
Requirement already satisfied: anyio in /tmp/env/lib/python3.11/site-packages (from httpx<1.0.0->datasets>=2.16.0->lm_eval[hf]) (4.15.1)
Requirement already satisfied: certifi in /tmp/env/lib/python3.11/site-packages (from httpx<1.0.0->datasets>=2.16.0->lm_eval[hf]) (2026.7.22)
Requirement already satisfied: httpcore==1.* in /tmp/env/lib/python3.11/site-packages (from httpx<1.0.0->datasets>=2.16.0->lm_eval[hf]) (1.0.9+computecanada)
Requirement already satisfied: idna in /tmp/env/lib/python3.11/site-packages (from httpx<1.0.0->datasets>=2.16.0->lm_eval[hf]) (2.10+computecanada)
Requirement already satisfied: h11>=0.16 in /tmp/env/lib/python3.11/site-packages (from httpcore==1.*->httpx<1.0.0->datasets>=2.16.0->lm_eval[hf]) (0.16.0+computecanada)
Requirement already satisfied: click<9.0.0,>=8.4.2 in /tmp/env/lib/python3.11/site-packages (from huggingface_hub>=0.21.0->accelerate>=0.26.0->lm_eval[hf]) (8.5.0+computecanada)
Requirement already satisfied: hf-xet<2.0.0,>=1.5.2 in /tmp/env/lib/python3.11/site-packages (from huggingface_hub>=0.21.0->accelerate>=0.26.0->lm_eval[hf]) (1.6.0+computecanada)
Requirement already satisfied: aiohappyeyeballs>=2.5.0 in /tmp/env/lib/python3.11/site-packages (from aiohttp!=4.0.0a0,!=4.0.0a1->fsspec[http]<=2026.6.0,>=2023.1.0->datasets>=2.16.0->lm_eval[hf]) (2.7.1+computecanada)
Requirement already satisfied: aiosignal>=1.4.0 in /tmp/env/lib/python3.11/site-packages (from aiohttp!=4.0.0a0,!=4.0.0a1->fsspec[http]<=2026.6.0,>=2023.1.0->datasets>=2.16.0->lm_eval[hf]) (1.4.0+computecanada)
Requirement already satisfied: attrs>=17.3.0 in /tmp/env/lib/python3.11/site-packages (from aiohttp!=4.0.0a0,!=4.0.0a1->fsspec[http]<=2026.6.0,>=2023.1.0->datasets>=2.16.0->lm_eval[hf]) (26.1.0+computecanada)
Requirement already satisfied: frozenlist>=1.1.1 in /tmp/env/lib/python3.11/site-packages (from aiohttp!=4.0.0a0,!=4.0.0a1->fsspec[http]<=2026.6.0,>=2023.1.0->datasets>=2.16.0->lm_eval[hf]) (1.8.0+computecanada)
Requirement already satisfied: multidict<7.0,>=4.5 in /tmp/env/lib/python3.11/site-packages (from aiohttp!=4.0.0a0,!=4.0.0a1->fsspec[http]<=2026.6.0,>=2023.1.0->datasets>=2.16.0->lm_eval[hf]) (6.8.0)
Requirement already satisfied: propcache>=0.2.0 in /tmp/env/lib/python3.11/site-packages (from aiohttp!=4.0.0a0,!=4.0.0a1->fsspec[http]<=2026.6.0,>=2023.1.0->datasets>=2.16.0->lm_eval[hf]) (0.5.2+computecanada)
Requirement already satisfied: yarl<2.0,>=1.17.0 in /tmp/env/lib/python3.11/site-packages (from aiohttp!=4.0.0a0,!=4.0.0a1->fsspec[http]<=2026.6.0,>=2023.1.0->datasets>=2.16.0->lm_eval[hf]) (1.24.5)
Requirement already satisfied: charset_normalizer<4,>=2 in /tmp/env/lib/python3.11/site-packages (from requests>=2.32.2->datasets>=2.16.0->lm_eval[hf]) (3.5.1)
Requirement already satisfied: urllib3<3,>=1.26 in /tmp/env/lib/python3.11/site-packages (from requests>=2.32.2->datasets>=2.16.0->lm_eval[hf]) (2.7.0+computecanada)
Requirement already satisfied: absl-py in /tmp/env/lib/python3.11/site-packages (from rouge-score>=0.0.4->lm_eval[hf]) (2.5.0+computecanada)
Requirement already satisfied: nltk in /tmp/env/lib/python3.11/site-packages (from rouge-score>=0.0.4->lm_eval[hf]) (3.10.3)
Requirement already satisfied: six>=1.14.0 in /tmp/env/lib/python3.11/site-packages (from rouge-score>=0.0.4->lm_eval[hf]) (1.17.0+computecanada)
Requirement already satisfied: portalocker in /tmp/env/lib/python3.11/site-packages (from sacrebleu>=1.5.0->lm_eval[hf]) (4.3.0+computecanada)
Requirement already satisfied: regex in /tmp/env/lib/python3.11/site-packages (from sacrebleu>=1.5.0->lm_eval[hf]) (2026.1.15+computecanada)
Requirement already satisfied: tabulate>=0.8.9 in /tmp/env/lib/python3.11/site-packages (from sacrebleu>=1.5.0->lm_eval[hf]) (0.10.0+computecanada)
Requirement already satisfied: colorama in /tmp/env/lib/python3.11/site-packages (from sacrebleu>=1.5.0->lm_eval[hf]) (0.4.6+computecanada)
Requirement already satisfied: lxml in /tmp/env/lib/python3.11/site-packages (from sacrebleu>=1.5.0->lm_eval[hf]) (6.1.1+computecanada)
Requirement already satisfied: scipy>=1.10.0 in /tmp/env/lib/python3.11/site-packages (from scikit-learn>=0.24.1->lm_eval[hf]) (1.17.1+computecanada)
Requirement already satisfied: joblib>=1.3.0 in /tmp/env/lib/python3.11/site-packages (from scikit-learn>=0.24.1->lm_eval[hf]) (1.6.0)
Requirement already satisfied: threadpoolctl>=3.2.0 in /tmp/env/lib/python3.11/site-packages (from scikit-learn>=0.24.1->lm_eval[hf]) (3.6.0+computecanada)
Requirement already satisfied: cloudpickle>=3.0 in /tmp/env/lib/python3.11/site-packages (from joblib>=1.3.0->scikit-learn>=0.24.1->lm_eval[hf]) (3.1.2+computecanada)
Requirement already satisfied: setuptools>=77.0.3 in /tmp/env/lib/python3.11/site-packages (from torch>=1.8->lm_eval[hf]) (80.9.0+computecanada)
Requirement already satisfied: sympy>=1.13.3 in /tmp/env/lib/python3.11/site-packages (from torch>=1.8->lm_eval[hf]) (1.14.0+computecanada)
Requirement already satisfied: networkx>=2.5.1 in /tmp/env/lib/python3.11/site-packages (from torch>=1.8->lm_eval[hf]) (3.6.1+computecanada)
Requirement already satisfied: mpmath<1.4,>=1.1.0 in /tmp/env/lib/python3.11/site-packages (from sympy>=1.13.3->torch>=1.8->lm_eval[hf]) (1.3.0+computecanada)
Requirement already satisfied: tokenizers<0.24.0,>=0.23.1 in /tmp/env/lib/python3.11/site-packages (from transformers>=4.1->lm_eval[hf]) (0.23.2)
Requirement already satisfied: typer in /tmp/env/lib/python3.11/site-packages (from transformers>=4.1->lm_eval[hf]) (0.27.2)
Requirement already satisfied: MarkupSafe>=2.0 in /tmp/env/lib/python3.11/site-packages (from jinja2->lm_eval[hf]) (3.0.3+computecanada)
Requirement already satisfied: defusedxml in /tmp/env/lib/python3.11/site-packages (from nltk->rouge-score>=0.0.4->lm_eval[hf]) (0.7.1+computecanada)
Requirement already satisfied: python-dateutil>=2.8.2 in /tmp/env/lib/python3.11/site-packages (from pandas->datasets>=2.16.0->lm_eval[hf]) (2.9.0.post0+computecanada)
Requirement already satisfied: DataProperty<2,>=1.1.0 in /tmp/env/lib/python3.11/site-packages (from pytablewriter->lm_eval[hf]) (1.1.1)
Requirement already satisfied: mbstrdecoder<2,>=1.0.0 in /tmp/env/lib/python3.11/site-packages (from pytablewriter->lm_eval[hf]) (1.1.5)
Requirement already satisfied: pathvalidate<4,>=2.3.0 in /tmp/env/lib/python3.11/site-packages (from pytablewriter->lm_eval[hf]) (3.3.1+computecanada)
Requirement already satisfied: tabledata<2,>=1.3.1 in /tmp/env/lib/python3.11/site-packages (from pytablewriter->lm_eval[hf]) (1.3.5)
Requirement already satisfied: tcolorpy<1,>=0.0.5 in /tmp/env/lib/python3.11/site-packages (from pytablewriter->lm_eval[hf]) (0.1.7+computecanada)
Requirement already satisfied: typepy<2,>=1.3.2 in /tmp/env/lib/python3.11/site-packages (from typepy[datetime]<2,>=1.3.2->pytablewriter->lm_eval[hf]) (1.3.5)
Requirement already satisfied: chardet<7,>=3.0.4 in /tmp/env/lib/python3.11/site-packages (from mbstrdecoder<2,>=1.0.0->pytablewriter->lm_eval[hf]) (3.0.4+computecanada)
Requirement already satisfied: pytz>=2018.9 in /tmp/env/lib/python3.11/site-packages (from typepy[datetime]<2,>=1.3.2->pytablewriter->lm_eval[hf]) (2026.3.post1)
Requirement already satisfied: shellingham>=1.3.0 in /tmp/env/lib/python3.11/site-packages (from typer->transformers>=4.1->lm_eval[hf]) (1.5.4+computecanada)
Requirement already satisfied: rich>=13.8.0 in /tmp/env/lib/python3.11/site-packages (from typer->transformers>=4.1->lm_eval[hf]) (15.0.0+computecanada)
Requirement already satisfied: annotated-doc>=0.0.2 in /tmp/env/lib/python3.11/site-packages (from typer->transformers>=4.1->lm_eval[hf]) (0.0.5+computecanada)
Requirement already satisfied: markdown-it-py>=2.2.0 in /tmp/env/lib/python3.11/site-packages (from rich>=13.8.0->typer->transformers>=4.1->lm_eval[hf]) (4.2.0+computecanada)
Requirement already satisfied: pygments<3.0.0,>=2.13.0 in /tmp/env/lib/python3.11/site-packages (from rich>=13.8.0->typer->transformers>=4.1->lm_eval[hf]) (2.21.0+computecanada)
Requirement already satisfied: mdurl~=0.1 in /tmp/env/lib/python3.11/site-packages (from markdown-it-py>=2.2.0->rich>=13.8.0->typer->transformers>=4.1->lm_eval[hf]) (0.1.2+computecanada)
Work dir: /home/ahmedubc/scratch/distillation/word_level_10_04_14_04
train:   0%|          | 0/3125 [00:00<?, ?step/s]train:   0%|          | 4/3125 [00:32<6:59:01,  8.06s/step, epoch=0, loss=0.7335]train:   0%|          | 5/3125 [00:47<6:58:53,  8.06s/step, epoch=0, loss=0.9289]train:   0%|          | 8/3125 [01:03<6:50:51,  7.91s/step, epoch=0, loss=0.4807]train:   0%|          | 9/3125 [01:17<6:50:43,  7.91s/step, epoch=0, loss=0.3439]                                                                                 [train] step 10/3125  loss=0.8743  ce=1.0156  kd=1.2165
train:   0%|          | 10/3125 [01:18<6:50:35,  7.91s/step, epoch=0, loss=1.1161]train:   0%|          | 12/3125 [01:33<6:41:02,  7.73s/step, epoch=0, loss=0.6229]train:   0%|          | 13/3125 [01:47<6:40:54,  7.73s/step, epoch=0, loss=0.4907]train:   1%|          | 16/3125 [02:03<6:37:35,  7.67s/step, epoch=0, loss=0.4847]train:   1%|          | 17/3125 [02:17<6:37:28,  7.67s/step, epoch=0, loss=0.5789]train:   1%|          | 20/3125 [02:34<6:36:32,  7.66s/step, epoch=0, loss=0.5837]                                                                                  [train] step 20/3125  loss=0.7904  ce=0.5582  kd=0.4804
train:   1%|          | 20/3125 [02:34<6:36:32,  7.66s/step, epoch=0, loss=0.5193]train:   1%|          | 21/3125 [02:47<6:36:25,  7.66s/step, epoch=0, loss=0.5603]train:   1%|          | 24/3125 [03:05<6:37:25,  7.69s/step, epoch=0, loss=0.4527]train:   1%|          | 25/3125 [03:17<6:37:18,  7.69s/step, epoch=0, loss=0.4545]train:   1%|          | 28/3125 [03:36<6:36:40,  7.68s/step, epoch=0, loss=0.5615]train:   1%|          | 29/3125 [03:47<6:36:32,  7.68s/step, epoch=0, loss=0.3965]                                                                                  [train] step 30/3125  loss=0.7979  ce=1.3529  kd=1.0884
train:   1%|          | 30/3125 [03:51<6:36:24,  7.68s/step, epoch=0, loss=1.2206]train:   1%|          | 33/3125 [04:13<6:32:18,  7.61s/step, epoch=0, loss=0.6912]train:   1%|          | 34/3125 [04:27<6:32:10,  7.61s/step, epoch=0, loss=1.4230]train:   1%|          | 38/3125 [04:50<6:29:09,  7.56s/step, epoch=0, loss=0.9310]                                                                                  [train] step 40/3125  loss=0.5927  ce=0.8371  kd=0.4467
train:   1%|▏         | 40/3125 [05:06<6:28:54,  7.56s/step, epoch=0, loss=0.6419]train:   1%|▏         | 40/3125 [05:07<6:28:54,  7.56s/step, epoch=0, loss=0.6419]train:   1%|▏         | 42/3125 [05:21<6:29:50,  7.59s/step, epoch=0, loss=0.3338]train:   1%|▏         | 44/3125 [05:37<6:29:35,  7.59s/step, epoch=0, loss=0.4510]train:   2%|▏         | 47/3125 [05:58<6:27:17,  7.55s/step, epoch=0, loss=0.3051]train:   2%|▏         | 48/3125 [06:09<6:27:09,  7.55s/step, epoch=0, loss=0.6207]                                                                                  [train] step 50/3125  loss=0.5278  ce=0.9092  kd=0.9292
train:   2%|▏         | 50/3125 [06:20<6:26:54,  7.55s/step, epoch=0, loss=0.9192]train:   2%|▏         | 52/3125 [06:36<6:24:46,  7.51s/step, epoch=0, loss=0.2736]train:   2%|▏         | 53/3125 [06:47<6:24:38,  7.51s/step, epoch=0, loss=0.4146]train:   2%|▏         | 56/3125 [07:06<6:26:21,  7.55s/step, epoch=0, loss=0.3983]train:   2%|▏         | 57/3125 [07:17<6:26:13,  7.55s/step, epoch=0, loss=0.5982]train:   2%|▏         | 60/3125 [07:36<6:25:23,  7.54s/step, epoch=0, loss=0.2927]                                                                                  [train] step 60/3125  loss=0.5466  ce=0.2322  kd=0.1263
train:   2%|▏         | 60/3125 [07:36<6:25:23,  7.54s/step, epoch=0, loss=0.1793]train:   2%|▏         | 61/3125 [07:47<6:25:15,  7.54s/step, epoch=0, loss=0.2732]train:   2%|▏         | 65/3125 [08:13<6:22:57,  7.51s/step, epoch=0, loss=0.2932]train:   2%|▏         | 66/3125 [08:27<6:22:50,  7.51s/step, epoch=0, loss=0.3250]train:   2%|▏         | 69/3125 [08:44<6:23:05,  7.52s/step, epoch=0, loss=0.3888]                                                                                  [train] step 70/3125  loss=0.4853  ce=0.5715  kd=0.2195
train:   2%|▏         | 70/3125 [08:51<6:22:57,  7.52s/step, epoch=0, loss=0.3955]train:   2%|▏         | 70/3125 [08:57<6:22:57,  7.52s/step, epoch=0, loss=0.3955]train:   2%|▏         | 74/3125 [09:21<6:20:41,  7.49s/step, epoch=0, loss=0.2802]train:   2%|▏         | 76/3125 [09:37<6:20:26,  7.49s/step, epoch=0, loss=0.4963]train:   3%|▎         | 79/3125 [09:58<6:19:16,  7.47s/step, epoch=0, loss=0.8425]                                                                                  [train] step 80/3125  loss=0.4999  ce=0.3743  kd=0.1851
train:   3%|▎         | 80/3125 [10:05<6:19:08,  7.47s/step, epoch=0, loss=0.2797]train:   3%|▎         | 80/3125 [10:09<6:19:08,  7.47s/step, epoch=0, loss=0.2797]train:   3%|▎         | 84/3125 [10:35<6:19:11,  7.48s/step, epoch=0, loss=0.7462]train:   3%|▎         | 85/3125 [10:47<6:19:03,  7.48s/step, epoch=0, loss=0.2007]train:   3%|▎         | 88/3125 [11:06<6:20:17,  7.51s/step, epoch=0, loss=1.4522]train:   3%|▎         | 89/3125 [11:17<6:20:09,  7.51s/step, epoch=0, loss=0.6284]                                                                                  [train] step 90/3125  loss=0.5133  ce=0.4600  kd=0.1949
train:   3%|▎         | 90/3125 [11:21<6:20:02,  7.51s/step, epoch=0, loss=0.3274]train:   3%|▎         | 92/3125 [11:36<6:21:04,  7.54s/step, epoch=0, loss=0.4055]train:   3%|▎         | 93/3125 [11:47<6:20:57,  7.54s/step, epoch=0, loss=0.6411]train:   3%|▎         | 97/3125 [12:14<6:20:23,  7.54s/step, epoch=0, loss=0.7216]train:   3%|▎         | 98/3125 [12:27<6:20:16,  7.54s/step, epoch=0, loss=0.3285]                                                                                  [train] step 100/3125  loss=0.5392  ce=0.6084  kd=0.1605
train:   3%|▎         | 100/3125 [12:36<6:20:01,  7.54s/step, epoch=0, loss=0.3844]train:   3%|▎         | 102/3125 [12:51<6:17:04,  7.48s/step, epoch=0, loss=0.2334]train:   3%|▎         | 104/3125 [13:07<6:16:50,  7.48s/step, epoch=0, loss=0.5145]train:   3%|▎         | 107/3125 [13:28<6:16:06,  7.48s/step, epoch=0, loss=0.1530]train:   3%|▎         | 108/3125 [13:39<6:15:59,  7.48s/step, epoch=0, loss=0.4655]                                                                                   [train] step 110/3125  loss=0.5327  ce=1.6012  kd=0.3462
train:   4%|▎         | 110/3125 [13:51<6:15:44,  7.48s/step, epoch=0, loss=0.9737]train:   4%|▎         | 111/3125 [13:58<6:17:00,  7.51s/step, epoch=0, loss=0.9737]train:   4%|▎         | 112/3125 [14:09<6:16:52,  7.51s/step, epoch=0, loss=1.1232]train:   4%|▎         | 115/3125 [14:29<6:16:57,  7.51s/step, epoch=0, loss=0.2916]train:   4%|▎         | 117/3125 [14:47<6:16:42,  7.51s/step, epoch=0, loss=0.5329]train:   4%|▍         | 119/3125 [14:59<6:18:40,  7.56s/step, epoch=0, loss=0.2763]                                                                                   [train] step 120/3125  loss=0.5233  ce=0.3412  kd=0.1618
train:   4%|▍         | 120/3125 [15:07<6:18:32,  7.56s/step, epoch=0, loss=0.2515]train:   4%|▍         | 121/3125 [15:17<6:18:25,  7.56s/step, epoch=0, loss=0.6038]train:   4%|▍         | 123/3125 [15:30<6:21:32,  7.63s/step, epoch=0, loss=0.5796]train:   4%|▍         | 125/3125 [15:47<6:21:17,  7.63s/step, epoch=0, loss=1.2119]train:   4%|▍         | 127/3125 [16:01<6:19:53,  7.60s/step, epoch=0, loss=0.3738]train:   4%|▍         | 129/3125 [16:17<6:19:38,  7.60s/step, epoch=0, loss=0.5267]                                                                                   [train] step 130/3125  loss=0.5196  ce=0.6305  kd=0.2289
train:   4%|▍         | 130/3125 [16:23<6:19:30,  7.60s/step, epoch=0, loss=0.4297]train:   4%|▍         | 131/3125 [16:31<6:17:53,  7.57s/step, epoch=0, loss=0.4297]train:   4%|▍         | 133/3125 [16:47<6:17:37,  7.57s/step, epoch=0, loss=0.8317]train:   4%|▍         | 135/3125 [17:02<6:20:21,  7.63s/step, epoch=0, loss=0.3247]train:   4%|▍         | 137/3125 [17:17<6:20:06,  7.63s/step, epoch=0, loss=0.1981]train:   4%|▍         | 140/3125 [17:40<6:18:42,  7.61s/step, epoch=0, loss=0.8105]                                                                                   [train] step 140/3125  loss=0.5050  ce=0.7173  kd=0.1652
train:   4%|▍         | 140/3125 [17:40<6:18:42,  7.61s/step, epoch=0, loss=0.4412]train:   5%|▍         | 142/3125 [17:57<6:18:27,  7.61s/step, epoch=0, loss=0.3032]train:   5%|▍         | 145/3125 [18:17<6:16:28,  7.58s/step, epoch=0, loss=0.8304]train:   5%|▍         | 146/3125 [18:29<6:16:21,  7.58s/step, epoch=0, loss=0.1338]train:   5%|▍         | 150/3125 [18:54<6:13:40,  7.54s/step, epoch=0, loss=1.2081]                                                                                   [train] step 150/3125  loss=0.5111  ce=1.0511  kd=0.3593
train:   5%|▍         | 150/3125 [18:54<6:13:40,  7.54s/step, epoch=0, loss=0.7052]train:   5%|▍         | 151/3125 [19:07<6:13:33,  7.54s/step, epoch=0, loss=0.5969]train:   5%|▍         | 154/3125 [19:26<6:16:27,  7.60s/step, epoch=0, loss=0.3541]train:   5%|▍         | 155/3125 [19:37<6:16:19,  7.60s/step, epoch=0, loss=0.4932]train:   5%|▌         | 158/3125 [19:56<6:14:55,  7.58s/step, epoch=0, loss=0.3902]train:   5%|▌         | 159/3125 [20:07<6:14:47,  7.58s/step, epoch=0, loss=0.2661]                                                                                   [train] step 160/3125  loss=0.5083  ce=0.6799  kd=0.1666
train:   5%|▌         | 160/3125 [20:10<6:14:40,  7.58s/step, epoch=0, loss=0.4233]train:   5%|▌         | 163/3125 [20:33<6:11:25,  7.52s/step, epoch=0, loss=0.4230]train:   5%|▌         | 164/3125 [20:47<6:11:17,  7.52s/step, epoch=0, loss=0.5200]train:   5%|▌         | 167/3125 [21:03<6:10:54,  7.52s/step, epoch=0, loss=0.1158]train:   5%|▌         | 168/3125 [21:17<6:10:46,  7.52s/step, epoch=0, loss=0.5277]                                                                                   [train] step 170/3125  loss=0.5083  ce=0.6574  kd=0.5347
train:   5%|▌         | 170/3125 [21:25<6:10:31,  7.52s/step, epoch=0, loss=0.5960]train:   5%|▌         | 171/3125 [21:34<6:12:45,  7.57s/step, epoch=0, loss=0.5960]train:   6%|▌         | 172/3125 [21:47<6:12:37,  7.57s/step, epoch=0, loss=0.3661]train:   6%|▌         | 176/3125 [22:11<6:10:58,  7.55s/step, epoch=0, loss=0.3594]train:   6%|▌         | 178/3125 [22:27<6:10:43,  7.55s/step, epoch=0, loss=0.5976]                                                                                   [train] step 180/3125  loss=0.4973  ce=0.2533  kd=0.2080
train:   6%|▌         | 180/3125 [22:41<6:10:27,  7.55s/step, epoch=0, loss=0.2306]train:   6%|▌         | 181/3125 [22:48<6:08:20,  7.51s/step, epoch=0, loss=0.2306]train:   6%|▌         | 182/3125 [22:59<6:08:12,  7.51s/step, epoch=0, loss=0.5485]train:   6%|▌         | 185/3125 [23:18<6:08:13,  7.51s/step, epoch=0, loss=0.2879]train:   6%|▌         | 186/3125 [23:29<6:08:05,  7.51s/step, epoch=0, loss=0.2739]train:   6%|▌         | 190/3125 [23:55<6:05:22,  7.47s/step, epoch=0, loss=0.2139]                                                                                   [train] step 190/3125  loss=0.5323  ce=0.4250  kd=0.1508
train:   6%|▌         | 190/3125 [23:55<6:05:22,  7.47s/step, epoch=0, loss=0.2879]train:   6%|▌         | 191/3125 [24:07<6:05:14,  7.47s/step, epoch=0, loss=0.6638]train:   6%|▌         | 194/3125 [24:26<6:07:33,  7.52s/step, epoch=0, loss=0.4595]train:   6%|▌         | 195/3125 [24:37<6:07:26,  7.52s/step, epoch=0, loss=0.5115]train:   6%|▋         | 198/3125 [24:56<6:08:44,  7.56s/step, epoch=0, loss=0.4970]train:   6%|▋         | 199/3125 [25:07<6:08:37,  7.56s/step, epoch=0, loss=0.7894]                                                                                   [train] step 200/3125  loss=0.4943  ce=0.5356  kd=0.2012
train:   6%|▋         | 200/3125 [25:11<6:08:29,  7.56s/step, epoch=0, loss=0.3684]
eval:   0%|          | 0/5000 [00:00<?, ?batch/s][A
eval:   5%|▌         | 251/5000 [00:30<09:27,  8.36batch/s][A
eval:   5%|▌         | 251/5000 [00:45<09:27,  8.36batch/s][A
eval:  10%|█         | 500/5000 [01:00<09:00,  8.32batch/s][A
eval:  10%|█         | 500/5000 [01:15<09:00,  8.32batch/s][A
eval:  15%|█▌        | 756/5000 [01:30<08:24,  8.42batch/s][A
eval:  15%|█▌        | 756/5000 [01:45<08:24,  8.42batch/s][A
eval:  20%|██        | 1012/5000 [02:00<07:51,  8.45batch/s][A
eval:  20%|██        | 1012/5000 [02:15<07:51,  8.45batch/s][A
eval:  25%|██▌       | 1255/5000 [02:30<07:30,  8.32batch/s][A
eval:  25%|██▌       | 1255/5000 [02:45<07:30,  8.32batch/s][A
eval:  30%|███       | 1505/5000 [03:00<07:00,  8.32batch/s][A
eval:  30%|███       | 1505/5000 [03:15<07:00,  8.32batch/s][A
eval:  35%|███▍      | 1744/5000 [03:30<06:37,  8.20batch/s][A
eval:  35%|███▍      | 1744/5000 [03:45<06:37,  8.20batch/s][A
eval:  40%|███▉      | 1988/5000 [04:00<06:08,  8.17batch/s][A
eval:  40%|███▉      | 1988/5000 [04:15<06:08,  8.17batch/s][A
eval:  45%|████▍     | 2235/5000 [04:30<05:37,  8.19batch/s][A
eval:  45%|████▍     | 2235/5000 [04:45<05:37,  8.19batch/s][A
eval:  50%|████▉     | 2487/5000 [05:00<05:04,  8.25batch/s][A
eval:  50%|████▉     | 2487/5000 [05:15<05:04,  8.25batch/s][A
eval:  55%|█████▍    | 2735/5000 [05:30<04:34,  8.25batch/s][A
eval:  55%|█████▍    | 2735/5000 [05:45<04:34,  8.25batch/s][A
eval:  60%|█████▉    | 2980/5000 [06:00<04:05,  8.22batch/s][A
eval:  60%|█████▉    | 2980/5000 [06:15<04:05,  8.22batch/s][A
eval:  65%|██████▍   | 3229/5000 [06:30<03:34,  8.24batch/s][A
eval:  65%|██████▍   | 3229/5000 [06:45<03:34,  8.24batch/s][A
eval:  70%|██████▉   | 3478/5000 [07:00<03:04,  8.25batch/s][A
eval:  70%|██████▉   | 3478/5000 [07:15<03:04,  8.25batch/s][A
eval:  75%|███████▍  | 3730/5000 [07:30<02:33,  8.30batch/s][A
eval:  75%|███████▍  | 3730/5000 [07:45<02:33,  8.30batch/s][A
eval:  80%|███████▉  | 3977/5000 [08:00<02:03,  8.27batch/s][A
eval:  80%|███████▉  | 3977/5000 [08:15<02:03,  8.27batch/s][A
eval:  85%|████████▍ | 4227/5000 [08:30<01:33,  8.28batch/s][A
eval:  85%|████████▍ | 4227/5000 [08:45<01:33,  8.28batch/s][A
eval:  89%|████████▉ | 4473/5000 [09:00<01:03,  8.25batch/s][A
eval:  89%|████████▉ | 4473/5000 [09:15<01:03,  8.25batch/s][A
eval:  94%|█████████▍| 4721/5000 [09:30<00:33,  8.26batch/s][A
eval:  94%|█████████▍| 4721/5000 [09:45<00:33,  8.26batch/s][A
eval:  99%|█████████▉| 4965/5000 [10:00<00:04,  8.22batch/s][A
                                                            [A                                                                                   [val] agreement=0.8583  loss=0.5199  ce=0.6947  kd=0.3451
train:   6%|▋         | 200/3125 [35:17<6:08:29,  7.56s/step, epoch=0, loss=0.3684]train:   6%|▋         | 201/3125 [35:30<44:11:16, 54.40s/step, epoch=0, loss=0.3684]train:   7%|▋         | 205/3125 [36:00<32:34:34, 40.16s/step, epoch=0, loss=1.0273]train:   7%|▋         | 207/3125 [36:17<32:33:14, 40.16s/step, epoch=0, loss=0.5911]train:   7%|▋         | 209/3125 [36:31<24:32:58, 30.31s/step, epoch=0, loss=0.7211]                                                                                    [train] step 210/3125  loss=0.5111  ce=0.3861  kd=0.2518
train:   7%|▋         | 210/3125 [36:38<24:32:28, 30.31s/step, epoch=0, loss=0.3189]train:   7%|▋         | 211/3125 [36:47<24:31:57, 30.31s/step, epoch=0, loss=0.8421]train:   7%|▋         | 214/3125 [37:09<18:01:52, 22.30s/step, epoch=0, loss=0.2202]train:   7%|▋         | 216/3125 [37:27<18:01:07, 22.30s/step, epoch=0, loss=0.5056]train:   7%|▋         | 218/3125 [37:39<14:36:17, 18.09s/step, epoch=0, loss=0.2845]                                                                                    [train] step 220/3125  loss=0.4947  ce=0.6220  kd=0.1645
train:   7%|▋         | 220/3125 [37:54<14:35:41, 18.09s/step, epoch=0, loss=0.3932]train:   7%|▋         | 220/3125 [37:57<14:35:41, 18.09s/step, epoch=0, loss=0.3932]train:   7%|▋         | 222/3125 [38:09<12:07:12, 15.03s/step, epoch=0, loss=0.3547]train:   7%|▋         | 224/3125 [38:27<12:06:42, 15.03s/step, epoch=0, loss=0.4117]train:   7%|▋         | 226/3125 [38:40<10:21:41, 12.87s/step, epoch=0, loss=0.3160]train:   7%|▋         | 228/3125 [38:57<10:21:15, 12.87s/step, epoch=0, loss=1.3645]                                                                                    [train] step 230/3125  loss=0.4545  ce=0.8920  kd=0.1441
train:   7%|▋         | 230/3125 [39:10<10:20:50, 12.87s/step, epoch=0, loss=0.5180]train:   7%|▋         | 231/3125 [39:18<8:52:30, 11.04s/step, epoch=0, loss=0.5180] train:   7%|▋         | 232/3125 [39:29<8:52:19, 11.04s/step, epoch=0, loss=0.2615]train:   8%|▊         | 235/3125 [39:49<8:06:35, 10.10s/step, epoch=0, loss=0.2789]train:   8%|▊         | 237/3125 [40:07<8:06:15, 10.10s/step, epoch=0, loss=0.2659]train:   8%|▊         | 239/3125 [40:19<7:32:51,  9.42s/step, epoch=0, loss=0.5841]                                                                                   [train] step 240/3125  loss=0.5596  ce=2.4137  kd=0.5790
train:   8%|▊         | 240/3125 [40:27<7:32:42,  9.42s/step, epoch=0, loss=1.4963]train:   8%|▊         | 241/3125 [40:37<7:32:33,  9.42s/step, epoch=0, loss=0.7238]train:   8%|▊         | 243/3125 [40:50<7:06:20,  8.88s/step, epoch=0, loss=0.3400]train:   8%|▊         | 245/3125 [41:07<7:06:03,  8.88s/step, epoch=0, loss=0.9852]train:   8%|▊         | 248/3125 [41:26<6:40:28,  8.35s/step, epoch=0, loss=0.4667]train:   8%|▊         | 249/3125 [41:37<6:40:19,  8.35s/step, epoch=0, loss=0.4284]                                                                                   [train] step 250/3125  loss=0.5021  ce=0.2574  kd=0.2232
train:   8%|▊         | 250/3125 [41:42<6:40:11,  8.35s/step, epoch=0, loss=0.2403]train:   8%|▊         | 252/3125 [41:57<6:30:59,  8.17s/step, epoch=0, loss=0.1025]train:   8%|▊         | 253/3125 [42:09<6:30:50,  8.17s/step, epoch=0, loss=0.1559]train:   8%|▊         | 256/3125 [42:28<6:23:15,  8.02s/step, epoch=0, loss=0.7938]train:   8%|▊         | 257/3125 [42:39<6:23:07,  8.02s/step, epoch=0, loss=0.8303]train:   8%|▊         | 260/3125 [42:58<6:16:04,  7.88s/step, epoch=0, loss=0.2690]                                                                                   [train] step 260/3125  loss=0.5381  ce=0.4757  kd=0.1976
train:   8%|▊         | 260/3125 [42:58<6:16:04,  7.88s/step, epoch=0, loss=0.3366]train:   8%|▊         | 261/3125 [43:09<6:15:57,  7.88s/step, epoch=0, loss=0.3674]train:   8%|▊         | 264/3125 [43:29<6:13:05,  7.82s/step, epoch=0, loss=0.3854]train:   9%|▊         | 266/3125 [43:47<6:12:49,  7.82s/step, epoch=0, loss=0.6898]train:   9%|▊         | 269/3125 [44:06<6:05:27,  7.68s/step, epoch=0, loss=0.6326]                                                                                   [train] step 270/3125  loss=0.4826  ce=0.8663  kd=0.2711
train:   9%|▊         | 270/3125 [44:13<6:05:19,  7.68s/step, epoch=0, loss=0.5687]train:   9%|▊         | 270/3125 [44:17<6:05:19,  7.68s/step, epoch=0, loss=0.5687]train:   9%|▉         | 274/3125 [44:43<6:01:36,  7.61s/step, epoch=0, loss=0.4969]train:   9%|▉         | 275/3125 [44:57<6:01:28,  7.61s/step, epoch=0, loss=0.5098]train:   9%|▉         | 278/3125 [45:13<6:00:20,  7.59s/step, epoch=0, loss=0.1175]train:   9%|▉         | 279/3125 [45:27<6:00:12,  7.59s/step, epoch=0, loss=0.3817]                                                                                   [train] step 280/3125  loss=0.4692  ce=0.8021  kd=0.2736
train:   9%|▉         | 280/3125 [45:28<6:00:05,  7.59s/step, epoch=0, loss=0.5379]train:   9%|▉         | 282/3125 [45:43<5:59:29,  7.59s/step, epoch=0, loss=0.3843]train:   9%|▉         | 283/3125 [45:57<5:59:21,  7.59s/step, epoch=0, loss=0.4621]train:   9%|▉         | 286/3125 [46:14<5:58:45,  7.58s/step, epoch=0, loss=0.9045]train:   9%|▉         | 287/3125 [46:27<5:58:38,  7.58s/step, epoch=0, loss=0.8759]train:   9%|▉         | 290/3125 [46:44<5:57:54,  7.57s/step, epoch=0, loss=0.9763]                                                                                   [train] step 290/3125  loss=0.5067  ce=0.6124  kd=0.1488
train:   9%|▉         | 290/3125 [46:44<5:57:54,  7.57s/step, epoch=0, loss=0.3806]train:   9%|▉         | 291/3125 [46:57<5:57:47,  7.57s/step, epoch=0, loss=1.6482]train:   9%|▉         | 294/3125 [47:14<5:57:10,  7.57s/step, epoch=0, loss=0.3766]train:   9%|▉         | 295/3125 [47:27<5:57:03,  7.57s/step, epoch=0, loss=3.6709]train:  10%|▉         | 298/3125 [47:46<6:03:37,  7.72s/step, epoch=0, loss=1.2747]train:  10%|▉         | 299/3125 [47:57<6:03:29,  7.72s/step, epoch=0, loss=0.3785]                                                                                   [train] step 300/3125  loss=0.4691  ce=1.1677  kd=0.1487
train:  10%|▉         | 300/3125 [48:02<6:03:22,  7.72s/step, epoch=0, loss=0.6582]train:  10%|▉         | 302/3125 [48:17<6:02:18,  7.70s/step, epoch=0, loss=0.4186]train:  10%|▉         | 303/3125 [48:29<6:02:11,  7.70s/step, epoch=0, loss=0.3082]train:  10%|▉         | 306/3125 [48:48<6:02:01,  7.71s/step, epoch=0, loss=0.3050]train:  10%|▉         | 307/3125 [48:59<6:01:54,  7.71s/step, epoch=0, loss=0.2724]train:  10%|▉         | 310/3125 [49:19<6:01:54,  7.71s/step, epoch=0, loss=0.4388]                                                                                   [train] step 310/3125  loss=0.5255  ce=0.5349  kd=0.1922
train:  10%|▉         | 310/3125 [49:19<6:01:54,  7.71s/step, epoch=0, loss=0.3635]train:  10%|▉         | 312/3125 [49:37<6:01:39,  7.71s/step, epoch=0, loss=0.2597]train:  10%|█         | 315/3125 [49:57<5:59:14,  7.67s/step, epoch=0, loss=0.4629]train:  10%|█         | 316/3125 [50:07<5:59:06,  7.67s/step, epoch=0, loss=0.3282]train:  10%|█         | 319/3125 [50:27<5:57:36,  7.65s/step, epoch=0, loss=0.5470]                                                                                   [train] step 320/3125  loss=0.5063  ce=0.0694  kd=0.0687
train:  10%|█         | 320/3125 [50:35<5:57:28,  7.65s/step, epoch=0, loss=0.0691]train:  10%|█         | 320/3125 [50:39<5:57:28,  7.65s/step, epoch=0, loss=0.0691]train:  10%|█         | 324/3125 [51:05<5:54:13,  7.59s/step, epoch=0, loss=0.4926]train:  10%|█         | 325/3125 [51:17<5:54:05,  7.59s/step, epoch=0, loss=0.3326]train:  11%|█         | 329/3125 [51:42<5:52:30,  7.56s/step, epoch=0, loss=0.3950]                                                                                   [train] step 330/3125  loss=0.4958  ce=0.4666  kd=0.1544
train:  11%|█         | 330/3125 [51:50<5:52:23,  7.56s/step, epoch=0, loss=0.3105]train:  11%|█         | 330/3125 [51:57<5:52:23,  7.56s/step, epoch=0, loss=0.3105]train:  11%|█         | 333/3125 [52:14<5:55:36,  7.64s/step, epoch=0, loss=0.7121]train:  11%|█         | 334/3125 [52:27<5:55:29,  7.64s/step, epoch=0, loss=0.2172]train:  11%|█         | 337/3125 [52:45<5:57:52,  7.70s/step, epoch=0, loss=0.7113]train:  11%|█         | 338/3125 [52:57<5:57:44,  7.70s/step, epoch=0, loss=0.5925]                                                                                   [train] step 340/3125  loss=0.4892  ce=1.0312  kd=0.3823
train:  11%|█         | 340/3125 [53:08<5:57:29,  7.70s/step, epoch=0, loss=0.7067]train:  11%|█         | 341/3125 [53:15<5:55:10,  7.65s/step, epoch=0, loss=0.7067]train:  11%|█         | 342/3125 [53:27<5:55:03,  7.65s/step, epoch=0, loss=0.3041]train:  11%|█         | 346/3125 [53:52<5:49:59,  7.56s/step, epoch=0, loss=0.1661]train:  11%|█         | 347/3125 [54:07<5:49:52,  7.56s/step, epoch=0, loss=0.3203]train:  11%|█         | 350/3125 [54:22<5:50:24,  7.58s/step, epoch=0, loss=0.2574]                                                                                   [train] step 350/3125  loss=0.4659  ce=0.2764  kd=0.1344
train:  11%|█         | 350/3125 [54:22<5:50:24,  7.58s/step, epoch=0, loss=0.2054]train:  11%|█         | 351/3125 [54:37<5:50:16,  7.58s/step, epoch=0, loss=0.4937]train:  11%|█▏        | 354/3125 [54:53<5:49:37,  7.57s/step, epoch=0, loss=0.3676]train:  11%|█▏        | 355/3125 [55:07<5:49:29,  7.57s/step, epoch=0, loss=0.1913]train:  11%|█▏        | 358/3125 [55:23<5:49:05,  7.57s/step, epoch=0, loss=0.2553]train:  11%|█▏        | 359/3125 [55:37<5:48:58,  7.57s/step, epoch=0, loss=0.3970]                                                                                   [train] step 360/3125  loss=0.4797  ce=0.4008  kd=0.1700
train:  12%|█▏        | 360/3125 [55:38<5:48:50,  7.57s/step, epoch=0, loss=0.2854]train:  12%|█▏        | 363/3125 [56:01<5:47:49,  7.56s/step, epoch=0, loss=0.1979]train:  12%|█▏        | 365/3125 [56:17<5:47:34,  7.56s/step, epoch=0, loss=0.5481]train:  12%|█▏        | 367/3125 [56:31<5:48:51,  7.59s/step, epoch=0, loss=0.4867]train:  12%|█▏        | 369/3125 [56:47<5:48:36,  7.59s/step, epoch=0, loss=0.3049]                                                                                   [train] step 370/3125  loss=0.4903  ce=0.5242  kd=0.2130
train:  12%|█▏        | 370/3125 [56:54<5:48:28,  7.59s/step, epoch=0, loss=0.3686]train:  12%|█▏        | 371/3125 [57:02<5:48:44,  7.60s/step, epoch=0, loss=0.3686]train:  12%|█▏        | 373/3125 [57:17<5:48:29,  7.60s/step, epoch=0, loss=0.3921]train:  12%|█▏        | 376/3125 [57:39<5:46:22,  7.56s/step, epoch=0, loss=0.4076]train:  12%|█▏        | 378/3125 [57:57<5:46:07,  7.56s/step, epoch=0, loss=0.4569]train:  12%|█▏        | 380/3125 [58:09<5:45:16,  7.55s/step, epoch=0, loss=0.2499]                                                                                   [train] step 380/3125  loss=0.4582  ce=0.5515  kd=0.0772
train:  12%|█▏        | 380/3125 [58:09<5:45:16,  7.55s/step, epoch=0, loss=0.3143]train:  12%|█▏        | 382/3125 [58:27<5:45:01,  7.55s/step, epoch=0, loss=0.1035]train:  12%|█▏        | 384/3125 [58:41<5:48:15,  7.62s/step, epoch=0, loss=0.7598]train:  12%|█▏        | 386/3125 [58:57<5:47:59,  7.62s/step, epoch=0, loss=0.3126]train:  12%|█▏        | 389/3125 [59:18<5:44:57,  7.56s/step, epoch=0, loss=0.5008]                                                                                   [train] step 390/3125  loss=0.4564  ce=0.7915  kd=0.2672
train:  12%|█▏        | 390/3125 [59:25<5:44:49,  7.56s/step, epoch=0, loss=0.5294]train:  12%|█▏        | 390/3125 [59:29<5:44:49,  7.56s/step, epoch=0, loss=0.5294]train:  13%|█▎        | 394/3125 [59:55<5:43:44,  7.55s/step, epoch=0, loss=0.3316]train:  13%|█▎        | 395/3125 [1:00:07<5:43:36,  7.55s/step, epoch=0, loss=0.9354]train:  13%|█▎        | 398/3125 [1:00:26<5:43:01,  7.55s/step, epoch=0, loss=0.4677]train:  13%|█▎        | 399/3125 [1:00:37<5:42:53,  7.55s/step, epoch=0, loss=0.4064]                                                                                     [train] step 400/3125  loss=0.5110  ce=0.6126  kd=0.1846
train:  13%|█▎        | 400/3125 [1:00:41<5:42:46,  7.55s/step, epoch=0, loss=0.3986]
eval:   0%|          | 0/5000 [00:00<?, ?batch/s][A
eval:   5%|▌         | 250/5000 [00:30<09:31,  8.31batch/s][A
eval:   5%|▌         | 250/5000 [00:46<09:31,  8.31batch/s][A
eval:  10%|█         | 500/5000 [01:00<09:02,  8.30batch/s][A
eval:  10%|█         | 500/5000 [01:16<09:02,  8.30batch/s][A
eval:  15%|█▌        | 757/5000 [01:30<08:24,  8.41batch/s][A
eval:  15%|█▌        | 757/5000 [01:46<08:24,  8.41batch/s][A
eval:  20%|██        | 1012/5000 [02:00<07:53,  8.43batch/s][A
eval:  20%|██        | 1012/5000 [02:16<07:53,  8.43batch/s][A
eval:  25%|██▌       | 1255/5000 [02:30<07:31,  8.30batch/s][A
eval:  25%|██▌       | 1255/5000 [02:46<07:31,  8.30batch/s][A
eval:  30%|███       | 1506/5000 [03:00<07:00,  8.31batch/s][A
eval:  30%|███       | 1506/5000 [03:16<07:00,  8.31batch/s][A
eval:  35%|███▍      | 1746/5000 [03:30<06:36,  8.20batch/s][A
eval:  35%|███▍      | 1746/5000 [03:46<06:36,  8.20batch/s][A
eval:  40%|███▉      | 1992/5000 [04:00<06:06,  8.20batch/s][A
eval:  40%|███▉      | 1992/5000 [04:16<06:06,  8.20batch/s][A
eval:  45%|████▍     | 2239/5000 [04:30<05:36,  8.21batch/s][A
eval:  45%|████▍     | 2239/5000 [04:46<05:36,  8.21batch/s][A
eval:  50%|████▉     | 2492/5000 [05:00<05:03,  8.28batch/s][A
eval:  50%|████▉     | 2492/5000 [05:16<05:03,  8.28batch/s][A
eval:  55%|█████▍    | 2740/5000 [05:30<04:33,  8.27batch/s][A
eval:  55%|█████▍    | 2740/5000 [05:46<04:33,  8.27batch/s][A
eval:  60%|█████▉    | 2986/5000 [06:00<04:04,  8.24batch/s][A
eval:  60%|█████▉    | 2986/5000 [06:16<04:04,  8.24batch/s][A
eval:  65%|██████▍   | 3233/5000 [06:31<03:34,  8.23batch/s][A
eval:  65%|██████▍   | 3233/5000 [06:46<03:34,  8.23batch/s][A
eval:  70%|██████▉   | 3481/5000 [07:01<03:04,  8.24batch/s][A
eval:  70%|██████▉   | 3481/5000 [07:16<03:04,  8.24batch/s][A
eval:  75%|███████▍  | 3734/5000 [07:31<02:32,  8.29batch/s][A
eval:  75%|███████▍  | 3734/5000 [07:46<02:32,  8.29batch/s][A
eval:  80%|███████▉  | 3981/5000 [08:01<02:03,  8.27batch/s][A
eval:  80%|███████▉  | 3981/5000 [08:16<02:03,  8.27batch/s][A
eval:  85%|████████▍ | 4231/5000 [08:31<01:32,  8.28batch/s][A
eval:  85%|████████▍ | 4231/5000 [08:46<01:32,  8.28batch/s][A
eval:  90%|████████▉ | 4476/5000 [09:01<01:03,  8.24batch/s][A
eval:  90%|████████▉ | 4476/5000 [09:16<01:03,  8.24batch/s][A
eval:  94%|█████████▍| 4724/5000 [09:31<00:33,  8.24batch/s][A
eval:  94%|█████████▍| 4724/5000 [09:46<00:33,  8.24batch/s][A
eval:  99%|█████████▉| 4967/5000 [10:01<00:04,  8.19batch/s][A
                                                            [A                                                                                     [val] agreement=0.8619  loss=0.4984  ce=0.6938  kd=0.3031
train:  13%|█▎        | 400/3125 [1:10:46<5:42:46,  7.55s/step, epoch=0, loss=0.3986]train:  13%|█▎        | 401/3125 [1:10:59<40:23:16, 53.38s/step, epoch=0, loss=0.3986]train:  13%|█▎        | 406/3125 [1:11:37<28:13:10, 37.36s/step, epoch=0, loss=0.4481]train:  13%|█▎        | 407/3125 [1:11:47<28:12:32, 37.36s/step, epoch=0, loss=0.1162]train:  13%|█▎        | 410/3125 [1:12:08<21:48:11, 28.91s/step, epoch=0, loss=0.3875]                                                                                      [train] step 410/3125  loss=0.4772  ce=0.4234  kd=0.2350
train:  13%|█▎        | 410/3125 [1:12:08<21:48:11, 28.91s/step, epoch=0, loss=0.3292]train:  13%|█▎        | 411/3125 [1:12:19<21:47:42, 28.91s/step, epoch=0, loss=0.5583]train:  13%|█▎        | 414/3125 [1:12:39<17:10:32, 22.81s/step, epoch=0, loss=0.4251]train:  13%|█▎        | 416/3125 [1:12:57<17:09:46, 22.81s/step, epoch=0, loss=0.4500]train:  13%|█▎        | 418/3125 [1:13:10<13:49:36, 18.39s/step, epoch=0, loss=0.4961]                                                                                      [train] step 420/3125  loss=0.4833  ce=0.2963  kd=0.1512
train:  13%|█▎        | 420/3125 [1:13:24<13:48:59, 18.39s/step, epoch=0, loss=0.2238]train:  13%|█▎        | 420/3125 [1:13:27<13:48:59, 18.39s/step, epoch=0, loss=0.2238]train:  14%|█▎        | 422/3125 [1:13:40<11:23:57, 15.18s/step, epoch=0, loss=0.3069]train:  14%|█▎        | 424/3125 [1:13:57<11:23:27, 15.18s/step, epoch=0, loss=1.1345]train:  14%|█▎        | 426/3125 [1:14:10<9:40:53, 12.91s/step, epoch=0, loss=0.3042] train:  14%|█▎        | 428/3125 [1:14:27<9:40:27, 12.91s/step, epoch=0, loss=0.2697]                                                                                     [train] step 430/3125  loss=0.4771  ce=0.8694  kd=0.2720
train:  14%|█▍        | 430/3125 [1:14:40<9:40:02, 12.91s/step, epoch=0, loss=0.5707]train:  14%|█▍        | 431/3125 [1:14:47<8:15:37, 11.04s/step, epoch=0, loss=0.5707]train:  14%|█▍        | 432/3125 [1:14:59<8:15:26, 11.04s/step, epoch=0, loss=2.1139]train:  14%|█▍        | 435/3125 [1:15:17<7:30:14, 10.04s/step, epoch=0, loss=0.3860]train:  14%|█▍        | 436/3125 [1:15:29<7:30:04, 10.04s/step, epoch=0, loss=0.3701]train:  14%|█▍        | 440/3125 [1:15:54<6:49:24,  9.15s/step, epoch=0, loss=0.5263]                                                                                     [train] step 440/3125  loss=0.4733  ce=0.2529  kd=0.1214
train:  14%|█▍        | 440/3125 [1:15:54<6:49:24,  9.15s/step, epoch=0, loss=0.1872]train:  14%|█▍        | 441/3125 [1:16:07<6:49:15,  9.15s/step, epoch=0, loss=0.8327]train:  14%|█▍        | 444/3125 [1:16:24<6:28:50,  8.70s/step, epoch=0, loss=0.2077]train:  14%|█▍        | 445/3125 [1:16:37<6:28:41,  8.70s/step, epoch=0, loss=0.3875]train:  14%|█▍        | 448/3125 [1:16:55<6:14:31,  8.39s/step, epoch=0, loss=0.2665]train:  14%|█▍        | 449/3125 [1:17:07<6:14:23,  8.39s/step, epoch=0, loss=0.5083]                                                                                     [train] step 450/3125  loss=0.4985  ce=0.4168  kd=0.2626
train:  14%|█▍        | 450/3125 [1:17:10<6:14:14,  8.39s/step, epoch=0, loss=0.3397]train:  14%|█▍        | 453/3125 [1:17:32<5:59:19,  8.07s/step, epoch=0, loss=0.4588]train:  15%|█▍        | 455/3125 [1:17:47<5:59:03,  8.07s/step, epoch=0, loss=0.4847]train:  15%|█▍        | 458/3125 [1:18:10<5:50:36,  7.89s/step, epoch=0, loss=0.8288]                                                                                     [train] step 460/3125  loss=0.4623  ce=0.9427  kd=0.3947
train:  15%|█▍        | 460/3125 [1:18:24<5:50:21,  7.89s/step, epoch=0, loss=0.6687]train:  15%|█▍        | 460/3125 [1:18:27<5:50:21,  7.89s/step, epoch=0, loss=0.6687]train:  15%|█▍        | 463/3125 [1:18:47<5:42:59,  7.73s/step, epoch=0, loss=0.1751]train:  15%|█▍        | 464/3125 [1:18:57<5:42:52,  7.73s/step, epoch=0, loss=0.9023]train:  15%|█▍        | 467/3125 [1:19:18<5:42:43,  7.74s/step, epoch=0, loss=0.6723]train:  15%|█▍        | 468/3125 [1:19:29<5:42:35,  7.74s/step, epoch=0, loss=1.0043]                                                                                     [train] step 470/3125  loss=0.4795  ce=0.5737  kd=0.0871
train:  15%|█▌        | 470/3125 [1:19:40<5:42:20,  7.74s/step, epoch=0, loss=0.3304]train:  15%|█▌        | 472/3125 [1:19:55<5:37:58,  7.64s/step, epoch=0, loss=0.4997]train:  15%|█▌        | 473/3125 [1:20:07<5:37:51,  7.64s/step, epoch=0, loss=0.7375]train:  15%|█▌        | 477/3125 [1:20:32<5:34:35,  7.58s/step, epoch=0, loss=0.3471]train:  15%|█▌        | 478/3125 [1:20:47<5:34:27,  7.58s/step, epoch=0, loss=0.5253]                                                                                     [train] step 480/3125  loss=0.4696  ce=0.2235  kd=0.1154
train:  15%|█▌        | 480/3125 [1:20:55<5:34:12,  7.58s/step, epoch=0, loss=0.1694]train:  15%|█▌        | 481/3125 [1:21:03<5:35:56,  7.62s/step, epoch=0, loss=0.1694]train:  15%|█▌        | 482/3125 [1:21:17<5:35:48,  7.62s/step, epoch=0, loss=0.6227]train:  16%|█▌        | 485/3125 [1:21:34<5:37:25,  7.67s/step, epoch=0, loss=0.5040]train:  16%|█▌        | 486/3125 [1:21:47<5:37:17,  7.67s/step, epoch=0, loss=0.4808]train:  16%|█▌        | 489/3125 [1:22:04<5:35:38,  7.64s/step, epoch=0, loss=0.2573]                                                                                     [train] step 490/3125  loss=0.4569  ce=0.3653  kd=0.2440
train:  16%|█▌        | 490/3125 [1:22:12<5:35:30,  7.64s/step, epoch=0, loss=0.3047]train:  16%|█▌        | 490/3125 [1:22:17<5:35:30,  7.64s/step, epoch=0, loss=0.3047]train:  16%|█▌        | 493/3125 [1:22:35<5:36:49,  7.68s/step, epoch=0, loss=0.4130]train:  16%|█▌        | 494/3125 [1:22:47<5:36:41,  7.68s/step, epoch=0, loss=0.1810]train:  16%|█▌        | 497/3125 [1:23:06<5:36:14,  7.68s/step, epoch=0, loss=0.9446]train:  16%|█▌        | 498/3125 [1:23:17<5:36:06,  7.68s/step, epoch=0, loss=0.2273]                                                                                     [train] step 500/3125  loss=0.4764  ce=0.2456  kd=0.1467
train:  16%|█▌        | 500/3125 [1:23:29<5:35:51,  7.68s/step, epoch=0, loss=0.1961]train:  16%|█▌        | 502/3125 [1:23:43<5:31:33,  7.58s/step, epoch=0, loss=0.2718]train:  16%|█▌        | 503/3125 [1:23:57<5:31:25,  7.58s/step, epoch=0, loss=0.3223]train:  16%|█▌        | 506/3125 [1:24:14<5:31:51,  7.60s/step, epoch=0, loss=1.3377]train:  16%|█▌        | 507/3125 [1:24:27<5:31:43,  7.60s/step, epoch=0, loss=0.2283]train:  16%|█▋        | 510/3125 [1:24:45<5:35:12,  7.69s/step, epoch=0, loss=0.4982]                                                                                     [train] step 510/3125  loss=0.4897  ce=1.4287  kd=0.3620
train:  16%|█▋        | 510/3125 [1:24:45<5:35:12,  7.69s/step, epoch=0, loss=0.8953]train:  16%|█▋        | 511/3125 [1:24:57<5:35:04,  7.69s/step, epoch=0, loss=0.2892]train:  16%|█▋        | 514/3125 [1:25:16<5:32:50,  7.65s/step, epoch=0, loss=0.2748]train:  16%|█▋        | 515/3125 [1:25:27<5:32:43,  7.65s/step, epoch=0, loss=0.3197]train:  17%|█▋        | 519/3125 [1:25:53<5:30:26,  7.61s/step, epoch=0, loss=0.1317]                                                                                     [train] step 520/3125  loss=0.4862  ce=0.8822  kd=0.1481
train:  17%|█▋        | 520/3125 [1:26:01<5:30:19,  7.61s/step, epoch=0, loss=0.5152]train:  17%|█▋        | 520/3125 [1:26:07<5:30:19,  7.61s/step, epoch=0, loss=0.5152]train:  17%|█▋        | 523/3125 [1:26:24<5:30:26,  7.62s/step, epoch=0, loss=0.4276]train:  17%|█▋        | 524/3125 [1:26:37<5:30:19,  7.62s/step, epoch=0, loss=0.2542]train:  17%|█▋        | 527/3125 [1:26:54<5:28:56,  7.60s/step, epoch=0, loss=0.2344]train:  17%|█▋        | 528/3125 [1:27:07<5:28:48,  7.60s/step, epoch=0, loss=0.3835]                                                                                     [train] step 530/3125  loss=0.4483  ce=0.8263  kd=0.2059
train:  17%|█▋        | 530/3125 [1:27:17<5:28:33,  7.60s/step, epoch=0, loss=0.5161]train:  17%|█▋        | 531/3125 [1:27:25<5:29:55,  7.63s/step, epoch=0, loss=0.5161]train:  17%|█▋        | 532/3125 [1:27:37<5:29:47,  7.63s/step, epoch=0, loss=0.4578]train:  17%|█▋        | 535/3125 [1:27:55<5:28:31,  7.61s/step, epoch=0, loss=0.4459]train:  17%|█▋        | 536/3125 [1:28:07<5:28:24,  7.61s/step, epoch=0, loss=0.6838]train:  17%|█▋        | 539/3125 [1:28:26<5:29:28,  7.64s/step, epoch=0, loss=0.3915]                                                                                     [train] step 540/3125  loss=0.4735  ce=0.4985  kd=0.3801
train:  17%|█▋        | 540/3125 [1:28:34<5:29:20,  7.64s/step, epoch=0, loss=0.4393]train:  17%|█▋        | 540/3125 [1:28:37<5:29:20,  7.64s/step, epoch=0, loss=0.4393]train:  17%|█▋        | 543/3125 [1:28:57<5:31:39,  7.71s/step, epoch=0, loss=0.1143]train:  17%|█▋        | 544/3125 [1:29:09<5:31:31,  7.71s/step, epoch=0, loss=0.2878]train:  18%|█▊        | 548/3125 [1:29:35<5:27:34,  7.63s/step, epoch=0, loss=0.4568]train:  18%|█▊        | 549/3125 [1:29:47<5:27:26,  7.63s/step, epoch=0, loss=0.2180]                                                                                     [train] step 550/3125  loss=0.4753  ce=0.7253  kd=0.2639
train:  18%|█▊        | 550/3125 [1:29:50<5:27:18,  7.63s/step, epoch=0, loss=0.4946]train:  18%|█▊        | 553/3125 [1:30:12<5:24:08,  7.56s/step, epoch=0, loss=0.3511]train:  18%|█▊        | 555/3125 [1:30:27<5:23:53,  7.56s/step, epoch=0, loss=0.3308]train:  18%|█▊        | 557/3125 [1:30:42<5:22:59,  7.55s/step, epoch=0, loss=0.3890]train:  18%|█▊        | 558/3125 [1:30:57<5:22:51,  7.55s/step, epoch=0, loss=0.2949]                                                                                     [train] step 560/3125  loss=0.4796  ce=0.3659  kd=0.1604
train:  18%|█▊        | 560/3125 [1:31:04<5:22:36,  7.55s/step, epoch=0, loss=0.2631]train:  18%|█▊        | 561/3125 [1:31:12<5:22:11,  7.54s/step, epoch=0, loss=0.2631]train:  18%|█▊        | 562/3125 [1:31:27<5:22:04,  7.54s/step, epoch=0, loss=0.6296]train:  18%|█▊        | 565/3125 [1:31:42<5:21:52,  7.54s/step, epoch=0, loss=0.3291]train:  18%|█▊        | 566/3125 [1:31:57<5:21:45,  7.54s/step, epoch=0, loss=0.3115]train:  18%|█▊        | 570/3125 [1:32:19<5:19:22,  7.50s/step, epoch=0, loss=0.3606]                                                                                     [train] step 570/3125  loss=0.4759  ce=0.4371  kd=0.1934
train:  18%|█▊        | 570/3125 [1:32:19<5:19:22,  7.50s/step, epoch=0, loss=0.3153]train:  18%|█▊        | 572/3125 [1:32:37<5:19:07,  7.50s/step, epoch=0, loss=0.6803]train:  18%|█▊        | 574/3125 [1:32:51<5:22:28,  7.58s/step, epoch=0, loss=0.2381]train:  18%|█▊        | 576/3125 [1:33:07<5:22:12,  7.58s/step, epoch=0, loss=0.7141]train:  18%|█▊        | 578/3125 [1:33:21<5:22:56,  7.61s/step, epoch=0, loss=0.1779]                                                                                     [train] step 580/3125  loss=0.4720  ce=0.7840  kd=0.2666
train:  19%|█▊        | 580/3125 [1:33:36<5:22:41,  7.61s/step, epoch=0, loss=0.5253]train:  19%|█▊        | 580/3125 [1:33:37<5:22:41,  7.61s/step, epoch=0, loss=0.5253]train:  19%|█▊        | 583/3125 [1:33:59<5:19:59,  7.55s/step, epoch=0, loss=1.0361]train:  19%|█▊        | 584/3125 [1:34:09<5:19:52,  7.55s/step, epoch=0, loss=0.2339]train:  19%|█▉        | 587/3125 [1:34:31<5:25:00,  7.68s/step, epoch=0, loss=0.3911]train:  19%|█▉        | 589/3125 [1:34:47<5:24:44,  7.68s/step, epoch=0, loss=0.3472]                                                                                     [train] step 590/3125  loss=0.4673  ce=1.3082  kd=0.4418
train:  19%|█▉        | 590/3125 [1:34:53<5:24:37,  7.68s/step, epoch=0, loss=0.8750]train:  19%|█▉        | 591/3125 [1:35:01<5:23:10,  7.65s/step, epoch=0, loss=0.8750]train:  19%|█▉        | 593/3125 [1:35:17<5:22:54,  7.65s/step, epoch=0, loss=0.6560]train:  19%|█▉        | 595/3125 [1:35:32<5:23:32,  7.67s/step, epoch=0, loss=0.3149]train:  19%|█▉        | 597/3125 [1:35:47<5:23:17,  7.67s/step, epoch=0, loss=0.1824]train:  19%|█▉        | 599/3125 [1:36:02<5:21:04,  7.63s/step, epoch=0, loss=0.9466]                                                                                     [train] step 600/3125  loss=0.4705  ce=0.8002  kd=0.3329
train:  19%|█▉        | 600/3125 [1:36:09<5:20:56,  7.63s/step, epoch=0, loss=0.5665]
eval:   0%|          | 0/5000 [00:00<?, ?batch/s][Atrain:  19%|█▉        | 600/3125 [1:36:17<5:20:56,  7.63s/step, epoch=0, loss=0.5665]
eval:   5%|▌         | 251/5000 [00:30<09:29,  8.34batch/s][A
eval:   5%|▌         | 251/5000 [00:47<09:29,  8.34batch/s][A
eval:  10%|▉         | 499/5000 [01:00<09:02,  8.29batch/s][A
eval:  10%|▉         | 499/5000 [01:17<09:02,  8.29batch/s][A
eval:  15%|█▌        | 756/5000 [01:30<08:24,  8.41batch/s][A
eval:  15%|█▌        | 756/5000 [01:47<08:24,  8.41batch/s][A
eval:  20%|██        | 1013/5000 [02:00<07:51,  8.46batch/s][A
eval:  20%|██        | 1013/5000 [02:17<07:51,  8.46batch/s][A
eval:  25%|██▌       | 1256/5000 [02:30<07:29,  8.32batch/s][A
eval:  25%|██▌       | 1256/5000 [02:47<07:29,  8.32batch/s][A
eval:  30%|███       | 1507/5000 [03:00<06:59,  8.33batch/s][A
eval:  30%|███       | 1507/5000 [03:17<06:59,  8.33batch/s][A
eval:  35%|███▌      | 1750/5000 [03:30<06:34,  8.24batch/s][A
eval:  35%|███▌      | 1750/5000 [03:47<06:34,  8.24batch/s][A
eval:  40%|███▉      | 1996/5000 [04:00<06:05,  8.22batch/s][A
eval:  40%|███▉      | 1996/5000 [04:17<06:05,  8.22batch/s][A
eval:  45%|████▍     | 2246/5000 [04:30<05:33,  8.25batch/s][A
eval:  45%|████▍     | 2246/5000 [04:47<05:33,  8.25batch/s][A
eval:  50%|████▉     | 2499/5000 [05:00<05:01,  8.31batch/s][A
eval:  50%|████▉     | 2499/5000 [05:17<05:01,  8.31batch/s][A
eval:  55%|█████▌    | 2751/5000 [05:30<04:29,  8.33batch/s][A
eval:  55%|█████▌    | 2751/5000 [05:47<04:29,  8.33batch/s][A
eval:  60%|█████▉    | 2998/5000 [06:00<04:01,  8.30batch/s][A
eval:  60%|█████▉    | 2998/5000 [06:17<04:01,  8.30batch/s][A
eval:  65%|██████▍   | 3246/5000 [06:30<03:31,  8.28batch/s][A
eval:  65%|██████▍   | 3246/5000 [06:47<03:31,  8.28batch/s][A
eval:  70%|██████▉   | 3496/5000 [07:01<03:01,  8.28batch/s][A
eval:  70%|██████▉   | 3496/5000 [07:17<03:01,  8.28batch/s][A
eval:  75%|███████▌  | 3753/5000 [07:31<02:29,  8.36batch/s][A
eval:  75%|███████▌  | 3753/5000 [07:47<02:29,  8.36batch/s][A
eval:  80%|████████  | 4001/5000 [08:01<01:59,  8.33batch/s][A
eval:  80%|████████  | 4001/5000 [08:17<01:59,  8.33batch/s][A
eval:  85%|████████▌ | 4252/5000 [08:31<01:29,  8.34batch/s][A
eval:  85%|████████▌ | 4252/5000 [08:47<01:29,  8.34batch/s][A
eval:  90%|████████▉ | 4499/5000 [09:01<01:00,  8.30batch/s][A
eval:  90%|████████▉ | 4499/5000 [09:17<01:00,  8.30batch/s][A
eval:  95%|█████████▍| 4747/5000 [09:31<00:30,  8.28batch/s][A
eval:  95%|█████████▍| 4747/5000 [09:47<00:30,  8.28batch/s][A
eval: 100%|█████████▉| 4993/5000 [10:01<00:00,  8.26batch/s][A
                                                            [A                                                                                     [val] agreement=0.8635  loss=0.4937  ce=0.7055  kd=0.2820
train:  19%|█▉        | 600/3125 [1:46:12<5:20:56,  7.63s/step, epoch=0, loss=0.5665]train:  19%|█▉        | 601/3125 [1:46:25<42:09:56, 60.14s/step, epoch=0, loss=0.5665]train:  19%|█▉        | 605/3125 [1:46:56<29:56:24, 42.77s/step, epoch=0, loss=0.3012]train:  19%|█▉        | 606/3125 [1:47:07<29:55:41, 42.77s/step, epoch=0, loss=0.2274]train:  20%|█▉        | 610/3125 [1:47:33<20:43:22, 29.66s/step, epoch=0, loss=0.7181]                                                                                      [train] step 610/3125  loss=0.4328  ce=0.9274  kd=0.1240
train:  20%|█▉        | 610/3125 [1:47:33<20:43:22, 29.66s/step, epoch=0, loss=0.5257]train:  20%|█▉        | 611/3125 [1:47:47<20:42:53, 29.66s/step, epoch=0, loss=0.2709]train:  20%|█▉        | 614/3125 [1:48:03<16:06:06, 23.08s/step, epoch=0, loss=0.1828]train:  20%|█▉        | 615/3125 [1:48:17<16:05:42, 23.08s/step, epoch=0, loss=0.2944]train:  20%|█▉        | 619/3125 [1:48:40<12:14:58, 17.60s/step, epoch=0, loss=0.2381]                                                                                      [train] step 620/3125  loss=0.4712  ce=0.2319  kd=0.1817
train:  20%|█▉        | 620/3125 [1:48:47<12:14:40, 17.60s/step, epoch=0, loss=0.2068]train:  20%|█▉        | 621/3125 [1:48:57<12:14:23, 17.60s/step, epoch=0, loss=1.0830]train:  20%|█▉        | 624/3125 [1:49:16<9:51:47, 14.20s/step, epoch=0, loss=0.5408] train:  20%|██        | 625/3125 [1:49:27<9:51:32, 14.20s/step, epoch=0, loss=0.7209]train:  20%|██        | 629/3125 [1:49:53<8:18:46, 11.99s/step, epoch=0, loss=0.3031]                                                                                     [train] step 630/3125  loss=0.5147  ce=0.5057  kd=0.1831
train:  20%|██        | 630/3125 [1:50:01<8:18:34, 11.99s/step, epoch=0, loss=0.3444]train:  20%|██        | 630/3125 [1:50:07<8:18:34, 11.99s/step, epoch=0, loss=0.3444]train:  20%|██        | 633/3125 [1:50:23<7:28:05, 10.79s/step, epoch=0, loss=4.6788]train:  20%|██        | 634/3125 [1:50:37<7:27:54, 10.79s/step, epoch=0, loss=0.7477]train:  20%|██        | 638/3125 [1:51:00<6:42:29,  9.71s/step, epoch=0, loss=0.8791]                                                                                     [train] step 640/3125  loss=0.4628  ce=0.2576  kd=0.1743
train:  20%|██        | 640/3125 [1:51:16<6:42:09,  9.71s/step, epoch=0, loss=0.2159]train:  20%|██        | 640/3125 [1:51:17<6:42:09,  9.71s/step, epoch=0, loss=0.2159]train:  21%|██        | 642/3125 [1:51:30<6:17:08,  9.11s/step, epoch=0, loss=0.8500]train:  21%|██        | 644/3125 [1:51:47<6:16:50,  9.11s/step, epoch=0, loss=0.4367]train:  21%|██        | 646/3125 [1:52:01<6:00:49,  8.73s/step, epoch=0, loss=0.5012]train:  21%|██        | 648/3125 [1:52:17<6:00:32,  8.73s/step, epoch=0, loss=0.4197]train:  21%|██        | 650/3125 [1:52:33<5:49:46,  8.48s/step, epoch=0, loss=0.2858]                                                                                     [train] step 650/3125  loss=0.4606  ce=0.3866  kd=0.1896
train:  21%|██        | 650/3125 [1:52:33<5:49:46,  8.48s/step, epoch=0, loss=0.2881]train:  21%|██        | 651/3125 [1:52:47<5:49:37,  8.48s/step, epoch=0, loss=0.6075]train:  21%|██        | 654/3125 [1:53:03<5:38:02,  8.21s/step, epoch=0, loss=0.3606]train:  21%|██        | 655/3125 [1:53:17<5:37:54,  8.21s/step, epoch=0, loss=0.6458]train:  21%|██        | 659/3125 [1:53:40<5:26:28,  7.94s/step, epoch=0, loss=0.5998]                                                                                     [train] step 660/3125  loss=0.5129  ce=1.6405  kd=1.3906
train:  21%|██        | 660/3125 [1:53:48<5:26:20,  7.94s/step, epoch=0, loss=1.5155]train:  21%|██        | 661/3125 [1:53:57<5:26:12,  7.94s/step, epoch=0, loss=0.5100]train:  21%|██        | 663/3125 [1:54:10<5:21:52,  7.84s/step, epoch=0, loss=0.4181]train:  21%|██▏       | 665/3125 [1:54:27<5:21:36,  7.84s/step, epoch=0, loss=0.3467]train:  21%|██▏       | 668/3125 [1:54:48<5:16:01,  7.72s/step, epoch=0, loss=0.0913]train:  21%|██▏       | 669/3125 [1:54:59<5:15:53,  7.72s/step, epoch=0, loss=0.7114]                                                                                     [train] step 670/3125  loss=0.4891  ce=0.3948  kd=0.2104
train:  21%|██▏       | 670/3125 [1:55:03<5:15:46,  7.72s/step, epoch=0, loss=0.3026]train:  22%|██▏       | 672/3125 [1:55:18<5:13:17,  7.66s/step, epoch=0, loss=0.4432]train:  22%|██▏       | 673/3125 [1:55:29<5:13:09,  7.66s/step, epoch=0, loss=0.2177]train:  22%|██▏       | 677/3125 [1:55:55<5:10:47,  7.62s/step, epoch=0, loss=0.8579]train:  22%|██▏       | 678/3125 [1:56:07<5:10:39,  7.62s/step, epoch=0, loss=0.6007]                                                                                     [train] step 680/3125  loss=0.5087  ce=0.5152  kd=0.1538
train:  22%|██▏       | 680/3125 [1:56:18<5:10:24,  7.62s/step, epoch=0, loss=0.3345]train:  22%|██▏       | 682/3125 [1:56:33<5:08:27,  7.58s/step, epoch=0, loss=0.4397]train:  22%|██▏       | 683/3125 [1:56:47<5:08:19,  7.58s/step, epoch=0, loss=0.5473]train:  22%|██▏       | 686/3125 [1:57:03<5:07:24,  7.56s/step, epoch=0, loss=0.4813]train:  22%|██▏       | 687/3125 [1:57:17<5:07:17,  7.56s/step, epoch=0, loss=0.3980]train:  22%|██▏       | 690/3125 [1:57:34<5:08:59,  7.61s/step, epoch=0, loss=0.5797]                                                                                     [train] step 690/3125  loss=0.4824  ce=0.0727  kd=0.0522
train:  22%|██▏       | 690/3125 [1:57:34<5:08:59,  7.61s/step, epoch=0, loss=0.0625]train:  22%|██▏       | 691/3125 [1:57:47<5:08:52,  7.61s/step, epoch=0, loss=0.3487]train:  22%|██▏       | 694/3125 [1:58:04<5:07:40,  7.59s/step, epoch=0, loss=0.1550]train:  22%|██▏       | 695/3125 [1:58:17<5:07:33,  7.59s/step, epoch=0, loss=0.1466]train:  22%|██▏       | 699/3125 [1:58:42<5:05:59,  7.57s/step, epoch=0, loss=0.2509]                                                                                     [train] step 700/3125  loss=0.4465  ce=1.8289  kd=0.7278
train:  22%|██▏       | 700/3125 [1:58:49<5:05:51,  7.57s/step, epoch=0, loss=1.2784]train:  22%|██▏       | 701/3125 [1:58:57<5:05:43,  7.57s/step, epoch=0, loss=0.2750]train:  23%|██▎       | 704/3125 [1:59:19<5:03:54,  7.53s/step, epoch=0, loss=0.5899]train:  23%|██▎       | 706/3125 [1:59:37<5:03:39,  7.53s/step, epoch=0, loss=0.3288]train:  23%|██▎       | 709/3125 [1:59:56<5:02:00,  7.50s/step, epoch=0, loss=0.6652]                                                                                     [train] step 710/3125  loss=0.5088  ce=0.2458  kd=0.1554
train:  23%|██▎       | 710/3125 [2:00:04<5:01:53,  7.50s/step, epoch=0, loss=0.2006]train:  23%|██▎       | 710/3125 [2:00:07<5:01:53,  7.50s/step, epoch=0, loss=0.2006]train:  23%|██▎       | 713/3125 [2:00:26<5:01:37,  7.50s/step, epoch=0, loss=0.3588]train:  23%|██▎       | 714/3125 [2:00:37<5:01:29,  7.50s/step, epoch=0, loss=0.2974]train:  23%|██▎       | 718/3125 [2:01:03<4:59:42,  7.47s/step, epoch=0, loss=0.2568]train:  23%|██▎       | 719/3125 [2:01:17<4:59:34,  7.47s/step, epoch=0, loss=0.3704]                                                                                     [train] step 720/3125  loss=0.4715  ce=0.1545  kd=0.1028
train:  23%|██▎       | 720/3125 [2:01:19<4:59:27,  7.47s/step, epoch=0, loss=0.1286]train:  23%|██▎       | 722/3125 [2:01:34<5:01:47,  7.54s/step, epoch=0, loss=0.9245]train:  23%|██▎       | 723/3125 [2:01:47<5:01:39,  7.54s/step, epoch=0, loss=0.3418]train:  23%|██▎       | 727/3125 [2:02:12<5:01:58,  7.56s/step, epoch=0, loss=0.6296]train:  23%|██▎       | 728/3125 [2:02:27<5:01:50,  7.56s/step, epoch=0, loss=0.1999]                                                                                     [train] step 730/3125  loss=0.4499  ce=0.8549  kd=0.3036
train:  23%|██▎       | 730/3125 [2:02:35<5:01:35,  7.56s/step, epoch=0, loss=0.5793]train:  23%|██▎       | 731/3125 [2:02:43<5:03:06,  7.60s/step, epoch=0, loss=0.5793]train:  23%|██▎       | 732/3125 [2:02:57<5:02:59,  7.60s/step, epoch=0, loss=0.4548]train:  24%|██▎       | 735/3125 [2:03:13<5:02:57,  7.61s/step, epoch=0, loss=0.4847]train:  24%|██▎       | 736/3125 [2:03:27<5:02:49,  7.61s/step, epoch=0, loss=0.3239]train:  24%|██▎       | 739/3125 [2:03:44<5:03:42,  7.64s/step, epoch=0, loss=0.2433]                                                                                     [train] step 740/3125  loss=0.4674  ce=0.4299  kd=0.1625
train:  24%|██▎       | 740/3125 [2:03:51<5:03:34,  7.64s/step, epoch=0, loss=0.2962]train:  24%|██▎       | 740/3125 [2:03:57<5:03:34,  7.64s/step, epoch=0, loss=0.2962]train:  24%|██▍       | 744/3125 [2:04:21<4:58:15,  7.52s/step, epoch=0, loss=0.6036]train:  24%|██▍       | 746/3125 [2:04:37<4:58:00,  7.52s/step, epoch=0, loss=0.4396]train:  24%|██▍       | 748/3125 [2:04:51<4:57:46,  7.52s/step, epoch=0, loss=0.8066]                                                                                     [train] step 750/3125  loss=0.4756  ce=1.4626  kd=0.8064
train:  24%|██▍       | 750/3125 [2:05:06<4:57:31,  7.52s/step, epoch=0, loss=1.1345]train:  24%|██▍       | 750/3125 [2:05:07<4:57:31,  7.52s/step, epoch=0, loss=1.1345]train:  24%|██▍       | 752/3125 [2:05:21<4:58:27,  7.55s/step, epoch=0, loss=0.3126]train:  24%|██▍       | 754/3125 [2:05:37<4:58:12,  7.55s/step, epoch=0, loss=0.4285]train:  24%|██▍       | 757/3125 [2:05:58<4:56:37,  7.52s/step, epoch=0, loss=0.7328]train:  24%|██▍       | 758/3125 [2:06:09<4:56:30,  7.52s/step, epoch=0, loss=0.4731]                                                                                     [train] step 760/3125  loss=0.4567  ce=0.1073  kd=0.1150
train:  24%|██▍       | 760/3125 [2:06:21<4:56:15,  7.52s/step, epoch=0, loss=0.1111]train:  24%|██▍       | 762/3125 [2:06:36<4:55:46,  7.51s/step, epoch=0, loss=0.4537]train:  24%|██▍       | 763/3125 [2:06:47<4:55:39,  7.51s/step, epoch=0, loss=0.2768]train:  25%|██▍       | 767/3125 [2:07:13<4:54:46,  7.50s/step, epoch=0, loss=0.2378]train:  25%|██▍       | 768/3125 [2:07:27<4:54:39,  7.50s/step, epoch=0, loss=0.3223]                                                                                     [train] step 770/3125  loss=0.4797  ce=0.6674  kd=0.3481
train:  25%|██▍       | 770/3125 [2:07:35<4:54:24,  7.50s/step, epoch=0, loss=0.5077]train:  25%|██▍       | 772/3125 [2:07:50<4:53:03,  7.47s/step, epoch=0, loss=0.4400]train:  25%|██▍       | 774/3125 [2:08:07<4:52:48,  7.47s/step, epoch=0, loss=0.4147]train:  25%|██▍       | 777/3125 [2:08:27<4:50:40,  7.43s/step, epoch=0, loss=0.3023]train:  25%|██▍       | 778/3125 [2:08:37<4:50:32,  7.43s/step, epoch=0, loss=0.1198]                                                                                     [train] step 780/3125  loss=0.4861  ce=0.7282  kd=0.2067
train:  25%|██▍       | 780/3125 [2:08:49<4:50:17,  7.43s/step, epoch=0, loss=0.4675]train:  25%|██▌       | 782/3125 [2:09:05<4:51:11,  7.46s/step, epoch=0, loss=0.5903]train:  25%|██▌       | 783/3125 [2:09:17<4:51:04,  7.46s/step, epoch=0, loss=0.5252]train:  25%|██▌       | 786/3125 [2:09:35<4:51:18,  7.47s/step, epoch=0, loss=0.3874]train:  25%|██▌       | 787/3125 [2:09:47<4:51:11,  7.47s/step, epoch=0, loss=0.4257]                                                                                     [train] step 790/3125  loss=0.4685  ce=0.2903  kd=0.1495
train:  25%|██▌       | 790/3125 [2:10:04<4:50:48,  7.47s/step, epoch=0, loss=0.2199]train:  25%|██▌       | 791/3125 [2:10:11<4:48:28,  7.42s/step, epoch=0, loss=0.2199]train:  25%|██▌       | 793/3125 [2:10:27<4:48:13,  7.42s/step, epoch=0, loss=0.6220]train:  25%|██▌       | 796/3125 [2:10:48<4:47:49,  7.41s/step, epoch=0, loss=0.4663]train:  26%|██▌       | 797/3125 [2:10:59<4:47:41,  7.41s/step, epoch=0, loss=1.3349]                                                                                     [train] step 800/3125  loss=0.5058  ce=0.3313  kd=0.1908
train:  26%|██▌       | 800/3125 [2:11:18<4:47:19,  7.41s/step, epoch=0, loss=0.2611]
eval:   0%|          | 0/5000 [00:00<?, ?batch/s][A
eval:   5%|▌         | 251/5000 [00:30<09:29,  8.34batch/s][A
eval:   5%|▌         | 251/5000 [00:40<09:29,  8.34batch/s][A
eval:  10%|█         | 500/5000 [01:00<09:01,  8.30batch/s][A
eval:  10%|█         | 500/5000 [01:10<09:01,  8.30batch/s][A
eval:  15%|█▌        | 756/5000 [01:30<08:25,  8.40batch/s][A
eval:  15%|█▌        | 756/5000 [01:40<08:25,  8.40batch/s][A
eval:  20%|██        | 1011/5000 [02:00<07:52,  8.44batch/s][A
eval:  20%|██        | 1011/5000 [02:10<07:52,  8.44batch/s][A
eval:  25%|██▌       | 1255/5000 [02:30<07:30,  8.32batch/s][A
eval:  25%|██▌       | 1255/5000 [02:40<07:30,  8.32batch/s][A
eval:  30%|███       | 1506/5000 [03:00<06:59,  8.33batch/s][A
eval:  30%|███       | 1506/5000 [03:10<06:59,  8.33batch/s][A
eval:  35%|███▍      | 1747/5000 [03:30<06:35,  8.23batch/s][A
eval:  35%|███▍      | 1747/5000 [03:40<06:35,  8.23batch/s][A
eval:  40%|███▉      | 1993/5000 [04:00<06:06,  8.22batch/s][A
eval:  40%|███▉      | 1993/5000 [04:10<06:06,  8.22batch/s][A
eval:  45%|████▍     | 2243/5000 [04:30<05:34,  8.25batch/s][A
eval:  45%|████▍     | 2243/5000 [04:40<05:34,  8.25batch/s][A
eval:  50%|████▉     | 2497/5000 [05:00<05:01,  8.31batch/s][A
eval:  50%|████▉     | 2497/5000 [05:19<05:01,  8.31batch/s][A
eval:  55%|█████▍    | 2748/5000 [05:30<04:30,  8.32batch/s][A
eval:  55%|█████▍    | 2748/5000 [05:49<04:30,  8.32batch/s][A
eval:  60%|█████▉    | 2994/5000 [06:00<04:02,  8.27batch/s][A
eval:  60%|█████▉    | 2994/5000 [06:19<04:02,  8.27batch/s][A
eval:  65%|██████▍   | 3243/5000 [06:30<03:32,  8.28batch/s][A
eval:  65%|██████▍   | 3243/5000 [06:49<03:32,  8.28batch/s][A
eval:  70%|██████▉   | 3491/5000 [07:00<03:02,  8.27batch/s][A
eval:  70%|██████▉   | 3491/5000 [07:19<03:02,  8.27batch/s][A
eval:  75%|███████▍  | 3746/5000 [07:30<02:30,  8.34batch/s][A
eval:  75%|███████▍  | 3746/5000 [07:49<02:30,  8.34batch/s][A
eval:  80%|███████▉  | 3993/5000 [08:00<02:01,  8.30batch/s][A
eval:  80%|███████▉  | 3993/5000 [08:19<02:01,  8.30batch/s][A
eval:  85%|████████▍ | 4243/5000 [08:30<01:31,  8.31batch/s][A
eval:  85%|████████▍ | 4243/5000 [08:49<01:31,  8.31batch/s][A
eval:  90%|████████▉ | 4488/5000 [09:01<01:01,  8.26batch/s][A
eval:  90%|████████▉ | 4488/5000 [09:19<01:01,  8.26batch/s][A
eval:  95%|█████████▍| 4735/5000 [09:31<00:32,  8.25batch/s][A
eval:  95%|█████████▍| 4735/5000 [09:49<00:32,  8.25batch/s][A
eval: 100%|█████████▉| 4978/5000 [10:01<00:02,  8.21batch/s][A
                                                            [A                                                                                     [val] agreement=0.8635  loss=0.4903  ce=0.6965  kd=0.2842
train:  26%|██▌       | 800/3125 [2:21:22<4:47:19,  7.41s/step, epoch=0, loss=0.2611]train:  26%|██▌       | 801/3125 [2:21:35<29:01:40, 44.97s/step, epoch=0, loss=0.2611]train:  26%|██▌       | 805/3125 [2:22:07<22:45:07, 35.30s/step, epoch=0, loss=1.0243]train:  26%|██▌       | 806/3125 [2:22:17<22:44:32, 35.30s/step, epoch=0, loss=0.6196]train:  26%|██▌       | 810/3125 [2:22:44<17:01:19, 26.47s/step, epoch=0, loss=0.3034]                                                                                      [train] step 810/3125  loss=0.5098  ce=0.7084  kd=0.2050
train:  26%|██▌       | 810/3125 [2:22:44<17:01:19, 26.47s/step, epoch=0, loss=0.4567]train:  26%|██▌       | 811/3125 [2:22:57<17:00:53, 26.47s/step, epoch=0, loss=0.2239]train:  26%|██▌       | 814/3125 [2:23:15<13:47:33, 21.49s/step, epoch=0, loss=0.4952]train:  26%|██▌       | 815/3125 [2:23:27<13:47:12, 21.49s/step, epoch=0, loss=0.6850]train:  26%|██▌       | 818/3125 [2:23:45<11:18:50, 17.66s/step, epoch=0, loss=1.0273]train:  26%|██▌       | 819/3125 [2:23:57<11:18:33, 17.66s/step, epoch=0, loss=0.2308]                                                                                      [train] step 820/3125  loss=0.4944  ce=0.2374  kd=0.1669
train:  26%|██▌       | 820/3125 [2:24:01<11:18:15, 17.66s/step, epoch=0, loss=0.2021]train:  26%|██▋       | 822/3125 [2:24:16<9:30:10, 14.85s/step, epoch=0, loss=0.3077] train:  26%|██▋       | 823/3125 [2:24:27<9:29:55, 14.85s/step, epoch=0, loss=0.7728]train:  26%|██▋       | 827/3125 [2:24:53<7:53:12, 12.36s/step, epoch=0, loss=0.2408]train:  26%|██▋       | 828/3125 [2:25:07<7:52:59, 12.36s/step, epoch=0, loss=0.7465]                                                                                     [train] step 830/3125  loss=0.4856  ce=0.5275  kd=0.2261
train:  27%|██▋       | 830/3125 [2:25:16<7:52:35, 12.36s/step, epoch=0, loss=0.3768]train:  27%|██▋       | 832/3125 [2:25:31<6:52:39, 10.80s/step, epoch=0, loss=0.2286]train:  27%|██▋       | 834/3125 [2:25:47<6:52:18, 10.80s/step, epoch=0, loss=0.6196]train:  27%|██▋       | 836/3125 [2:26:02<6:19:47,  9.96s/step, epoch=0, loss=0.1829]train:  27%|██▋       | 838/3125 [2:26:17<6:19:28,  9.96s/step, epoch=0, loss=0.1894]train:  27%|██▋       | 840/3125 [2:26:32<5:54:52,  9.32s/step, epoch=0, loss=0.7394]                                                                                     [train] step 840/3125  loss=0.5278  ce=0.2283  kd=0.0891
train:  27%|██▋       | 840/3125 [2:26:32<5:54:52,  9.32s/step, epoch=0, loss=0.1587]train:  27%|██▋       | 841/3125 [2:26:47<5:54:43,  9.32s/step, epoch=0, loss=0.1196]train:  27%|██▋       | 844/3125 [2:27:03<5:35:06,  8.81s/step, epoch=0, loss=0.7309]train:  27%|██▋       | 845/3125 [2:27:17<5:34:58,  8.81s/step, epoch=0, loss=0.8445]train:  27%|██▋       | 848/3125 [2:27:33<5:21:01,  8.46s/step, epoch=0, loss=0.1362]train:  27%|██▋       | 849/3125 [2:27:47<5:20:53,  8.46s/step, epoch=0, loss=0.7186]                                                                                     [train] step 850/3125  loss=0.5555  ce=1.3411  kd=0.4935
train:  27%|██▋       | 850/3125 [2:27:47<5:20:44,  8.46s/step, epoch=0, loss=0.9173]train:  27%|██▋       | 853/3125 [2:28:10<5:05:42,  8.07s/step, epoch=0, loss=0.1731]train:  27%|██▋       | 855/3125 [2:28:27<5:05:26,  8.07s/step, epoch=0, loss=0.2394]train:  27%|██▋       | 857/3125 [2:28:40<5:00:28,  7.95s/step, epoch=0, loss=1.7154]train:  27%|██▋       | 859/3125 [2:28:57<5:00:12,  7.95s/step, epoch=0, loss=0.3661]                                                                                     [train] step 860/3125  loss=0.5456  ce=0.7364  kd=0.3361
train:  28%|██▊       | 860/3125 [2:29:03<5:00:04,  7.95s/step, epoch=0, loss=0.5363]train:  28%|██▊       | 861/3125 [2:29:10<4:56:07,  7.85s/step, epoch=0, loss=0.5363]train:  28%|██▊       | 863/3125 [2:29:27<4:55:52,  7.85s/step, epoch=0, loss=0.4399]train:  28%|██▊       | 866/3125 [2:29:47<4:47:54,  7.65s/step, epoch=0, loss=0.4476]train:  28%|██▊       | 867/3125 [2:29:57<4:47:46,  7.65s/step, epoch=0, loss=0.2660]train:  28%|██▊       | 870/3125 [2:30:17<4:46:37,  7.63s/step, epoch=0, loss=0.2291]                                                                                     [train] step 870/3125  loss=0.5314  ce=1.2086  kd=0.5885
train:  28%|██▊       | 870/3125 [2:30:17<4:46:37,  7.63s/step, epoch=0, loss=0.8985]train:  28%|██▊       | 871/3125 [2:30:27<4:46:29,  7.63s/step, epoch=0, loss=0.4030]train:  28%|██▊       | 874/3125 [2:30:48<4:47:00,  7.65s/step, epoch=0, loss=0.4740]train:  28%|██▊       | 875/3125 [2:30:59<4:46:53,  7.65s/step, epoch=0, loss=0.4612]train:  28%|██▊       | 878/3125 [2:31:19<4:47:26,  7.68s/step, epoch=0, loss=0.7999]                                                                                     [train] step 880/3125  loss=0.4550  ce=0.6027  kd=0.2591
train:  28%|██▊       | 880/3125 [2:31:35<4:47:11,  7.68s/step, epoch=0, loss=0.4309]train:  28%|██▊       | 880/3125 [2:31:37<4:47:11,  7.68s/step, epoch=0, loss=0.4309]train:  28%|██▊       | 882/3125 [2:31:50<4:48:01,  7.70s/step, epoch=0, loss=0.3994]train:  28%|██▊       | 884/3125 [2:32:07<4:47:46,  7.70s/step, epoch=0, loss=0.2382]train:  28%|██▊       | 886/3125 [2:32:21<4:47:16,  7.70s/step, epoch=0, loss=0.4237]train:  28%|██▊       | 888/3125 [2:32:37<4:47:00,  7.70s/step, epoch=0, loss=0.4758]train:  28%|██▊       | 890/3125 [2:32:51<4:45:59,  7.68s/step, epoch=0, loss=0.4032]                                                                                     [train] step 890/3125  loss=0.4719  ce=0.2114  kd=0.1128
train:  28%|██▊       | 890/3125 [2:32:51<4:45:59,  7.68s/step, epoch=0, loss=0.1621]train:  29%|██▊       | 892/3125 [2:33:07<4:45:43,  7.68s/step, epoch=0, loss=0.5146]train:  29%|██▊       | 895/3125 [2:33:29<4:43:01,  7.62s/step, epoch=0, loss=0.3473]train:  29%|██▊       | 896/3125 [2:33:39<4:42:54,  7.62s/step, epoch=0, loss=0.4700]train:  29%|██▉       | 900/3125 [2:34:06<4:40:05,  7.55s/step, epoch=0, loss=0.3856]                                                                                     [train] step 900/3125  loss=0.4540  ce=0.6754  kd=0.1375
train:  29%|██▉       | 900/3125 [2:34:06<4:40:05,  7.55s/step, epoch=0, loss=0.4065]train:  29%|██▉       | 901/3125 [2:34:17<4:39:58,  7.55s/step, epoch=0, loss=0.2087]train:  29%|██▉       | 905/3125 [2:34:43<4:38:08,  7.52s/step, epoch=0, loss=0.2498]train:  29%|██▉       | 906/3125 [2:34:57<4:38:01,  7.52s/step, epoch=0, loss=0.1292]train:  29%|██▉       | 909/3125 [2:35:14<4:39:17,  7.56s/step, epoch=0, loss=0.2849]                                                                                     [train] step 910/3125  loss=0.4980  ce=0.5308  kd=0.1277
train:  29%|██▉       | 910/3125 [2:35:21<4:39:10,  7.56s/step, epoch=0, loss=0.3292]train:  29%|██▉       | 910/3125 [2:35:27<4:39:10,  7.56s/step, epoch=0, loss=0.3292]train:  29%|██▉       | 913/3125 [2:35:44<4:38:46,  7.56s/step, epoch=0, loss=4.2891]train:  29%|██▉       | 914/3125 [2:35:57<4:38:38,  7.56s/step, epoch=0, loss=1.1204]train:  29%|██▉       | 917/3125 [2:36:14<4:38:06,  7.56s/step, epoch=0, loss=0.3496]train:  29%|██▉       | 918/3125 [2:36:27<4:37:58,  7.56s/step, epoch=0, loss=0.4405]                                                                                     [train] step 920/3125  loss=0.4954  ce=0.5186  kd=0.2213
train:  29%|██▉       | 920/3125 [2:36:37<4:37:43,  7.56s/step, epoch=0, loss=0.3699]train:  29%|██▉       | 921/3125 [2:36:44<4:37:47,  7.56s/step, epoch=0, loss=0.3699]train:  30%|██▉       | 922/3125 [2:36:57<4:37:39,  7.56s/step, epoch=0, loss=0.1561]train:  30%|██▉       | 925/3125 [2:37:15<4:38:31,  7.60s/step, epoch=0, loss=0.5196]train:  30%|██▉       | 926/3125 [2:37:27<4:38:23,  7.60s/step, epoch=0, loss=0.3709]train:  30%|██▉       | 930/3125 [2:37:52<4:35:34,  7.53s/step, epoch=0, loss=0.3530]                                                                                     [train] step 930/3125  loss=0.4654  ce=0.5088  kd=0.2029
train:  30%|██▉       | 930/3125 [2:37:52<4:35:34,  7.53s/step, epoch=0, loss=0.3559]train:  30%|██▉       | 932/3125 [2:38:07<4:35:19,  7.53s/step, epoch=0, loss=0.7177]train:  30%|██▉       | 935/3125 [2:38:30<4:34:41,  7.53s/step, epoch=0, loss=1.6737]train:  30%|██▉       | 937/3125 [2:38:47<4:34:26,  7.53s/step, epoch=0, loss=0.3008]train:  30%|███       | 939/3125 [2:39:00<4:35:24,  7.56s/step, epoch=0, loss=0.5595]                                                                                     [train] step 940/3125  loss=0.4804  ce=0.3983  kd=0.1067
train:  30%|███       | 940/3125 [2:39:08<4:35:17,  7.56s/step, epoch=0, loss=0.2525]train:  30%|███       | 941/3125 [2:39:17<4:35:09,  7.56s/step, epoch=0, loss=0.1634]train:  30%|███       | 943/3125 [2:39:31<4:36:17,  7.60s/step, epoch=0, loss=0.8426]train:  30%|███       | 945/3125 [2:39:47<4:36:01,  7.60s/step, epoch=0, loss=0.3876]train:  30%|███       | 947/3125 [2:40:02<4:35:49,  7.60s/step, epoch=0, loss=0.4711]train:  30%|███       | 949/3125 [2:40:17<4:35:33,  7.60s/step, epoch=0, loss=0.4756]                                                                                     [train] step 950/3125  loss=0.4821  ce=0.4611  kd=0.3354
train:  30%|███       | 950/3125 [2:40:24<4:35:26,  7.60s/step, epoch=0, loss=0.3982]train:  30%|███       | 951/3125 [2:40:32<4:36:02,  7.62s/step, epoch=0, loss=0.3982]train:  30%|███       | 952/3125 [2:40:47<4:35:54,  7.62s/step, epoch=0, loss=0.1787]train:  31%|███       | 955/3125 [2:41:03<4:35:05,  7.61s/step, epoch=0, loss=0.7387]train:  31%|███       | 956/3125 [2:41:17<4:34:57,  7.61s/step, epoch=0, loss=2.1915]train:  31%|███       | 959/3125 [2:41:33<4:33:47,  7.58s/step, epoch=0, loss=0.8174]                                                                                     [train] step 960/3125  loss=0.4821  ce=0.6579  kd=0.1733
train:  31%|███       | 960/3125 [2:41:41<4:33:40,  7.58s/step, epoch=0, loss=0.4156]train:  31%|███       | 960/3125 [2:41:47<4:33:40,  7.58s/step, epoch=0, loss=0.4156]train:  31%|███       | 963/3125 [2:42:03<4:33:40,  7.59s/step, epoch=0, loss=0.3648]train:  31%|███       | 964/3125 [2:42:17<4:33:32,  7.59s/step, epoch=0, loss=0.2132]train:  31%|███       | 967/3125 [2:42:33<4:32:50,  7.59s/step, epoch=0, loss=0.3496]train:  31%|███       | 968/3125 [2:42:47<4:32:42,  7.59s/step, epoch=0, loss=0.1176]                                                                                     [train] step 970/3125  loss=0.4683  ce=0.5437  kd=0.1792
train:  31%|███       | 970/3125 [2:42:56<4:32:27,  7.59s/step, epoch=0, loss=0.3614]train:  31%|███       | 971/3125 [2:43:04<4:32:22,  7.59s/step, epoch=0, loss=0.3614]train:  31%|███       | 972/3125 [2:43:17<4:32:14,  7.59s/step, epoch=0, loss=0.4335]train:  31%|███       | 975/3125 [2:43:35<4:33:16,  7.63s/step, epoch=0, loss=0.7791]train:  31%|███       | 976/3125 [2:43:47<4:33:08,  7.63s/step, epoch=0, loss=0.2793]train:  31%|███▏      | 979/3125 [2:44:05<4:32:13,  7.61s/step, epoch=0, loss=0.3318]                                                                                     [train] step 980/3125  loss=0.4945  ce=0.5812  kd=0.1919
train:  31%|███▏      | 980/3125 [2:44:12<4:32:05,  7.61s/step, epoch=0, loss=0.3865]train:  31%|███▏      | 980/3125 [2:44:17<4:32:05,  7.61s/step, epoch=0, loss=0.3865]train:  31%|███▏      | 984/3125 [2:44:42<4:28:41,  7.53s/step, epoch=0, loss=0.3658]train:  32%|███▏      | 986/3125 [2:44:57<4:28:26,  7.53s/step, epoch=0, loss=1.1523]train:  32%|███▏      | 988/3125 [2:45:13<4:31:00,  7.61s/step, epoch=0, loss=0.2023]train:  32%|███▏      | 989/3125 [2:45:27<4:30:52,  7.61s/step, epoch=0, loss=0.1622]                                                                                     [train] step 990/3125  loss=0.4565  ce=1.1960  kd=0.3419
train:  32%|███▏      | 990/3125 [2:45:28<4:30:45,  7.61s/step, epoch=0, loss=0.7690]train:  32%|███▏      | 992/3125 [2:45:43<4:29:32,  7.58s/step, epoch=0, loss=0.2536]train:  32%|███▏      | 993/3125 [2:45:57<4:29:25,  7.58s/step, epoch=0, loss=0.1660]train:  32%|███▏      | 996/3125 [2:46:13<4:28:11,  7.56s/step, epoch=0, loss=0.3063]train:  32%|███▏      | 997/3125 [2:46:27<4:28:03,  7.56s/step, epoch=0, loss=0.2069]train:  32%|███▏      | 1000/3125 [2:46:44<4:28:10,  7.57s/step, epoch=0, loss=0.6039]                                                                                      [train] step 1000/3125  loss=0.4553  ce=0.4171  kd=0.1566
train:  32%|███▏      | 1000/3125 [2:46:44<4:28:10,  7.57s/step, epoch=0, loss=0.2869]
eval:   0%|          | 0/5000 [00:00<?, ?batch/s][Atrain:  32%|███▏      | 1000/3125 [2:46:57<4:28:10,  7.57s/step, epoch=0, loss=0.2869]
eval:   5%|▍         | 249/5000 [00:30<09:33,  8.28batch/s][A
eval:   5%|▍         | 249/5000 [00:43<09:33,  8.28batch/s][A
eval:  10%|▉         | 498/5000 [01:00<09:04,  8.27batch/s][A
eval:  10%|▉         | 498/5000 [01:13<09:04,  8.27batch/s][A
eval:  15%|█▌        | 752/5000 [01:30<08:28,  8.35batch/s][A
eval:  15%|█▌        | 752/5000 [01:43<08:28,  8.35batch/s][A
eval:  20%|██        | 1006/5000 [02:00<07:55,  8.39batch/s][A
eval:  20%|██        | 1006/5000 [02:13<07:55,  8.39batch/s][A
eval:  25%|██▍       | 1249/5000 [02:30<07:32,  8.28batch/s][A
eval:  25%|██▍       | 1249/5000 [02:43<07:32,  8.28batch/s][A
eval:  30%|██▉       | 1499/5000 [03:00<07:02,  8.30batch/s][A
eval:  30%|██▉       | 1499/5000 [03:13<07:02,  8.30batch/s][A
eval:  35%|███▍      | 1740/5000 [03:30<06:37,  8.20batch/s][A
eval:  35%|███▍      | 1740/5000 [03:43<06:37,  8.20batch/s][A
eval:  40%|███▉      | 1985/5000 [04:00<06:08,  8.18batch/s][A
eval:  40%|███▉      | 1985/5000 [04:13<06:08,  8.18batch/s][A
eval:  45%|████▍     | 2231/5000 [04:30<05:38,  8.18batch/s][A
eval:  45%|████▍     | 2231/5000 [04:43<05:38,  8.18batch/s][A
eval:  50%|████▉     | 2484/5000 [05:00<05:04,  8.26batch/s][A
eval:  50%|████▉     | 2484/5000 [05:13<05:04,  8.26batch/s][A
eval:  55%|█████▍    | 2732/5000 [05:30<04:34,  8.26batch/s][A
eval:  55%|█████▍    | 2732/5000 [05:43<04:34,  8.26batch/s][A
eval:  60%|█████▉    | 2977/5000 [06:00<04:05,  8.23batch/s][A
eval:  60%|█████▉    | 2977/5000 [06:13<04:05,  8.23batch/s][A
eval:  64%|██████▍   | 3224/5000 [06:30<03:36,  8.22batch/s][A
eval:  64%|██████▍   | 3224/5000 [06:43<03:36,  8.22batch/s][A
eval:  69%|██████▉   | 3472/5000 [07:00<03:05,  8.23batch/s][A
eval:  69%|██████▉   | 3472/5000 [07:13<03:05,  8.23batch/s][A
eval:  74%|███████▍  | 3725/5000 [07:30<02:33,  8.29batch/s][A
eval:  74%|███████▍  | 3725/5000 [07:43<02:33,  8.29batch/s][A
eval:  79%|███████▉  | 3974/5000 [08:00<02:03,  8.29batch/s][A
eval:  79%|███████▉  | 3974/5000 [08:13<02:03,  8.29batch/s][A
eval:  84%|████████▍ | 4222/5000 [08:31<01:34,  8.27batch/s][A
eval:  84%|████████▍ | 4222/5000 [08:43<01:34,  8.27batch/s][A
eval:  89%|████████▉ | 4467/5000 [09:01<01:04,  8.24batch/s][A
eval:  89%|████████▉ | 4467/5000 [09:13<01:04,  8.24batch/s][A
eval:  94%|█████████▍| 4715/5000 [09:31<00:34,  8.24batch/s][A
eval:  94%|█████████▍| 4715/5000 [09:43<00:34,  8.24batch/s][A
eval:  99%|█████████▉| 4959/5000 [10:01<00:04,  8.20batch/s][A
                                                            [A                                                                                      [val] agreement=0.8641  loss=0.4867  ce=0.6938  kd=0.2795
train:  32%|███▏      | 1000/3125 [2:56:50<4:28:10,  7.57s/step, epoch=0, loss=0.2869]train:  32%|███▏      | 1001/3125 [2:57:03<38:51:05, 65.85s/step, epoch=0, loss=0.2869]train:  32%|███▏      | 1005/3125 [2:57:34<26:41:58, 45.34s/step, epoch=0, loss=0.2408]train:  32%|███▏      | 1006/3125 [2:57:47<26:41:12, 45.34s/step, epoch=0, loss=0.1626]train:  32%|███▏      | 1009/3125 [2:58:04<19:12:59, 32.69s/step, epoch=0, loss=0.7015]                                                                                       [train] step 1010/3125  loss=0.5108  ce=0.2755  kd=0.2240
train:  32%|███▏      | 1010/3125 [2:58:12<19:12:26, 32.69s/step, epoch=0, loss=0.2497]train:  32%|███▏      | 1010/3125 [2:58:17<19:12:26, 32.69s/step, epoch=0, loss=0.2497]train:  32%|███▏      | 1014/3125 [2:58:41<13:38:00, 23.25s/step, epoch=0, loss=1.0833]train:  33%|███▎      | 1016/3125 [2:58:57<13:37:13, 23.25s/step, epoch=0, loss=0.1784]train:  33%|███▎      | 1019/3125 [2:59:18<10:21:06, 17.70s/step, epoch=0, loss=0.5047]                                                                                       [train] step 1020/3125  loss=0.4426  ce=0.3976  kd=0.3315
train:  33%|███▎      | 1020/3125 [2:59:26<10:20:49, 17.70s/step, epoch=0, loss=0.3646]train:  33%|███▎      | 1020/3125 [2:59:29<10:20:49, 17.70s/step, epoch=0, loss=0.3646]train:  33%|███▎      | 1023/3125 [2:59:48<8:39:20, 14.82s/step, epoch=0, loss=0.2870] train:  33%|███▎      | 1024/3125 [2:59:59<8:39:05, 14.82s/step, epoch=0, loss=0.3176]train:  33%|███▎      | 1028/3125 [3:00:26<7:11:57, 12.36s/step, epoch=0, loss=0.2262]train:  33%|███▎      | 1029/3125 [3:00:37<7:11:45, 12.36s/step, epoch=0, loss=1.0171]                                                                                      [train] step 1030/3125  loss=0.4583  ce=0.6864  kd=0.2461
train:  33%|███▎      | 1030/3125 [3:00:41<7:11:32, 12.36s/step, epoch=0, loss=0.4662]train:  33%|███▎      | 1032/3125 [3:00:56<6:24:18, 11.02s/step, epoch=0, loss=0.5438]train:  33%|███▎      | 1033/3125 [3:01:07<6:24:07, 11.02s/step, epoch=0, loss=0.2539]train:  33%|███▎      | 1036/3125 [3:01:26<5:48:52, 10.02s/step, epoch=0, loss=0.2811]train:  33%|███▎      | 1037/3125 [3:01:37<5:48:42, 10.02s/step, epoch=0, loss=0.4682]                                                                                      [train] step 1040/3125  loss=0.4583  ce=0.5190  kd=0.1843
train:  33%|███▎      | 1040/3125 [3:01:55<5:48:12, 10.02s/step, epoch=0, loss=0.3516]train:  33%|███▎      | 1041/3125 [3:02:03<5:16:10,  9.10s/step, epoch=0, loss=0.3516]train:  33%|███▎      | 1042/3125 [3:02:17<5:16:01,  9.10s/step, epoch=0, loss=0.8204]train:  33%|███▎      | 1045/3125 [3:02:33<5:01:45,  8.70s/step, epoch=0, loss=0.5869]train:  33%|███▎      | 1046/3125 [3:02:47<5:01:37,  8.70s/step, epoch=0, loss=0.3620]train:  34%|███▎      | 1049/3125 [3:03:04<4:50:34,  8.40s/step, epoch=0, loss=0.3987]                                                                                      [train] step 1050/3125  loss=0.4670  ce=0.6961  kd=0.3035
train:  34%|███▎      | 1050/3125 [3:03:11<4:50:25,  8.40s/step, epoch=0, loss=0.4998]train:  34%|███▎      | 1050/3125 [3:03:17<4:50:25,  8.40s/step, epoch=0, loss=0.4998]train:  34%|███▎      | 1053/3125 [3:03:34<4:42:05,  8.17s/step, epoch=0, loss=0.4522]train:  34%|███▎      | 1054/3125 [3:03:47<4:41:57,  8.17s/step, epoch=0, loss=0.3140]train:  34%|███▍      | 1058/3125 [3:04:11<4:31:45,  7.89s/step, epoch=0, loss=0.6708]                                                                                      [train] step 1060/3125  loss=0.4724  ce=0.5111  kd=0.3058
train:  34%|███▍      | 1060/3125 [3:04:26<4:31:30,  7.89s/step, epoch=0, loss=0.4084]train:  34%|███▍      | 1060/3125 [3:04:27<4:31:30,  7.89s/step, epoch=0, loss=0.4084]train:  34%|███▍      | 1062/3125 [3:04:42<4:30:08,  7.86s/step, epoch=0, loss=0.2086]train:  34%|███▍      | 1063/3125 [3:04:57<4:30:00,  7.86s/step, epoch=0, loss=0.4829]train:  34%|███▍      | 1066/3125 [3:05:12<4:27:17,  7.79s/step, epoch=0, loss=0.4916]train:  34%|███▍      | 1068/3125 [3:05:27<4:27:01,  7.79s/step, epoch=0, loss=0.8529]                                                                                      [train] step 1070/3125  loss=0.4873  ce=0.9640  kd=0.1775
train:  34%|███▍      | 1070/3125 [3:05:42<4:26:46,  7.79s/step, epoch=0, loss=0.5708]train:  34%|███▍      | 1071/3125 [3:05:50<4:22:57,  7.68s/step, epoch=0, loss=0.5708]train:  34%|███▍      | 1073/3125 [3:06:07<4:22:42,  7.68s/step, epoch=0, loss=0.4631]train:  34%|███▍      | 1075/3125 [3:06:20<4:20:45,  7.63s/step, epoch=0, loss=0.5251]train:  34%|███▍      | 1077/3125 [3:06:37<4:20:29,  7.63s/step, epoch=0, loss=0.1832]train:  35%|███▍      | 1080/3125 [3:06:57<4:18:04,  7.57s/step, epoch=0, loss=0.7501]                                                                                      [train] step 1080/3125  loss=0.5026  ce=0.1843  kd=0.1154
train:  35%|███▍      | 1080/3125 [3:06:57<4:18:04,  7.57s/step, epoch=0, loss=0.1498]train:  35%|███▍      | 1081/3125 [3:07:07<4:17:56,  7.57s/step, epoch=0, loss=0.3440]train:  35%|███▍      | 1085/3125 [3:07:34<4:15:53,  7.53s/step, epoch=0, loss=0.4325]train:  35%|███▍      | 1086/3125 [3:07:47<4:15:45,  7.53s/step, epoch=0, loss=0.4969]train:  35%|███▍      | 1089/3125 [3:08:05<4:16:00,  7.54s/step, epoch=0, loss=0.3148]                                                                                      [train] step 1090/3125  loss=0.4398  ce=0.5219  kd=0.1955
train:  35%|███▍      | 1090/3125 [3:08:12<4:15:53,  7.54s/step, epoch=0, loss=0.3587]train:  35%|███▍      | 1090/3125 [3:08:17<4:15:53,  7.54s/step, epoch=0, loss=0.3587]train:  35%|███▍      | 1093/3125 [3:08:35<4:16:40,  7.58s/step, epoch=0, loss=0.2155]train:  35%|███▌      | 1094/3125 [3:08:47<4:16:33,  7.58s/step, epoch=0, loss=0.2171]train:  35%|███▌      | 1097/3125 [3:09:07<4:18:46,  7.66s/step, epoch=0, loss=0.7724]train:  35%|███▌      | 1098/3125 [3:09:17<4:18:38,  7.66s/step, epoch=0, loss=0.1552]                                                                                      [train] step 1100/3125  loss=0.4558  ce=0.4214  kd=0.1411
train:  35%|███▌      | 1100/3125 [3:09:30<4:18:23,  7.66s/step, epoch=0, loss=0.2813]train:  35%|███▌      | 1101/3125 [3:09:38<4:18:54,  7.68s/step, epoch=0, loss=0.2813]train:  35%|███▌      | 1102/3125 [3:09:49<4:18:46,  7.68s/step, epoch=0, loss=0.3632]train:  35%|███▌      | 1105/3125 [3:10:09<4:19:35,  7.71s/step, epoch=0, loss=1.1463]train:  35%|███▌      | 1107/3125 [3:10:27<4:19:20,  7.71s/step, epoch=0, loss=0.1427]train:  35%|███▌      | 1109/3125 [3:10:40<4:19:12,  7.71s/step, epoch=0, loss=0.5278]                                                                                      [train] step 1110/3125  loss=0.4815  ce=0.5106  kd=0.1796
train:  36%|███▌      | 1110/3125 [3:10:47<4:19:05,  7.71s/step, epoch=0, loss=0.3451]train:  36%|███▌      | 1111/3125 [3:10:57<4:18:57,  7.71s/step, epoch=0, loss=0.3187]train:  36%|███▌      | 1113/3125 [3:11:10<4:16:42,  7.66s/step, epoch=0, loss=0.3822]train:  36%|███▌      | 1115/3125 [3:11:27<4:16:27,  7.66s/step, epoch=0, loss=0.6969]train:  36%|███▌      | 1117/3125 [3:11:40<4:16:32,  7.67s/step, epoch=0, loss=0.7466]train:  36%|███▌      | 1119/3125 [3:11:57<4:16:17,  7.67s/step, epoch=0, loss=0.4623]                                                                                      [train] step 1120/3125  loss=0.5150  ce=0.3757  kd=0.1884
train:  36%|███▌      | 1120/3125 [3:12:03<4:16:09,  7.67s/step, epoch=0, loss=0.2820]train:  36%|███▌      | 1122/3125 [3:12:18<4:13:20,  7.59s/step, epoch=0, loss=0.3228]train:  36%|███▌      | 1123/3125 [3:12:29<4:13:13,  7.59s/step, epoch=0, loss=0.3919]train:  36%|███▌      | 1127/3125 [3:12:55<4:11:44,  7.56s/step, epoch=0, loss=0.5372]train:  36%|███▌      | 1128/3125 [3:13:07<4:11:37,  7.56s/step, epoch=0, loss=0.2271]                                                                                      [train] step 1130/3125  loss=0.4507  ce=0.1791  kd=0.1544
train:  36%|███▌      | 1130/3125 [3:13:18<4:11:22,  7.56s/step, epoch=0, loss=0.1667]train:  36%|███▌      | 1131/3125 [3:13:26<4:11:25,  7.57s/step, epoch=0, loss=0.1667]train:  36%|███▌      | 1132/3125 [3:13:37<4:11:18,  7.57s/step, epoch=0, loss=0.2314]train:  36%|███▋      | 1135/3125 [3:13:56<4:10:52,  7.56s/step, epoch=0, loss=0.3740]train:  36%|███▋      | 1136/3125 [3:14:07<4:10:45,  7.56s/step, epoch=0, loss=0.1683]train:  36%|███▋      | 1140/3125 [3:14:33<4:08:01,  7.50s/step, epoch=0, loss=0.5965]                                                                                      [train] step 1140/3125  loss=0.4662  ce=0.7002  kd=0.1451
train:  36%|███▋      | 1140/3125 [3:14:33<4:08:01,  7.50s/step, epoch=0, loss=0.4226]train:  37%|███▋      | 1141/3125 [3:14:47<4:07:54,  7.50s/step, epoch=0, loss=0.4129]train:  37%|███▋      | 1144/3125 [3:15:03<4:08:20,  7.52s/step, epoch=0, loss=0.7334]train:  37%|███▋      | 1145/3125 [3:15:17<4:08:12,  7.52s/step, epoch=0, loss=0.2273]train:  37%|███▋      | 1148/3125 [3:15:33<4:07:57,  7.53s/step, epoch=0, loss=0.5430]train:  37%|███▋      | 1149/3125 [3:15:47<4:07:50,  7.53s/step, epoch=0, loss=0.4922]                                                                                      [train] step 1150/3125  loss=0.4753  ce=0.3269  kd=0.1256
train:  37%|███▋      | 1150/3125 [3:15:48<4:07:42,  7.53s/step, epoch=0, loss=0.2263]train:  37%|███▋      | 1153/3125 [3:16:10<4:06:02,  7.49s/step, epoch=0, loss=0.4275]train:  37%|███▋      | 1155/3125 [3:16:27<4:05:47,  7.49s/step, epoch=0, loss=0.4454]train:  37%|███▋      | 1158/3125 [3:16:48<4:05:39,  7.49s/step, epoch=0, loss=0.2805]train:  37%|███▋      | 1159/3125 [3:16:59<4:05:32,  7.49s/step, epoch=0, loss=1.0478]                                                                                      [train] step 1160/3125  loss=0.5106  ce=0.2340  kd=0.2369
train:  37%|███▋      | 1160/3125 [3:17:03<4:05:24,  7.49s/step, epoch=0, loss=0.2355]train:  37%|███▋      | 1162/3125 [3:17:18<4:05:15,  7.50s/step, epoch=0, loss=0.6177]train:  37%|███▋      | 1163/3125 [3:17:29<4:05:08,  7.50s/step, epoch=0, loss=0.2760]train:  37%|███▋      | 1167/3125 [3:17:55<4:03:20,  7.46s/step, epoch=0, loss=0.6584]train:  37%|███▋      | 1168/3125 [3:18:07<4:03:13,  7.46s/step, epoch=0, loss=0.9670]                                                                                      [train] step 1170/3125  loss=0.5167  ce=1.1811  kd=0.4209
train:  37%|███▋      | 1170/3125 [3:18:17<4:02:58,  7.46s/step, epoch=0, loss=0.8010]train:  37%|███▋      | 1171/3125 [3:18:25<4:03:19,  7.47s/step, epoch=0, loss=0.8010]train:  38%|███▊      | 1172/3125 [3:18:37<4:03:11,  7.47s/step, epoch=0, loss=1.4240]train:  38%|███▊      | 1175/3125 [3:18:56<4:05:31,  7.55s/step, epoch=0, loss=0.1682]train:  38%|███▊      | 1176/3125 [3:19:07<4:05:24,  7.55s/step, epoch=0, loss=0.7297]train:  38%|███▊      | 1179/3125 [3:19:26<4:04:55,  7.55s/step, epoch=0, loss=0.4095]                                                                                      [train] step 1180/3125  loss=0.4853  ce=0.5626  kd=0.1985
train:  38%|███▊      | 1180/3125 [3:19:33<4:04:48,  7.55s/step, epoch=0, loss=0.3806]train:  38%|███▊      | 1180/3125 [3:19:37<4:04:48,  7.55s/step, epoch=0, loss=0.3806]train:  38%|███▊      | 1184/3125 [3:20:02<4:01:20,  7.46s/step, epoch=0, loss=0.8732]train:  38%|███▊      | 1185/3125 [3:20:17<4:01:12,  7.46s/step, epoch=0, loss=0.4854]train:  38%|███▊      | 1189/3125 [3:20:40<4:00:49,  7.46s/step, epoch=0, loss=0.5378]                                                                                      [train] step 1190/3125  loss=0.4684  ce=0.3877  kd=0.1765
train:  38%|███▊      | 1190/3125 [3:20:47<4:00:42,  7.46s/step, epoch=0, loss=0.2821]train:  38%|███▊      | 1191/3125 [3:20:57<4:00:34,  7.46s/step, epoch=0, loss=0.7001]train:  38%|███▊      | 1194/3125 [3:21:17<3:59:48,  7.45s/step, epoch=0, loss=0.2633]train:  38%|███▊      | 1195/3125 [3:21:27<3:59:40,  7.45s/step, epoch=0, loss=0.7062]train:  38%|███▊      | 1198/3125 [3:21:47<4:01:08,  7.51s/step, epoch=0, loss=0.2609]train:  38%|███▊      | 1199/3125 [3:21:59<4:01:01,  7.51s/step, epoch=0, loss=0.1110]                                                                                      [train] step 1200/3125  loss=0.5274  ce=0.5937  kd=0.2220
train:  38%|███▊      | 1200/3125 [3:22:02<4:00:53,  7.51s/step, epoch=0, loss=0.4079]
eval:   0%|          | 0/5000 [00:00<?, ?batch/s][A
eval:   5%|▍         | 249/5000 [00:30<09:33,  8.28batch/s][A
eval:   5%|▍         | 249/5000 [00:45<09:33,  8.28batch/s][A
eval:  10%|▉         | 497/5000 [01:00<09:04,  8.26batch/s][A
eval:  10%|▉         | 497/5000 [01:15<09:04,  8.26batch/s][A
eval:  15%|█▌        | 751/5000 [01:30<08:29,  8.34batch/s][A
eval:  15%|█▌        | 751/5000 [01:45<08:29,  8.34batch/s][A
eval:  20%|██        | 1006/5000 [02:00<07:55,  8.40batch/s][A
eval:  20%|██        | 1006/5000 [02:15<07:55,  8.40batch/s][A
eval:  25%|██▍       | 1249/5000 [02:30<07:32,  8.28batch/s][A
eval:  25%|██▍       | 1249/5000 [02:45<07:32,  8.28batch/s][A
eval:  30%|██▉       | 1499/5000 [03:00<07:02,  8.29batch/s][A
eval:  30%|██▉       | 1499/5000 [03:15<07:02,  8.29batch/s][A
eval:  35%|███▍      | 1739/5000 [03:30<06:37,  8.20batch/s][A
eval:  35%|███▍      | 1739/5000 [03:45<06:37,  8.20batch/s][A
eval:  40%|███▉      | 1985/5000 [04:00<06:08,  8.18batch/s][A
eval:  40%|███▉      | 1985/5000 [04:15<06:08,  8.18batch/s][A
eval:  45%|████▍     | 2232/5000 [04:30<05:37,  8.19batch/s][A
eval:  45%|████▍     | 2232/5000 [04:45<05:37,  8.19batch/s][A
eval:  50%|████▉     | 2485/5000 [05:00<05:04,  8.26batch/s][A
eval:  50%|████▉     | 2485/5000 [05:15<05:04,  8.26batch/s][A
eval:  55%|█████▍    | 2735/5000 [05:30<04:33,  8.27batch/s][A
eval:  55%|█████▍    | 2735/5000 [05:45<04:33,  8.27batch/s][A
eval:  60%|█████▉    | 2982/5000 [06:00<04:04,  8.25batch/s][A
eval:  60%|█████▉    | 2982/5000 [06:15<04:04,  8.25batch/s][A
eval:  65%|██████▍   | 3230/5000 [06:31<03:34,  8.25batch/s][A
eval:  65%|██████▍   | 3230/5000 [06:45<03:34,  8.25batch/s][A
eval:  70%|██████▉   | 3478/5000 [07:01<03:04,  8.25batch/s][A
eval:  70%|██████▉   | 3478/5000 [07:15<03:04,  8.25batch/s][A
eval:  75%|███████▍  | 3731/5000 [07:31<02:32,  8.30batch/s][A
eval:  75%|███████▍  | 3731/5000 [07:45<02:32,  8.30batch/s][A
eval:  80%|███████▉  | 3980/5000 [08:01<02:02,  8.29batch/s][A
eval:  80%|███████▉  | 3980/5000 [08:15<02:02,  8.29batch/s][A
eval:  85%|████████▍ | 4231/5000 [08:31<01:32,  8.31batch/s][A
eval:  85%|████████▍ | 4231/5000 [08:45<01:32,  8.31batch/s][A
eval:  89%|████████▉ | 4474/5000 [09:01<01:03,  8.25batch/s][A
eval:  89%|████████▉ | 4474/5000 [09:15<01:03,  8.25batch/s][A
eval:  94%|█████████▍| 4721/5000 [09:31<00:33,  8.24batch/s][A
eval:  94%|█████████▍| 4721/5000 [09:45<00:33,  8.24batch/s][A
eval:  99%|█████████▉| 4965/5000 [10:01<00:04,  8.20batch/s][A
                                                            [A                                                                                      [val] agreement=0.8647  loss=0.4858  ce=0.6922  kd=0.2795
train:  38%|███▊      | 1200/3125 [3:32:08<4:00:53,  7.51s/step, epoch=0, loss=0.4079]train:  38%|███▊      | 1201/3125 [3:32:22<28:11:14, 52.74s/step, epoch=0, loss=0.4079]train:  39%|███▊      | 1205/3125 [3:32:53<21:01:08, 39.41s/step, epoch=0, loss=0.3563]train:  39%|███▊      | 1206/3125 [3:33:07<21:00:29, 39.41s/step, epoch=0, loss=0.6614]train:  39%|███▊      | 1209/3125 [3:33:23<15:55:25, 29.92s/step, epoch=0, loss=0.5068]                                                                                       [train] step 1210/3125  loss=0.4433  ce=0.2014  kd=0.1570
train:  39%|███▊      | 1210/3125 [3:33:31<15:54:55, 29.92s/step, epoch=0, loss=0.1792]train:  39%|███▊      | 1210/3125 [3:33:37<15:54:55, 29.92s/step, epoch=0, loss=0.1792]train:  39%|███▉      | 1213/3125 [3:33:53<12:20:28, 23.24s/step, epoch=0, loss=0.3694]train:  39%|███▉      | 1214/3125 [3:34:07<12:20:05, 23.24s/step, epoch=0, loss=0.3940]train:  39%|███▉      | 1217/3125 [3:34:25<9:52:04, 18.62s/step, epoch=0, loss=0.3862] train:  39%|███▉      | 1218/3125 [3:34:37<9:51:46, 18.62s/step, epoch=0, loss=0.3079]                                                                                      [train] step 1220/3125  loss=0.4683  ce=0.8999  kd=0.3474
train:  39%|███▉      | 1220/3125 [3:34:47<9:51:08, 18.62s/step, epoch=0, loss=0.6237]train:  39%|███▉      | 1221/3125 [3:34:55<8:06:18, 15.33s/step, epoch=0, loss=0.6237]train:  39%|███▉      | 1222/3125 [3:35:07<8:06:03, 15.33s/step, epoch=0, loss=0.2841]train:  39%|███▉      | 1225/3125 [3:35:26<6:53:25, 13.06s/step, epoch=0, loss=0.3478]train:  39%|███▉      | 1226/3125 [3:35:37<6:53:12, 13.06s/step, epoch=0, loss=0.1370]train:  39%|███▉      | 1230/3125 [3:36:03<5:49:23, 11.06s/step, epoch=0, loss=0.4430]                                                                                      [train] step 1230/3125  loss=0.4747  ce=0.3377  kd=0.1793
train:  39%|███▉      | 1230/3125 [3:36:03<5:49:23, 11.06s/step, epoch=0, loss=0.2585]train:  39%|███▉      | 1231/3125 [3:36:17<5:49:12, 11.06s/step, epoch=0, loss=0.2852]train:  39%|███▉      | 1234/3125 [3:36:33<5:17:05, 10.06s/step, epoch=0, loss=0.2570]train:  40%|███▉      | 1235/3125 [3:36:47<5:16:55, 10.06s/step, epoch=0, loss=0.6751]train:  40%|███▉      | 1239/3125 [3:37:10<4:48:29,  9.18s/step, epoch=0, loss=1.1138]                                                                                      [train] step 1240/3125  loss=0.4717  ce=0.4716  kd=0.1867
train:  40%|███▉      | 1240/3125 [3:37:18<4:48:19,  9.18s/step, epoch=0, loss=0.3292]train:  40%|███▉      | 1241/3125 [3:37:27<4:48:10,  9.18s/step, epoch=0, loss=0.4303]train:  40%|███▉      | 1243/3125 [3:37:40<4:33:22,  8.72s/step, epoch=0, loss=0.3995]train:  40%|███▉      | 1245/3125 [3:37:57<4:33:05,  8.72s/step, epoch=0, loss=0.7157]train:  40%|███▉      | 1247/3125 [3:38:10<4:22:21,  8.38s/step, epoch=0, loss=0.5836]train:  40%|███▉      | 1249/3125 [3:38:27<4:22:04,  8.38s/step, epoch=0, loss=0.3143]                                                                                      [train] step 1250/3125  loss=0.4855  ce=1.2791  kd=0.4035
train:  40%|████      | 1250/3125 [3:38:32<4:21:56,  8.38s/step, epoch=0, loss=0.8413]train:  40%|████      | 1252/3125 [3:38:47<4:11:23,  8.05s/step, epoch=0, loss=0.3098]train:  40%|████      | 1253/3125 [3:38:59<4:11:15,  8.05s/step, epoch=0, loss=0.5660]train:  40%|████      | 1256/3125 [3:39:17<4:06:12,  7.90s/step, epoch=0, loss=0.2071]train:  40%|████      | 1257/3125 [3:39:29<4:06:05,  7.90s/step, epoch=0, loss=1.4857]                                                                                      [train] step 1260/3125  loss=0.4672  ce=0.2921  kd=0.0645
train:  40%|████      | 1260/3125 [3:39:47<4:05:41,  7.90s/step, epoch=0, loss=0.1783]train:  40%|████      | 1261/3125 [3:39:55<4:01:55,  7.79s/step, epoch=0, loss=0.1783]train:  40%|████      | 1262/3125 [3:40:07<4:01:47,  7.79s/step, epoch=0, loss=0.4620]train:  40%|████      | 1265/3125 [3:40:25<3:58:59,  7.71s/step, epoch=0, loss=0.4119]train:  41%|████      | 1266/3125 [3:40:37<3:58:52,  7.71s/step, epoch=0, loss=0.9902]train:  41%|████      | 1269/3125 [3:40:55<3:57:11,  7.67s/step, epoch=0, loss=1.3133]                                                                                      [train] step 1270/3125  loss=0.4651  ce=0.9044  kd=0.4673
train:  41%|████      | 1270/3125 [3:41:02<3:57:03,  7.67s/step, epoch=0, loss=0.6858]train:  41%|████      | 1270/3125 [3:41:07<3:57:03,  7.67s/step, epoch=0, loss=0.6858]train:  41%|████      | 1273/3125 [3:41:26<3:56:20,  7.66s/step, epoch=0, loss=0.8432]train:  41%|████      | 1274/3125 [3:41:37<3:56:12,  7.66s/step, epoch=0, loss=0.3146]train:  41%|████      | 1277/3125 [3:41:56<3:55:05,  7.63s/step, epoch=0, loss=0.4454]train:  41%|████      | 1278/3125 [3:42:07<3:54:58,  7.63s/step, epoch=0, loss=2.0012]                                                                                      [train] step 1280/3125  loss=0.5263  ce=0.6104  kd=0.2138
train:  41%|████      | 1280/3125 [3:42:19<3:54:42,  7.63s/step, epoch=0, loss=0.4121]train:  41%|████      | 1282/3125 [3:42:34<3:53:42,  7.61s/step, epoch=0, loss=0.5545]train:  41%|████      | 1283/3125 [3:42:47<3:53:34,  7.61s/step, epoch=0, loss=0.2259]train:  41%|████      | 1286/3125 [3:43:05<3:53:11,  7.61s/step, epoch=0, loss=0.1749]train:  41%|████      | 1287/3125 [3:43:17<3:53:03,  7.61s/step, epoch=0, loss=0.6694]                                                                                      [train] step 1290/3125  loss=0.5265  ce=1.3111  kd=0.3824
train:  41%|████▏     | 1290/3125 [3:43:34<3:52:40,  7.61s/step, epoch=0, loss=0.8467]train:  41%|████▏     | 1291/3125 [3:43:41<3:50:02,  7.53s/step, epoch=0, loss=0.8467]train:  41%|████▏     | 1293/3125 [3:43:57<3:49:47,  7.53s/step, epoch=0, loss=0.2403]train:  41%|████▏     | 1296/3125 [3:44:18<3:47:38,  7.47s/step, epoch=0, loss=0.4193]train:  42%|████▏     | 1297/3125 [3:44:29<3:47:30,  7.47s/step, epoch=0, loss=0.3235]                                                                                      [train] step 1300/3125  loss=0.4618  ce=0.5893  kd=0.1876
train:  42%|████▏     | 1300/3125 [3:44:48<3:47:08,  7.47s/step, epoch=0, loss=0.3884]train:  42%|████▏     | 1301/3125 [3:44:56<3:47:42,  7.49s/step, epoch=0, loss=0.3884]train:  42%|████▏     | 1302/3125 [3:45:07<3:47:34,  7.49s/step, epoch=0, loss=0.3798]train:  42%|████▏     | 1305/3125 [3:45:27<3:49:57,  7.58s/step, epoch=0, loss=0.2045]train:  42%|████▏     | 1306/3125 [3:45:37<3:49:50,  7.58s/step, epoch=0, loss=0.4652]train:  42%|████▏     | 1310/3125 [3:46:04<3:47:45,  7.53s/step, epoch=0, loss=0.5506]                                                                                      [train] step 1310/3125  loss=0.4409  ce=0.6991  kd=0.2383
train:  42%|████▏     | 1310/3125 [3:46:04<3:47:45,  7.53s/step, epoch=0, loss=0.4687]train:  42%|████▏     | 1311/3125 [3:46:17<3:47:38,  7.53s/step, epoch=0, loss=0.4518]train:  42%|████▏     | 1314/3125 [3:46:34<3:47:31,  7.54s/step, epoch=0, loss=0.5684]train:  42%|████▏     | 1315/3125 [3:46:47<3:47:23,  7.54s/step, epoch=0, loss=0.4073]train:  42%|████▏     | 1319/3125 [3:47:12<3:46:16,  7.52s/step, epoch=0, loss=0.4764]                                                                                      [train] step 1320/3125  loss=0.5111  ce=0.8782  kd=0.3489
train:  42%|████▏     | 1320/3125 [3:47:19<3:46:08,  7.52s/step, epoch=0, loss=0.6135]train:  42%|████▏     | 1321/3125 [3:47:27<3:46:01,  7.52s/step, epoch=0, loss=0.4141]train:  42%|████▏     | 1323/3125 [3:47:42<3:46:57,  7.56s/step, epoch=0, loss=0.6045]train:  42%|████▏     | 1325/3125 [3:47:57<3:46:42,  7.56s/step, epoch=0, loss=0.2847]train:  42%|████▏     | 1328/3125 [3:48:20<3:45:38,  7.53s/step, epoch=0, loss=0.4635]                                                                                      [train] step 1330/3125  loss=0.4674  ce=0.4272  kd=0.1608
train:  43%|████▎     | 1330/3125 [3:48:36<3:45:23,  7.53s/step, epoch=0, loss=0.2940]train:  43%|████▎     | 1330/3125 [3:48:37<3:45:23,  7.53s/step, epoch=0, loss=0.2940]train:  43%|████▎     | 1332/3125 [3:48:51<3:48:00,  7.63s/step, epoch=0, loss=0.4510]train:  43%|████▎     | 1334/3125 [3:49:07<3:47:45,  7.63s/step, epoch=0, loss=0.2398]train:  43%|████▎     | 1336/3125 [3:49:23<3:48:54,  7.68s/step, epoch=0, loss=0.4231]train:  43%|████▎     | 1337/3125 [3:49:37<3:48:46,  7.68s/step, epoch=0, loss=0.1910]train:  43%|████▎     | 1340/3125 [3:49:53<3:47:13,  7.64s/step, epoch=0, loss=0.4038]                                                                                      [train] step 1340/3125  loss=0.4235  ce=0.1217  kd=0.1009
train:  43%|████▎     | 1340/3125 [3:49:53<3:47:13,  7.64s/step, epoch=0, loss=0.1113]train:  43%|████▎     | 1341/3125 [3:50:07<3:47:05,  7.64s/step, epoch=0, loss=1.0685]train:  43%|████▎     | 1345/3125 [3:50:30<3:45:21,  7.60s/step, epoch=0, loss=0.3336]train:  43%|████▎     | 1347/3125 [3:50:47<3:45:06,  7.60s/step, epoch=0, loss=0.5596]train:  43%|████▎     | 1349/3125 [3:51:01<3:46:03,  7.64s/step, epoch=0, loss=0.2816]                                                                                      [train] step 1350/3125  loss=0.4741  ce=0.4221  kd=0.1191
train:  43%|████▎     | 1350/3125 [3:51:09<3:45:56,  7.64s/step, epoch=0, loss=0.2706]train:  43%|████▎     | 1351/3125 [3:51:17<3:45:48,  7.64s/step, epoch=0, loss=0.8923]train:  43%|████▎     | 1354/3125 [3:51:38<3:43:22,  7.57s/step, epoch=0, loss=0.8833]train:  43%|████▎     | 1355/3125 [3:51:49<3:43:15,  7.57s/step, epoch=0, loss=0.4682]train:  43%|████▎     | 1359/3125 [3:52:15<3:41:12,  7.52s/step, epoch=0, loss=0.6786]                                                                                      [train] step 1360/3125  loss=0.4551  ce=0.5033  kd=0.1961
train:  44%|████▎     | 1360/3125 [3:52:23<3:41:04,  7.52s/step, epoch=0, loss=0.3497]train:  44%|████▎     | 1360/3125 [3:52:27<3:41:04,  7.52s/step, epoch=0, loss=0.3497]train:  44%|████▎     | 1364/3125 [3:52:53<3:40:52,  7.53s/step, epoch=0, loss=0.5986]train:  44%|████▎     | 1365/3125 [3:53:07<3:40:45,  7.53s/step, epoch=0, loss=0.2747]train:  44%|████▍     | 1368/3125 [3:53:24<3:42:12,  7.59s/step, epoch=0, loss=1.4101]train:  44%|████▍     | 1369/3125 [3:53:37<3:42:04,  7.59s/step, epoch=0, loss=1.9035]                                                                                      [train] step 1370/3125  loss=0.4605  ce=0.3519  kd=0.1830
train:  44%|████▍     | 1370/3125 [3:53:40<3:41:57,  7.59s/step, epoch=0, loss=0.2674]train:  44%|████▍     | 1372/3125 [3:53:55<3:41:54,  7.60s/step, epoch=0, loss=0.6985]train:  44%|████▍     | 1373/3125 [3:54:07<3:41:46,  7.60s/step, epoch=0, loss=0.4188]train:  44%|████▍     | 1376/3125 [3:54:25<3:40:59,  7.58s/step, epoch=0, loss=0.2510]train:  44%|████▍     | 1377/3125 [3:54:37<3:40:51,  7.58s/step, epoch=0, loss=0.2243]                                                                                      [train] step 1380/3125  loss=0.4379  ce=0.3951  kd=0.2411
train:  44%|████▍     | 1380/3125 [3:54:54<3:40:28,  7.58s/step, epoch=0, loss=0.3181]train:  44%|████▍     | 1381/3125 [3:55:02<3:38:31,  7.52s/step, epoch=0, loss=0.3181]train:  44%|████▍     | 1382/3125 [3:55:17<3:38:23,  7.52s/step, epoch=0, loss=0.4749]train:  44%|████▍     | 1385/3125 [3:55:33<3:39:41,  7.58s/step, epoch=0, loss=0.6525]train:  44%|████▍     | 1386/3125 [3:55:47<3:39:33,  7.58s/step, epoch=0, loss=0.7377]train:  44%|████▍     | 1389/3125 [3:56:03<3:39:00,  7.57s/step, epoch=0, loss=1.3148]                                                                                      [train] step 1390/3125  loss=0.5464  ce=2.3963  kd=1.5138
train:  44%|████▍     | 1390/3125 [3:56:11<3:38:52,  7.57s/step, epoch=0, loss=1.9550]train:  44%|████▍     | 1390/3125 [3:56:17<3:38:52,  7.57s/step, epoch=0, loss=1.9550]train:  45%|████▍     | 1393/3125 [3:56:34<3:39:22,  7.60s/step, epoch=0, loss=0.4148]train:  45%|████▍     | 1394/3125 [3:56:47<3:39:14,  7.60s/step, epoch=0, loss=0.2148]train:  45%|████▍     | 1398/3125 [3:57:11<3:37:43,  7.56s/step, epoch=0, loss=0.2667]                                                                                      [train] step 1400/3125  loss=0.4836  ce=0.6416  kd=0.4450
train:  45%|████▍     | 1400/3125 [3:57:26<3:37:28,  7.56s/step, epoch=0, loss=0.5433]
eval:   0%|          | 0/5000 [00:00<?, ?batch/s][Atrain:  45%|████▍     | 1400/3125 [3:57:27<3:37:28,  7.56s/step, epoch=0, loss=0.5433]
eval:   5%|▌         | 250/5000 [00:30<09:31,  8.31batch/s][A
eval:   5%|▌         | 250/5000 [00:41<09:31,  8.31batch/s][A
eval:  10%|▉         | 499/5000 [01:00<09:02,  8.30batch/s][A
eval:  10%|▉         | 499/5000 [01:11<09:02,  8.30batch/s][A
eval:  15%|█▌        | 755/5000 [01:30<08:25,  8.40batch/s][A
eval:  15%|█▌        | 755/5000 [01:41<08:25,  8.40batch/s][A
eval:  20%|██        | 1011/5000 [02:00<07:52,  8.44batch/s][A
eval:  20%|██        | 1011/5000 [02:11<07:52,  8.44batch/s][A
eval:  25%|██▌       | 1256/5000 [02:30<07:29,  8.33batch/s][A
eval:  25%|██▌       | 1256/5000 [02:41<07:29,  8.33batch/s][A
eval:  30%|███       | 1507/5000 [03:00<06:58,  8.34batch/s][A
eval:  30%|███       | 1507/5000 [03:11<06:58,  8.34batch/s][A
eval:  35%|███▍      | 1749/5000 [03:30<06:34,  8.25batch/s][A
eval:  35%|███▍      | 1749/5000 [03:41<06:34,  8.25batch/s][A
eval:  40%|███▉      | 1995/5000 [04:00<06:05,  8.23batch/s][A
eval:  40%|███▉      | 1995/5000 [04:11<06:05,  8.23batch/s][A
eval:  45%|████▍     | 2245/5000 [04:30<05:33,  8.25batch/s][A
eval:  45%|████▍     | 2245/5000 [04:41<05:33,  8.25batch/s][A
eval:  50%|████▉     | 2498/5000 [05:00<05:01,  8.31batch/s][A
eval:  50%|████▉     | 2498/5000 [05:11<05:01,  8.31batch/s][A
eval:  55%|█████▌    | 2750/5000 [05:30<04:30,  8.33batch/s][A
eval:  55%|█████▌    | 2750/5000 [05:41<04:30,  8.33batch/s][A
eval:  60%|█████▉    | 2997/5000 [06:00<04:01,  8.30batch/s][A
eval:  60%|█████▉    | 2997/5000 [06:11<04:01,  8.30batch/s][A
eval:  65%|██████▍   | 3246/5000 [06:30<03:31,  8.29batch/s][A
eval:  65%|██████▍   | 3246/5000 [06:41<03:31,  8.29batch/s][A
eval:  70%|██████▉   | 3495/5000 [07:00<03:01,  8.29batch/s][A
eval:  70%|██████▉   | 3495/5000 [07:11<03:01,  8.29batch/s][A
eval:  75%|███████▌  | 3751/5000 [07:30<02:29,  8.35batch/s][A
eval:  75%|███████▌  | 3751/5000 [07:41<02:29,  8.35batch/s][A
eval:  80%|███████▉  | 3999/5000 [08:01<02:00,  8.32batch/s][A
eval:  80%|███████▉  | 3999/5000 [08:11<02:00,  8.32batch/s][A
eval:  85%|████████▌ | 4251/5000 [08:31<01:29,  8.34batch/s][A
eval:  85%|████████▌ | 4251/5000 [08:41<01:29,  8.34batch/s][A
eval:  90%|████████▉ | 4497/5000 [09:01<01:00,  8.29batch/s][A
eval:  90%|████████▉ | 4497/5000 [09:11<01:00,  8.29batch/s][A
eval:  95%|█████████▍| 4743/5000 [09:31<00:31,  8.27batch/s][A
eval:  95%|█████████▍| 4743/5000 [09:41<00:31,  8.27batch/s][A
eval: 100%|█████████▉| 4989/5000 [10:01<00:01,  8.24batch/s][A
                                                            [A                                                                                      [val] agreement=0.8650  loss=0.4842  ce=0.6955  kd=0.2729
train:  45%|████▍     | 1400/3125 [4:07:28<3:37:28,  7.56s/step, epoch=0, loss=0.5433]train:  45%|████▍     | 1401/3125 [4:07:42<25:31:17, 53.29s/step, epoch=0, loss=0.5433]train:  45%|████▍     | 1405/3125 [4:08:13<18:54:15, 39.57s/step, epoch=0, loss=0.8750]train:  45%|████▍     | 1406/3125 [4:08:27<18:53:36, 39.57s/step, epoch=0, loss=0.5742]train:  45%|████▌     | 1409/3125 [4:08:43<14:17:08, 29.97s/step, epoch=0, loss=0.2448]                                                                                       [train] step 1410/3125  loss=0.4829  ce=0.2742  kd=0.0842
train:  45%|████▌     | 1410/3125 [4:08:50<14:16:38, 29.97s/step, epoch=0, loss=0.1792]train:  45%|████▌     | 1410/3125 [4:08:57<14:16:38, 29.97s/step, epoch=0, loss=0.1792]train:  45%|████▌     | 1414/3125 [4:09:20<10:29:44, 22.08s/step, epoch=0, loss=0.4305]train:  45%|████▌     | 1416/3125 [4:09:37<10:29:00, 22.08s/step, epoch=0, loss=0.5633]train:  45%|████▌     | 1419/3125 [4:09:57<8:08:33, 17.18s/step, epoch=0, loss=0.3942]                                                                                       [train] step 1420/3125  loss=0.4599  ce=0.5618  kd=0.2049
train:  45%|████▌     | 1420/3125 [4:10:04<8:08:15, 17.18s/step, epoch=0, loss=0.3833]train:  45%|████▌     | 1420/3125 [4:10:07<8:08:15, 17.18s/step, epoch=0, loss=0.3833]train:  46%|████▌     | 1423/3125 [4:10:28<6:53:43, 14.59s/step, epoch=0, loss=0.2533]train:  46%|████▌     | 1424/3125 [4:10:39<6:53:29, 14.59s/step, epoch=0, loss=0.2687]train:  46%|████▌     | 1428/3125 [4:11:05<5:45:29, 12.22s/step, epoch=0, loss=0.3224]train:  46%|████▌     | 1429/3125 [4:11:17<5:45:17, 12.22s/step, epoch=0, loss=0.2771]                                                                                      [train] step 1430/3125  loss=0.5053  ce=0.3254  kd=0.1817
train:  46%|████▌     | 1430/3125 [4:11:20<5:45:05, 12.22s/step, epoch=0, loss=0.2535]train:  46%|████▌     | 1432/3125 [4:11:35<5:08:43, 10.94s/step, epoch=0, loss=0.6437]train:  46%|████▌     | 1433/3125 [4:11:47<5:08:32, 10.94s/step, epoch=0, loss=0.3098]train:  46%|████▌     | 1436/3125 [4:12:06<4:41:53, 10.01s/step, epoch=0, loss=0.2033]train:  46%|████▌     | 1437/3125 [4:12:17<4:41:43, 10.01s/step, epoch=0, loss=0.3016]train:  46%|████▌     | 1440/3125 [4:12:37<4:24:15,  9.41s/step, epoch=0, loss=0.3481]                                                                                      [train] step 1440/3125  loss=0.4511  ce=1.2121  kd=0.4421
train:  46%|████▌     | 1440/3125 [4:12:37<4:24:15,  9.41s/step, epoch=0, loss=0.8271]train:  46%|████▌     | 1441/3125 [4:12:47<4:24:05,  9.41s/step, epoch=0, loss=0.3635]train:  46%|████▌     | 1444/3125 [4:13:08<4:09:06,  8.89s/step, epoch=0, loss=1.5708]train:  46%|████▌     | 1445/3125 [4:13:19<4:08:57,  8.89s/step, epoch=0, loss=0.1688]train:  46%|████▋     | 1449/3125 [4:13:45<3:54:32,  8.40s/step, epoch=0, loss=0.2310]                                                                                      [train] step 1450/3125  loss=0.4687  ce=0.5421  kd=0.2698
train:  46%|████▋     | 1450/3125 [4:13:53<3:54:24,  8.40s/step, epoch=0, loss=0.4059]train:  46%|████▋     | 1450/3125 [4:13:57<3:54:24,  8.40s/step, epoch=0, loss=0.4059]train:  46%|████▋     | 1453/3125 [4:14:16<3:48:30,  8.20s/step, epoch=0, loss=0.5935]train:  47%|████▋     | 1454/3125 [4:14:27<3:48:21,  8.20s/step, epoch=0, loss=0.3230]train:  47%|████▋     | 1457/3125 [4:14:46<3:42:48,  8.01s/step, epoch=0, loss=0.6908]train:  47%|████▋     | 1458/3125 [4:14:57<3:42:40,  8.01s/step, epoch=0, loss=0.2967]                                                                                      [train] step 1460/3125  loss=0.4684  ce=0.1426  kd=0.0886
train:  47%|████▋     | 1460/3125 [4:15:09<3:42:24,  8.01s/step, epoch=0, loss=0.1156]train:  47%|████▋     | 1461/3125 [4:15:16<3:38:24,  7.88s/step, epoch=0, loss=0.1156]train:  47%|████▋     | 1462/3125 [4:15:27<3:38:17,  7.88s/step, epoch=0, loss=0.1733]train:  47%|████▋     | 1466/3125 [4:15:53<3:33:42,  7.73s/step, epoch=0, loss=0.4392]train:  47%|████▋     | 1467/3125 [4:16:07<3:33:34,  7.73s/step, epoch=0, loss=1.2097]                                                                                      [train] step 1470/3125  loss=0.5044  ce=0.6866  kd=0.2881
train:  47%|████▋     | 1470/3125 [4:16:23<3:33:11,  7.73s/step, epoch=0, loss=0.4874]train:  47%|████▋     | 1471/3125 [4:16:30<3:30:00,  7.62s/step, epoch=0, loss=0.4874]train:  47%|████▋     | 1473/3125 [4:16:47<3:29:45,  7.62s/step, epoch=0, loss=0.4633]train:  47%|████▋     | 1476/3125 [4:17:07<3:27:15,  7.54s/step, epoch=0, loss=5.2660]train:  47%|████▋     | 1477/3125 [4:17:17<3:27:08,  7.54s/step, epoch=0, loss=0.3095]train:  47%|████▋     | 1480/3125 [4:17:37<3:26:47,  7.54s/step, epoch=0, loss=0.3411]                                                                                      [train] step 1480/3125  loss=0.5227  ce=0.2662  kd=0.1100
train:  47%|████▋     | 1480/3125 [4:17:37<3:26:47,  7.54s/step, epoch=0, loss=0.1881]train:  47%|████▋     | 1481/3125 [4:17:47<3:26:40,  7.54s/step, epoch=0, loss=0.5156]train:  47%|████▋     | 1484/3125 [4:18:07<3:26:07,  7.54s/step, epoch=0, loss=0.4112]train:  48%|████▊     | 1485/3125 [4:18:19<3:26:00,  7.54s/step, epoch=0, loss=1.0203]train:  48%|████▊     | 1489/3125 [4:18:45<3:24:49,  7.51s/step, epoch=0, loss=0.2810]                                                                                      [train] step 1490/3125  loss=0.4789  ce=0.1335  kd=0.0857
train:  48%|████▊     | 1490/3125 [4:18:53<3:24:42,  7.51s/step, epoch=0, loss=0.1096]train:  48%|████▊     | 1490/3125 [4:18:57<3:24:42,  7.51s/step, epoch=0, loss=0.1096]train:  48%|████▊     | 1494/3125 [4:19:22<3:23:06,  7.47s/step, epoch=0, loss=1.0265]train:  48%|████▊     | 1496/3125 [4:19:37<3:22:51,  7.47s/step, epoch=0, loss=1.0562]train:  48%|████▊     | 1498/3125 [4:19:52<3:23:50,  7.52s/step, epoch=0, loss=0.3896]                                                                                      [train] step 1500/3125  loss=0.4717  ce=0.4010  kd=0.1060
train:  48%|████▊     | 1500/3125 [4:20:07<3:23:35,  7.52s/step, epoch=0, loss=0.2535]train:  48%|████▊     | 1500/3125 [4:20:07<3:23:35,  7.52s/step, epoch=0, loss=0.2535]train:  48%|████▊     | 1502/3125 [4:20:23<3:24:07,  7.55s/step, epoch=0, loss=0.3512]train:  48%|████▊     | 1503/3125 [4:20:37<3:23:59,  7.55s/step, epoch=0, loss=0.6235]train:  48%|████▊     | 1506/3125 [4:20:53<3:24:25,  7.58s/step, epoch=0, loss=0.3976]train:  48%|████▊     | 1507/3125 [4:21:07<3:24:18,  7.58s/step, epoch=0, loss=0.3026]                                                                                      [train] step 1510/3125  loss=0.4661  ce=0.3571  kd=0.1733
train:  48%|████▊     | 1510/3125 [4:21:23<3:23:55,  7.58s/step, epoch=0, loss=0.2652]train:  48%|████▊     | 1511/3125 [4:21:31<3:22:43,  7.54s/step, epoch=0, loss=0.2652]train:  48%|████▊     | 1513/3125 [4:21:47<3:22:28,  7.54s/step, epoch=0, loss=0.3119]train:  49%|████▊     | 1516/3125 [4:22:08<3:20:45,  7.49s/step, epoch=0, loss=0.6841]train:  49%|████▊     | 1517/3125 [4:22:19<3:20:38,  7.49s/step, epoch=0, loss=0.5043]train:  49%|████▊     | 1520/3125 [4:22:38<3:21:49,  7.54s/step, epoch=0, loss=0.1571]                                                                                      [train] step 1520/3125  loss=0.4884  ce=0.4455  kd=0.2167
train:  49%|████▊     | 1520/3125 [4:22:38<3:21:49,  7.54s/step, epoch=0, loss=0.3311]train:  49%|████▊     | 1521/3125 [4:22:49<3:21:41,  7.54s/step, epoch=0, loss=0.2138]train:  49%|████▉     | 1524/3125 [4:23:09<3:23:00,  7.61s/step, epoch=0, loss=0.4407]train:  49%|████▉     | 1526/3125 [4:23:27<3:22:45,  7.61s/step, epoch=0, loss=0.1974]train:  49%|████▉     | 1529/3125 [4:23:47<3:20:59,  7.56s/step, epoch=0, loss=0.2334]                                                                                      [train] step 1530/3125  loss=0.5310  ce=0.4754  kd=0.4190
train:  49%|████▉     | 1530/3125 [4:23:55<3:20:51,  7.56s/step, epoch=0, loss=0.4472]train:  49%|████▉     | 1530/3125 [4:23:57<3:20:51,  7.56s/step, epoch=0, loss=0.4472]train:  49%|████▉     | 1533/3125 [4:24:17<3:21:00,  7.58s/step, epoch=0, loss=0.1742]train:  49%|████▉     | 1534/3125 [4:24:27<3:20:52,  7.58s/step, epoch=0, loss=0.1286]train:  49%|████▉     | 1537/3125 [4:24:49<3:22:42,  7.66s/step, epoch=0, loss=0.6406]train:  49%|████▉     | 1538/3125 [4:24:59<3:22:34,  7.66s/step, epoch=0, loss=0.2918]                                                                                      [train] step 1540/3125  loss=0.4828  ce=0.8177  kd=0.3229
train:  49%|████▉     | 1540/3125 [4:25:11<3:22:19,  7.66s/step, epoch=0, loss=0.5703]train:  49%|████▉     | 1541/3125 [4:25:19<3:21:05,  7.62s/step, epoch=0, loss=0.5703]train:  49%|████▉     | 1542/3125 [4:25:29<3:20:57,  7.62s/step, epoch=0, loss=0.3908]train:  49%|████▉     | 1546/3125 [4:25:56<3:19:43,  7.59s/step, epoch=0, loss=0.2569]train:  50%|████▉     | 1547/3125 [4:26:07<3:19:36,  7.59s/step, epoch=0, loss=0.2971]                                                                                      [train] step 1550/3125  loss=0.4421  ce=0.8542  kd=0.3889
train:  50%|████▉     | 1550/3125 [4:26:26<3:19:13,  7.59s/step, epoch=0, loss=0.6215]train:  50%|████▉     | 1551/3125 [4:26:33<3:17:13,  7.52s/step, epoch=0, loss=0.6215]train:  50%|████▉     | 1552/3125 [4:26:47<3:17:06,  7.52s/step, epoch=0, loss=0.6221]train:  50%|████▉     | 1555/3125 [4:27:04<3:18:20,  7.58s/step, epoch=0, loss=0.6526]train:  50%|████▉     | 1556/3125 [4:27:17<3:18:13,  7.58s/step, epoch=0, loss=0.2258]train:  50%|████▉     | 1559/3125 [4:27:35<3:17:59,  7.59s/step, epoch=0, loss=0.3899]                                                                                      [train] step 1560/3125  loss=0.4759  ce=0.7198  kd=0.3477
train:  50%|████▉     | 1560/3125 [4:27:42<3:17:52,  7.59s/step, epoch=0, loss=0.5338]train:  50%|████▉     | 1560/3125 [4:27:47<3:17:52,  7.59s/step, epoch=0, loss=0.5338]train:  50%|█████     | 1563/3125 [4:28:05<3:17:23,  7.58s/step, epoch=0, loss=0.5681]train:  50%|█████     | 1564/3125 [4:28:17<3:17:16,  7.58s/step, epoch=0, loss=0.4716]train:  50%|█████     | 1567/3125 [4:28:36<3:17:58,  7.62s/step, epoch=0, loss=0.7658]train:  50%|█████     | 1568/3125 [4:28:47<3:17:50,  7.62s/step, epoch=0, loss=0.4451]                                                                                      [train] step 1570/3125  loss=0.4655  ce=0.1858  kd=0.1019
train:  50%|█████     | 1570/3125 [4:28:59<3:17:35,  7.62s/step, epoch=0, loss=0.1439]train:  50%|█████     | 1571/3125 [4:29:06<3:16:58,  7.61s/step, epoch=0, loss=0.1439]train:  50%|█████     | 1572/3125 [4:29:17<3:16:51,  7.61s/step, epoch=0, loss=0.2439]train:  50%|█████     | 1575/3125 [4:29:37<3:16:33,  7.61s/step, epoch=0, loss=0.6023]train:  50%|█████     | 1576/3125 [4:29:47<3:16:26,  7.61s/step, epoch=0, loss=0.5672]train:  51%|█████     | 1579/3125 [4:30:07<3:16:20,  7.62s/step, epoch=0, loss=0.2824]                                                                                      [train] step 1580/3125  loss=0.4950  ce=0.3790  kd=0.1643
train:  51%|█████     | 1580/3125 [4:30:15<3:16:13,  7.62s/step, epoch=0, loss=0.2716]train:  51%|█████     | 1580/3125 [4:30:17<3:16:13,  7.62s/step, epoch=0, loss=0.2716]train:  51%|█████     | 1583/3125 [4:30:37<3:14:57,  7.59s/step, epoch=0, loss=0.4345]train:  51%|█████     | 1584/3125 [4:30:47<3:14:49,  7.59s/step, epoch=0, loss=0.2982]train:  51%|█████     | 1588/3125 [4:31:14<3:12:49,  7.53s/step, epoch=0, loss=0.2621]train:  51%|█████     | 1589/3125 [4:31:27<3:12:42,  7.53s/step, epoch=0, loss=0.2023]                                                                                      [train] step 1590/3125  loss=0.5232  ce=0.3270  kd=0.1240
train:  51%|█████     | 1590/3125 [4:31:29<3:12:34,  7.53s/step, epoch=0, loss=0.2255]train:  51%|█████     | 1593/3125 [4:31:51<3:11:30,  7.50s/step, epoch=0, loss=0.4089]train:  51%|█████     | 1595/3125 [4:32:07<3:11:15,  7.50s/step, epoch=0, loss=0.4473]train:  51%|█████     | 1597/3125 [4:32:22<3:12:03,  7.54s/step, epoch=0, loss=0.6252]train:  51%|█████     | 1599/3125 [4:32:37<3:11:48,  7.54s/step, epoch=0, loss=0.2844]                                                                                      [train] step 1600/3125  loss=0.4770  ce=0.2435  kd=0.0667
train:  51%|█████     | 1600/3125 [4:32:45<3:11:40,  7.54s/step, epoch=0, loss=0.1551]
eval:   0%|          | 0/5000 [00:00<?, ?batch/s][A
eval:   5%|▌         | 250/5000 [00:30<09:30,  8.33batch/s][A
eval:   5%|▌         | 250/5000 [00:42<09:30,  8.33batch/s][A
eval:  10%|█         | 500/5000 [01:00<09:00,  8.33batch/s][A
eval:  10%|█         | 500/5000 [01:12<09:00,  8.33batch/s][A
eval:  15%|█▌        | 757/5000 [01:30<08:23,  8.43batch/s][A
eval:  15%|█▌        | 757/5000 [01:42<08:23,  8.43batch/s][A
eval:  20%|██        | 1013/5000 [02:00<07:51,  8.46batch/s][A
eval:  20%|██        | 1013/5000 [02:12<07:51,  8.46batch/s][A
eval:  25%|██▌       | 1257/5000 [02:30<07:29,  8.32batch/s][A
eval:  25%|██▌       | 1257/5000 [02:42<07:29,  8.32batch/s][A
eval:  30%|███       | 1510/5000 [03:00<06:57,  8.36batch/s][A
eval:  30%|███       | 1510/5000 [03:12<06:57,  8.36batch/s][A
eval:  35%|███▌      | 1751/5000 [03:30<06:33,  8.25batch/s][A
eval:  35%|███▌      | 1751/5000 [03:42<06:33,  8.25batch/s][A
eval:  40%|███▉      | 1997/5000 [04:00<06:04,  8.23batch/s][A
eval:  40%|███▉      | 1997/5000 [04:12<06:04,  8.23batch/s][A
eval:  45%|████▍     | 2247/5000 [04:30<05:33,  8.26batch/s][A
eval:  45%|████▍     | 2247/5000 [04:42<05:33,  8.26batch/s][A
eval:  50%|█████     | 2501/5000 [05:00<05:00,  8.32batch/s][A
eval:  50%|█████     | 2501/5000 [05:12<05:00,  8.32batch/s][A
eval:  55%|█████▌    | 2753/5000 [05:30<04:29,  8.34batch/s][A
eval:  55%|█████▌    | 2753/5000 [05:42<04:29,  8.34batch/s][A
eval:  60%|██████    | 3000/5000 [06:00<04:00,  8.31batch/s][A
eval:  60%|██████    | 3000/5000 [06:12<04:00,  8.31batch/s][A
eval:  65%|██████▍   | 3248/5000 [06:30<03:31,  8.29batch/s][A
eval:  65%|██████▍   | 3248/5000 [06:42<03:31,  8.29batch/s][A
eval:  70%|██████▉   | 3498/5000 [07:00<03:00,  8.30batch/s][A
eval:  70%|██████▉   | 3498/5000 [07:12<03:00,  8.30batch/s][A
eval:  75%|███████▌  | 3754/5000 [07:30<02:28,  8.37batch/s][A
eval:  75%|███████▌  | 3754/5000 [07:42<02:28,  8.37batch/s][A
eval:  80%|████████  | 4002/5000 [08:00<01:59,  8.33batch/s][A
eval:  80%|████████  | 4002/5000 [08:12<01:59,  8.33batch/s][A
eval:  85%|████████▌ | 4253/5000 [08:30<01:29,  8.34batch/s][A
eval:  85%|████████▌ | 4253/5000 [08:42<01:29,  8.34batch/s][A
eval:  90%|█████████ | 4500/5000 [09:00<01:00,  8.30batch/s][A
eval:  90%|█████████ | 4500/5000 [09:12<01:00,  8.30batch/s][A
eval:  95%|█████████▍| 4746/5000 [09:30<00:30,  8.27batch/s][A
eval:  95%|█████████▍| 4746/5000 [09:42<00:30,  8.27batch/s][A
eval: 100%|█████████▉| 4991/5000 [10:00<00:01,  8.24batch/s][A
                                                            [A                                                                                      [val] agreement=0.8654  loss=0.4832  ce=0.6916  kd=0.2748
train:  51%|█████     | 1600/3125 [4:42:47<3:11:40,  7.54s/step, epoch=0, loss=0.1551]train:  51%|█████     | 1601/3125 [4:43:00<21:19:53, 50.39s/step, epoch=0, loss=0.1551]train:  51%|█████▏    | 1605/3125 [4:43:31<16:05:35, 38.12s/step, epoch=0, loss=0.2649]train:  51%|█████▏    | 1607/3125 [4:43:47<16:04:19, 38.12s/step, epoch=0, loss=0.5794]train:  52%|█████▏    | 1610/3125 [4:44:08<11:39:56, 27.72s/step, epoch=0, loss=0.4866]                                                                                       [train] step 1610/3125  loss=0.5238  ce=0.5587  kd=0.1551
train:  52%|█████▏    | 1610/3125 [4:44:08<11:39:56, 27.72s/step, epoch=0, loss=0.3569]train:  52%|█████▏    | 1611/3125 [4:44:19<11:39:28, 27.72s/step, epoch=0, loss=0.4302]train:  52%|█████▏    | 1615/3125 [4:44:45<8:50:51, 21.09s/step, epoch=0, loss=0.2805] train:  52%|█████▏    | 1616/3125 [4:44:57<8:50:30, 21.09s/step, epoch=0, loss=0.3237]train:  52%|█████▏    | 1620/3125 [4:45:23<7:00:56, 16.78s/step, epoch=0, loss=0.3432]                                                                                      [train] step 1620/3125  loss=0.4786  ce=0.2362  kd=0.1539
train:  52%|█████▏    | 1620/3125 [4:45:23<7:00:56, 16.78s/step, epoch=0, loss=0.1951]train:  52%|█████▏    | 1621/3125 [4:45:37<7:00:39, 16.78s/step, epoch=0, loss=0.2560]train:  52%|█████▏    | 1625/3125 [4:46:00<5:46:10, 13.85s/step, epoch=0, loss=0.5689]train:  52%|█████▏    | 1627/3125 [4:46:17<5:45:43, 13.85s/step, epoch=0, loss=0.3817]train:  52%|█████▏    | 1629/3125 [4:46:30<5:04:26, 12.21s/step, epoch=0, loss=0.4014]                                                                                      [train] step 1630/3125  loss=0.4899  ce=0.1751  kd=0.0952
train:  52%|█████▏    | 1630/3125 [4:46:38<5:04:14, 12.21s/step, epoch=0, loss=0.1352]train:  52%|█████▏    | 1631/3125 [4:46:47<5:04:02, 12.21s/step, epoch=0, loss=1.2209]train:  52%|█████▏    | 1633/3125 [4:47:01<4:32:35, 10.96s/step, epoch=0, loss=0.1212]train:  52%|█████▏    | 1635/3125 [4:47:17<4:32:13, 10.96s/step, epoch=0, loss=0.5178]train:  52%|█████▏    | 1637/3125 [4:47:31<4:08:42, 10.03s/step, epoch=0, loss=0.1805]train:  52%|█████▏    | 1639/3125 [4:47:47<4:08:22, 10.03s/step, epoch=0, loss=0.4794]                                                                                      [train] step 1640/3125  loss=0.4700  ce=1.0881  kd=0.3476
train:  52%|█████▏    | 1640/3125 [4:47:54<4:08:12, 10.03s/step, epoch=0, loss=0.7178]train:  53%|█████▎    | 1641/3125 [4:48:02<3:51:12,  9.35s/step, epoch=0, loss=0.7178]train:  53%|█████▎    | 1642/3125 [4:48:17<3:51:02,  9.35s/step, epoch=0, loss=0.3479]train:  53%|█████▎    | 1645/3125 [4:48:33<3:38:39,  8.86s/step, epoch=0, loss=0.2443]train:  53%|█████▎    | 1646/3125 [4:48:47<3:38:30,  8.86s/step, epoch=0, loss=1.0091]train:  53%|█████▎    | 1649/3125 [4:49:03<3:29:04,  8.50s/step, epoch=0, loss=0.3282]                                                                                      [train] step 1650/3125  loss=0.4760  ce=0.3090  kd=0.1250
train:  53%|█████▎    | 1650/3125 [4:49:11<3:28:55,  8.50s/step, epoch=0, loss=0.2170]train:  53%|█████▎    | 1650/3125 [4:49:17<3:28:55,  8.50s/step, epoch=0, loss=0.2170]train:  53%|█████▎    | 1653/3125 [4:49:33<3:21:56,  8.23s/step, epoch=0, loss=0.4025]train:  53%|█████▎    | 1654/3125 [4:49:47<3:21:48,  8.23s/step, epoch=0, loss=0.2477]train:  53%|█████▎    | 1657/3125 [4:50:04<3:16:07,  8.02s/step, epoch=0, loss=0.5879]train:  53%|█████▎    | 1658/3125 [4:50:17<3:15:59,  8.02s/step, epoch=0, loss=0.5630]                                                                                      [train] step 1660/3125  loss=0.5078  ce=0.1897  kd=0.1544
train:  53%|█████▎    | 1660/3125 [4:50:26<3:15:43,  8.02s/step, epoch=0, loss=0.1721]train:  53%|█████▎    | 1662/3125 [4:50:41<3:10:48,  7.83s/step, epoch=0, loss=0.2516]train:  53%|█████▎    | 1664/3125 [4:50:57<3:10:33,  7.83s/step, epoch=0, loss=0.2325]train:  53%|█████▎    | 1666/3125 [4:51:11<3:08:09,  7.74s/step, epoch=0, loss=0.1578]train:  53%|█████▎    | 1668/3125 [4:51:27<3:07:54,  7.74s/step, epoch=0, loss=0.4563]                                                                                      [train] step 1670/3125  loss=0.4739  ce=1.2161  kd=0.2843
train:  53%|█████▎    | 1670/3125 [4:51:40<3:07:39,  7.74s/step, epoch=0, loss=0.7502]train:  53%|█████▎    | 1671/3125 [4:51:48<3:04:10,  7.60s/step, epoch=0, loss=0.7502]train:  54%|█████▎    | 1672/3125 [4:51:59<3:04:02,  7.60s/step, epoch=0, loss=0.6126]train:  54%|█████▎    | 1676/3125 [4:52:25<3:02:31,  7.56s/step, epoch=0, loss=0.3036]train:  54%|█████▎    | 1677/3125 [4:52:37<3:02:23,  7.56s/step, epoch=0, loss=0.0820]train:  54%|█████▍    | 1680/3125 [4:52:55<3:02:03,  7.56s/step, epoch=0, loss=0.2612]                                                                                      [train] step 1680/3125  loss=0.4475  ce=0.4919  kd=0.1395
train:  54%|█████▍    | 1680/3125 [4:52:55<3:02:03,  7.56s/step, epoch=0, loss=0.3157]train:  54%|█████▍    | 1681/3125 [4:53:07<3:01:56,  7.56s/step, epoch=0, loss=0.8381]train:  54%|█████▍    | 1684/3125 [4:53:25<3:01:10,  7.54s/step, epoch=0, loss=0.3022]train:  54%|█████▍    | 1685/3125 [4:53:37<3:01:02,  7.54s/step, epoch=0, loss=0.3211]train:  54%|█████▍    | 1688/3125 [4:53:55<3:00:29,  7.54s/step, epoch=0, loss=0.3031]train:  54%|█████▍    | 1689/3125 [4:54:07<3:00:21,  7.54s/step, epoch=0, loss=0.6842]                                                                                      [train] step 1690/3125  loss=0.4462  ce=0.5361  kd=0.2934
train:  54%|█████▍    | 1690/3125 [4:54:10<3:00:14,  7.54s/step, epoch=0, loss=0.4147]train:  54%|█████▍    | 1693/3125 [4:54:32<2:58:48,  7.49s/step, epoch=0, loss=0.4782]train:  54%|█████▍    | 1694/3125 [4:54:47<2:58:40,  7.49s/step, epoch=0, loss=0.7714]train:  54%|█████▍    | 1697/3125 [4:55:02<2:58:29,  7.50s/step, epoch=0, loss=0.2454]train:  54%|█████▍    | 1699/3125 [4:55:17<2:58:14,  7.50s/step, epoch=0, loss=0.3751]                                                                                      [train] step 1700/3125  loss=0.4562  ce=0.2002  kd=0.1291
train:  54%|█████▍    | 1700/3125 [4:55:25<2:58:07,  7.50s/step, epoch=0, loss=0.1646]train:  54%|█████▍    | 1702/3125 [4:55:39<2:56:39,  7.45s/step, epoch=0, loss=0.2145]train:  55%|█████▍    | 1704/3125 [4:55:57<2:56:24,  7.45s/step, epoch=0, loss=0.6449]train:  55%|█████▍    | 1706/3125 [4:56:09<2:57:10,  7.49s/step, epoch=0, loss=0.6951]train:  55%|█████▍    | 1708/3125 [4:56:27<2:56:55,  7.49s/step, epoch=0, loss=0.4880]                                                                                      [train] step 1710/3125  loss=0.4508  ce=1.5459  kd=0.7037
train:  55%|█████▍    | 1710/3125 [4:56:39<2:56:40,  7.49s/step, epoch=0, loss=1.1248]train:  55%|█████▍    | 1711/3125 [4:56:47<2:56:17,  7.48s/step, epoch=0, loss=1.1248]train:  55%|█████▍    | 1712/3125 [4:56:57<2:56:09,  7.48s/step, epoch=0, loss=0.6350]train:  55%|█████▍    | 1716/3125 [4:57:24<2:55:10,  7.46s/step, epoch=0, loss=0.1507]train:  55%|█████▍    | 1717/3125 [4:57:37<2:55:02,  7.46s/step, epoch=0, loss=0.4130]                                                                                      [train] step 1720/3125  loss=0.4836  ce=0.7209  kd=0.2217
train:  55%|█████▌    | 1720/3125 [4:57:53<2:54:40,  7.46s/step, epoch=0, loss=0.4713]train:  55%|█████▌    | 1721/3125 [4:58:01<2:54:22,  7.45s/step, epoch=0, loss=0.4713]train:  55%|█████▌    | 1723/3125 [4:58:17<2:54:07,  7.45s/step, epoch=0, loss=0.3509]train:  55%|█████▌    | 1725/3125 [4:58:31<2:54:16,  7.47s/step, epoch=0, loss=0.6120]train:  55%|█████▌    | 1727/3125 [4:58:47<2:54:01,  7.47s/step, epoch=0, loss=0.2634]train:  55%|█████▌    | 1729/3125 [4:59:01<2:54:25,  7.50s/step, epoch=0, loss=0.2153]                                                                                      [train] step 1730/3125  loss=0.4928  ce=0.8655  kd=0.3562
train:  55%|█████▌    | 1730/3125 [4:59:09<2:54:17,  7.50s/step, epoch=0, loss=0.6108]train:  55%|█████▌    | 1731/3125 [4:59:17<2:54:10,  7.50s/step, epoch=0, loss=0.5498]train:  55%|█████▌    | 1733/3125 [4:59:32<2:54:49,  7.54s/step, epoch=0, loss=0.6467]train:  56%|█████▌    | 1735/3125 [4:59:47<2:54:34,  7.54s/step, epoch=0, loss=0.3501]train:  56%|█████▌    | 1738/3125 [5:00:09<2:53:35,  7.51s/step, epoch=0, loss=0.2467]                                                                                      [train] step 1740/3125  loss=0.4851  ce=0.9674  kd=0.2168
train:  56%|█████▌    | 1740/3125 [5:00:25<2:53:20,  7.51s/step, epoch=0, loss=0.5921]train:  56%|█████▌    | 1740/3125 [5:00:27<2:53:20,  7.51s/step, epoch=0, loss=0.5921]train:  56%|█████▌    | 1742/3125 [5:00:40<2:53:34,  7.53s/step, epoch=0, loss=0.2634]train:  56%|█████▌    | 1744/3125 [5:00:57<2:53:19,  7.53s/step, epoch=0, loss=0.1595]train:  56%|█████▌    | 1746/3125 [5:01:10<2:54:20,  7.59s/step, epoch=0, loss=0.4782]train:  56%|█████▌    | 1748/3125 [5:01:27<2:54:05,  7.59s/step, epoch=0, loss=0.2265]                                                                                      [train] step 1750/3125  loss=0.4954  ce=0.2786  kd=0.2547
train:  56%|█████▌    | 1750/3125 [5:01:40<2:53:49,  7.59s/step, epoch=0, loss=0.2667]train:  56%|█████▌    | 1751/3125 [5:01:48<2:52:38,  7.54s/step, epoch=0, loss=0.2667]train:  56%|█████▌    | 1752/3125 [5:01:59<2:52:31,  7.54s/step, epoch=0, loss=0.5720]train:  56%|█████▌    | 1756/3125 [5:02:25<2:50:55,  7.49s/step, epoch=0, loss=0.8481]train:  56%|█████▌    | 1757/3125 [5:02:37<2:50:47,  7.49s/step, epoch=0, loss=0.2567]                                                                                      [train] step 1760/3125  loss=0.4521  ce=1.0656  kd=0.3679
train:  56%|█████▋    | 1760/3125 [5:02:54<2:50:25,  7.49s/step, epoch=0, loss=0.7168]train:  56%|█████▋    | 1761/3125 [5:03:02<2:49:43,  7.47s/step, epoch=0, loss=0.7168]train:  56%|█████▋    | 1763/3125 [5:03:17<2:49:28,  7.47s/step, epoch=0, loss=0.3234]train:  56%|█████▋    | 1765/3125 [5:03:32<2:50:10,  7.51s/step, epoch=0, loss=0.2005]train:  57%|█████▋    | 1767/3125 [5:03:47<2:49:55,  7.51s/step, epoch=0, loss=0.2341]train:  57%|█████▋    | 1769/3125 [5:04:03<2:50:16,  7.53s/step, epoch=0, loss=0.3334]                                                                                      [train] step 1770/3125  loss=0.4357  ce=0.1737  kd=0.1131
train:  57%|█████▋    | 1770/3125 [5:04:11<2:50:09,  7.53s/step, epoch=0, loss=0.1434]train:  57%|█████▋    | 1770/3125 [5:04:17<2:50:09,  7.53s/step, epoch=0, loss=0.1434]train:  57%|█████▋    | 1773/3125 [5:04:33<2:49:49,  7.54s/step, epoch=0, loss=0.1955]train:  57%|█████▋    | 1774/3125 [5:04:47<2:49:41,  7.54s/step, epoch=0, loss=0.3950]train:  57%|█████▋    | 1777/3125 [5:05:03<2:49:25,  7.54s/step, epoch=0, loss=0.8030]train:  57%|█████▋    | 1778/3125 [5:05:17<2:49:18,  7.54s/step, epoch=0, loss=0.2085]                                                                                      [train] step 1780/3125  loss=0.4996  ce=1.3210  kd=0.3006
train:  57%|█████▋    | 1780/3125 [5:05:25<2:49:03,  7.54s/step, epoch=0, loss=0.8108]train:  57%|█████▋    | 1782/3125 [5:05:40<2:48:02,  7.51s/step, epoch=0, loss=0.3326]train:  57%|█████▋    | 1784/3125 [5:05:57<2:47:47,  7.51s/step, epoch=0, loss=0.8909]train:  57%|█████▋    | 1787/3125 [5:06:18<2:47:21,  7.50s/step, epoch=0, loss=0.1036]train:  57%|█████▋    | 1788/3125 [5:06:29<2:47:13,  7.50s/step, epoch=0, loss=0.2342]                                                                                      [train] step 1790/3125  loss=0.4350  ce=0.5891  kd=0.1815
train:  57%|█████▋    | 1790/3125 [5:06:40<2:46:58,  7.50s/step, epoch=0, loss=0.3853]train:  57%|█████▋    | 1792/3125 [5:06:55<2:46:40,  7.50s/step, epoch=0, loss=0.3732]train:  57%|█████▋    | 1793/3125 [5:07:07<2:46:32,  7.50s/step, epoch=0, loss=0.3690]train:  57%|█████▋    | 1796/3125 [5:07:25<2:46:26,  7.51s/step, epoch=0, loss=0.2493]train:  58%|█████▊    | 1797/3125 [5:07:37<2:46:18,  7.51s/step, epoch=0, loss=0.2430]                                                                                      [train] step 1800/3125  loss=0.4620  ce=0.4526  kd=0.1645
train:  58%|█████▊    | 1800/3125 [5:07:55<2:45:55,  7.51s/step, epoch=0, loss=0.3086]
eval:   0%|          | 0/5000 [00:00<?, ?batch/s][A
eval:   5%|▍         | 248/5000 [00:30<09:35,  8.25batch/s][A
eval:   5%|▍         | 248/5000 [00:42<09:35,  8.25batch/s][A
eval:  10%|▉         | 498/5000 [01:00<09:03,  8.28batch/s][A
eval:  10%|▉         | 498/5000 [01:12<09:03,  8.28batch/s][A
eval:  15%|█▌        | 754/5000 [01:30<08:26,  8.39batch/s][A
eval:  15%|█▌        | 754/5000 [01:42<08:26,  8.39batch/s][A
eval:  20%|██        | 1011/5000 [02:00<07:51,  8.45batch/s][A
eval:  20%|██        | 1011/5000 [02:12<07:51,  8.45batch/s][A
eval:  25%|██▌       | 1254/5000 [02:30<07:30,  8.32batch/s][A
eval:  25%|██▌       | 1254/5000 [02:42<07:30,  8.32batch/s][A
eval:  30%|███       | 1503/5000 [03:00<07:00,  8.31batch/s][A
eval:  30%|███       | 1503/5000 [03:12<07:00,  8.31batch/s][A
eval:  35%|███▍      | 1742/5000 [03:30<06:37,  8.20batch/s][A
eval:  35%|███▍      | 1742/5000 [03:42<06:37,  8.20batch/s][A
eval:  40%|███▉      | 1988/5000 [04:00<06:07,  8.19batch/s][A
eval:  40%|███▉      | 1988/5000 [04:12<06:07,  8.19batch/s][A
eval:  45%|████▍     | 2236/5000 [04:30<05:36,  8.21batch/s][A
eval:  45%|████▍     | 2236/5000 [04:42<05:36,  8.21batch/s][A
eval:  50%|████▉     | 2491/5000 [05:00<05:02,  8.29batch/s][A
eval:  50%|████▉     | 2491/5000 [05:12<05:02,  8.29batch/s][A
eval:  55%|█████▍    | 2741/5000 [05:30<04:32,  8.30batch/s][A
eval:  55%|█████▍    | 2741/5000 [05:42<04:32,  8.30batch/s][A
eval:  60%|█████▉    | 2989/5000 [06:00<04:02,  8.29batch/s][A
eval:  60%|█████▉    | 2989/5000 [06:12<04:02,  8.29batch/s][A
eval:  65%|██████▍   | 3238/5000 [06:30<03:32,  8.28batch/s][A
eval:  65%|██████▍   | 3238/5000 [06:42<03:32,  8.28batch/s][A
eval:  70%|██████▉   | 3486/5000 [07:00<03:03,  8.27batch/s][A
eval:  70%|██████▉   | 3486/5000 [07:12<03:03,  8.27batch/s][A
eval:  75%|███████▍  | 3741/5000 [07:30<02:30,  8.34batch/s][A
eval:  75%|███████▍  | 3741/5000 [07:42<02:30,  8.34batch/s][A
eval:  80%|███████▉  | 3990/5000 [08:00<02:01,  8.32batch/s][A
eval:  80%|███████▉  | 3990/5000 [08:12<02:01,  8.32batch/s][A
eval:  85%|████████▍ | 4241/5000 [08:30<01:31,  8.33batch/s][A
eval:  85%|████████▍ | 4241/5000 [08:42<01:31,  8.33batch/s][A
eval:  90%|████████▉ | 4488/5000 [09:01<01:01,  8.30batch/s][A
eval:  90%|████████▉ | 4488/5000 [09:12<01:01,  8.30batch/s][A
eval:  95%|█████████▍| 4737/5000 [09:31<00:31,  8.29batch/s][A
eval:  95%|█████████▍| 4737/5000 [09:42<00:31,  8.29batch/s][A
eval: 100%|█████████▉| 4981/5000 [10:01<00:02,  8.24batch/s][A
                                                            [A                                                                                      [val] agreement=0.8660  loss=0.4814  ce=0.6922  kd=0.2706
train:  58%|█████▊    | 1800/3125 [5:17:59<2:45:55,  7.51s/step, epoch=0, loss=0.3086]train:  58%|█████▊    | 1801/3125 [5:18:12<17:12:43, 46.80s/step, epoch=0, loss=0.3086]train:  58%|█████▊    | 1805/3125 [5:18:44<13:18:57, 36.32s/step, epoch=0, loss=0.2509]train:  58%|█████▊    | 1806/3125 [5:18:57<13:18:21, 36.32s/step, epoch=0, loss=0.3732]train:  58%|█████▊    | 1809/3125 [5:19:14<10:22:22, 28.38s/step, epoch=0, loss=0.7062]                                                                                       [train] step 1810/3125  loss=0.4774  ce=0.3836  kd=0.1188
train:  58%|█████▊    | 1810/3125 [5:19:22<10:21:54, 28.38s/step, epoch=0, loss=0.2512]train:  58%|█████▊    | 1810/3125 [5:19:27<10:21:54, 28.38s/step, epoch=0, loss=0.2512]train:  58%|█████▊    | 1813/3125 [5:19:46<8:13:03, 22.55s/step, epoch=0, loss=0.1600] train:  58%|█████▊    | 1814/3125 [5:19:57<8:12:40, 22.55s/step, epoch=0, loss=0.4079]train:  58%|█████▊    | 1817/3125 [5:20:16<6:36:52, 18.21s/step, epoch=0, loss=0.1724]train:  58%|█████▊    | 1818/3125 [5:20:27<6:36:34, 18.21s/step, epoch=0, loss=0.4125]                                                                                      [train] step 1820/3125  loss=0.4663  ce=0.0925  kd=0.0822
train:  58%|█████▊    | 1820/3125 [5:20:39<6:35:57, 18.21s/step, epoch=0, loss=0.0874]train:  58%|█████▊    | 1822/3125 [5:20:53<5:16:16, 14.56s/step, epoch=0, loss=0.3096]train:  58%|█████▊    | 1823/3125 [5:21:07<5:16:01, 14.56s/step, epoch=0, loss=0.2073]train:  58%|█████▊    | 1826/3125 [5:21:24<4:33:11, 12.62s/step, epoch=0, loss=0.4432]train:  58%|█████▊    | 1827/3125 [5:21:37<4:32:58, 12.62s/step, epoch=0, loss=0.2183]train:  59%|█████▊    | 1830/3125 [5:21:55<4:01:49, 11.20s/step, epoch=0, loss=0.3144]                                                                                      [train] step 1830/3125  loss=0.4795  ce=0.3150  kd=0.1959
train:  59%|█████▊    | 1830/3125 [5:21:55<4:01:49, 11.20s/step, epoch=0, loss=0.2555]train:  59%|█████▊    | 1831/3125 [5:22:07<4:01:38, 11.20s/step, epoch=0, loss=0.4035]train:  59%|█████▊    | 1834/3125 [5:22:25<3:38:52, 10.17s/step, epoch=0, loss=0.6158]train:  59%|█████▊    | 1835/3125 [5:22:37<3:38:42, 10.17s/step, epoch=0, loss=0.1870]train:  59%|█████▉    | 1838/3125 [5:22:55<3:21:51,  9.41s/step, epoch=0, loss=0.3696]train:  59%|█████▉    | 1839/3125 [5:23:07<3:21:41,  9.41s/step, epoch=0, loss=0.3045]                                                                                      [train] step 1840/3125  loss=0.4996  ce=0.9381  kd=0.3537
train:  59%|█████▉    | 1840/3125 [5:23:11<3:21:32,  9.41s/step, epoch=0, loss=0.6459]train:  59%|█████▉    | 1842/3125 [5:23:26<3:10:03,  8.89s/step, epoch=0, loss=0.1762]train:  59%|█████▉    | 1843/3125 [5:23:37<3:09:54,  8.89s/step, epoch=0, loss=0.5294]train:  59%|█████▉    | 1846/3125 [5:23:56<3:00:59,  8.49s/step, epoch=0, loss=0.3704]train:  59%|█████▉    | 1847/3125 [5:24:07<3:00:51,  8.49s/step, epoch=0, loss=0.2208]train:  59%|█████▉    | 1850/3125 [5:24:26<2:54:18,  8.20s/step, epoch=0, loss=0.2005]                                                                                      [train] step 1850/3125  loss=0.4651  ce=0.3932  kd=0.1886
train:  59%|█████▉    | 1850/3125 [5:24:26<2:54:18,  8.20s/step, epoch=0, loss=0.2909]train:  59%|█████▉    | 1851/3125 [5:24:37<2:54:10,  8.20s/step, epoch=0, loss=0.3043]train:  59%|█████▉    | 1855/3125 [5:25:04<2:48:24,  7.96s/step, epoch=0, loss=0.4322]train:  59%|█████▉    | 1856/3125 [5:25:17<2:48:16,  7.96s/step, epoch=0, loss=0.1507]train:  60%|█████▉    | 1860/3125 [5:25:40<2:43:28,  7.75s/step, epoch=0, loss=0.3784]                                                                                      [train] step 1860/3125  loss=0.4273  ce=0.7314  kd=0.2544
train:  60%|█████▉    | 1860/3125 [5:25:41<2:43:28,  7.75s/step, epoch=0, loss=0.4929]train:  60%|█████▉    | 1862/3125 [5:25:57<2:43:13,  7.75s/step, epoch=0, loss=0.3101]train:  60%|█████▉    | 1865/3125 [5:26:18<2:40:31,  7.64s/step, epoch=0, loss=0.2753]train:  60%|█████▉    | 1866/3125 [5:26:29<2:40:24,  7.64s/step, epoch=0, loss=0.2479]train:  60%|█████▉    | 1870/3125 [5:26:55<2:38:26,  7.58s/step, epoch=0, loss=0.4490]                                                                                      [train] step 1870/3125  loss=0.4723  ce=0.5784  kd=0.1705
train:  60%|█████▉    | 1870/3125 [5:26:55<2:38:26,  7.58s/step, epoch=0, loss=0.3745]train:  60%|█████▉    | 1871/3125 [5:27:07<2:38:19,  7.58s/step, epoch=0, loss=0.6455]train:  60%|██████    | 1875/3125 [5:27:32<2:36:31,  7.51s/step, epoch=0, loss=0.5303]train:  60%|██████    | 1877/3125 [5:27:47<2:36:16,  7.51s/step, epoch=0, loss=0.3200]train:  60%|██████    | 1879/3125 [5:28:04<2:38:51,  7.65s/step, epoch=0, loss=0.7121]                                                                                      [train] step 1880/3125  loss=0.5246  ce=0.3808  kd=0.9074
train:  60%|██████    | 1880/3125 [5:28:11<2:38:43,  7.65s/step, epoch=0, loss=0.6441]train:  60%|██████    | 1880/3125 [5:28:17<2:38:43,  7.65s/step, epoch=0, loss=0.6441]train:  60%|██████    | 1883/3125 [5:28:34<2:37:56,  7.63s/step, epoch=0, loss=0.2703]train:  60%|██████    | 1884/3125 [5:28:48<2:37:49,  7.63s/step, epoch=0, loss=0.3486]train:  60%|██████    | 1887/3125 [5:29:04<2:37:04,  7.61s/step, epoch=0, loss=0.7500]train:  60%|██████    | 1888/3125 [5:29:18<2:36:56,  7.61s/step, epoch=0, loss=0.1492]                                                                                      [train] step 1890/3125  loss=0.4887  ce=0.3030  kd=0.1938
train:  60%|██████    | 1890/3125 [5:29:26<2:36:41,  7.61s/step, epoch=0, loss=0.2484]train:  61%|██████    | 1892/3125 [5:29:42<2:35:42,  7.58s/step, epoch=0, loss=0.4784]train:  61%|██████    | 1893/3125 [5:29:58<2:35:34,  7.58s/step, epoch=0, loss=0.3146]train:  61%|██████    | 1896/3125 [5:30:12<2:34:53,  7.56s/step, epoch=0, loss=0.5546]train:  61%|██████    | 1898/3125 [5:30:28<2:34:38,  7.56s/step, epoch=0, loss=0.7215]train:  61%|██████    | 1900/3125 [5:30:43<2:34:56,  7.59s/step, epoch=0, loss=0.5939]                                                                                      [train] step 1900/3125  loss=0.4813  ce=1.0228  kd=0.2865
train:  61%|██████    | 1900/3125 [5:30:43<2:34:56,  7.59s/step, epoch=0, loss=0.6547]train:  61%|██████    | 1902/3125 [5:30:58<2:34:41,  7.59s/step, epoch=0, loss=0.1414]train:  61%|██████    | 1905/3125 [5:31:21<2:34:24,  7.59s/step, epoch=0, loss=0.2492]train:  61%|██████    | 1907/3125 [5:31:38<2:34:09,  7.59s/step, epoch=0, loss=0.3645]train:  61%|██████    | 1909/3125 [5:31:51<2:34:10,  7.61s/step, epoch=0, loss=0.8875]                                                                                      [train] step 1910/3125  loss=0.4694  ce=0.9430  kd=0.3110
train:  61%|██████    | 1910/3125 [5:31:59<2:34:03,  7.61s/step, epoch=0, loss=0.6270]train:  61%|██████    | 1911/3125 [5:32:08<2:33:55,  7.61s/step, epoch=0, loss=0.2631]train:  61%|██████    | 1913/3125 [5:32:22<2:33:41,  7.61s/step, epoch=0, loss=0.9447]train:  61%|██████▏   | 1915/3125 [5:32:38<2:33:26,  7.61s/step, epoch=0, loss=0.2107]train:  61%|██████▏   | 1917/3125 [5:32:52<2:33:20,  7.62s/step, epoch=0, loss=0.2595]train:  61%|██████▏   | 1919/3125 [5:33:08<2:33:05,  7.62s/step, epoch=0, loss=0.5197]                                                                                      [train] step 1920/3125  loss=0.4836  ce=0.3796  kd=0.1949
train:  61%|██████▏   | 1920/3125 [5:33:15<2:32:58,  7.62s/step, epoch=0, loss=0.2872]train:  61%|██████▏   | 1921/3125 [5:33:22<2:32:23,  7.59s/step, epoch=0, loss=0.2872]train:  62%|██████▏   | 1923/3125 [5:33:38<2:32:07,  7.59s/step, epoch=0, loss=0.1881]train:  62%|██████▏   | 1926/3125 [5:34:00<2:31:02,  7.56s/step, epoch=0, loss=0.4681]train:  62%|██████▏   | 1928/3125 [5:34:18<2:30:47,  7.56s/step, epoch=0, loss=0.7384]                                                                                      [train] step 1930/3125  loss=0.5201  ce=0.3745  kd=0.1742
train:  62%|██████▏   | 1930/3125 [5:34:29<2:30:32,  7.56s/step, epoch=0, loss=0.2743]train:  62%|██████▏   | 1931/3125 [5:34:37<2:29:24,  7.51s/step, epoch=0, loss=0.2743]train:  62%|██████▏   | 1932/3125 [5:34:48<2:29:17,  7.51s/step, epoch=0, loss=0.3315]train:  62%|██████▏   | 1935/3125 [5:35:07<2:29:26,  7.53s/step, epoch=0, loss=0.4344]train:  62%|██████▏   | 1936/3125 [5:35:18<2:29:19,  7.53s/step, epoch=0, loss=0.2396]train:  62%|██████▏   | 1939/3125 [5:35:38<2:29:35,  7.57s/step, epoch=0, loss=0.2631]                                                                                      [train] step 1940/3125  loss=0.4883  ce=1.0247  kd=0.2683
train:  62%|██████▏   | 1940/3125 [5:35:45<2:29:28,  7.57s/step, epoch=0, loss=0.6465]train:  62%|██████▏   | 1940/3125 [5:35:49<2:29:28,  7.57s/step, epoch=0, loss=0.6465]train:  62%|██████▏   | 1944/3125 [5:36:15<2:27:49,  7.51s/step, epoch=0, loss=0.3041]train:  62%|██████▏   | 1945/3125 [5:36:28<2:27:42,  7.51s/step, epoch=0, loss=0.5074]train:  62%|██████▏   | 1949/3125 [5:36:51<2:25:50,  7.44s/step, epoch=0, loss=0.3967]                                                                                      [train] step 1950/3125  loss=0.4473  ce=0.2670  kd=0.1451
train:  62%|██████▏   | 1950/3125 [5:36:59<2:25:42,  7.44s/step, epoch=0, loss=0.2060]train:  62%|██████▏   | 1951/3125 [5:37:08<2:25:35,  7.44s/step, epoch=0, loss=0.9114]train:  63%|██████▎   | 1954/3125 [5:37:29<2:25:43,  7.47s/step, epoch=0, loss=0.3380]train:  63%|██████▎   | 1955/3125 [5:37:39<2:25:36,  7.47s/step, epoch=0, loss=0.4589]train:  63%|██████▎   | 1958/3125 [5:37:59<2:25:47,  7.50s/step, epoch=0, loss=0.7424]                                                                                      [train] step 1960/3125  loss=0.4394  ce=0.6059  kd=0.5571
train:  63%|██████▎   | 1960/3125 [5:38:14<2:25:33,  7.50s/step, epoch=0, loss=0.5815]train:  63%|██████▎   | 1960/3125 [5:38:18<2:25:33,  7.50s/step, epoch=0, loss=0.5815]train:  63%|██████▎   | 1962/3125 [5:38:30<2:25:52,  7.53s/step, epoch=0, loss=0.3953]train:  63%|██████▎   | 1964/3125 [5:38:48<2:25:37,  7.53s/step, epoch=0, loss=0.3064]train:  63%|██████▎   | 1967/3125 [5:39:07<2:25:10,  7.52s/step, epoch=0, loss=0.3729]train:  63%|██████▎   | 1968/3125 [5:39:18<2:25:03,  7.52s/step, epoch=0, loss=0.3948]                                                                                      [train] step 1970/3125  loss=0.4511  ce=0.1337  kd=0.1424
train:  63%|██████▎   | 1970/3125 [5:39:30<2:24:48,  7.52s/step, epoch=0, loss=0.1380]train:  63%|██████▎   | 1971/3125 [5:39:38<2:25:25,  7.56s/step, epoch=0, loss=0.1380]train:  63%|██████▎   | 1972/3125 [5:39:49<2:25:18,  7.56s/step, epoch=0, loss=0.2570]train:  63%|██████▎   | 1976/3125 [5:40:15<2:24:34,  7.55s/step, epoch=0, loss=0.2088]train:  63%|██████▎   | 1977/3125 [5:40:28<2:24:27,  7.55s/step, epoch=0, loss=0.4322]train:  63%|██████▎   | 1980/3125 [5:40:46<2:23:59,  7.55s/step, epoch=0, loss=0.1664]                                                                                      [train] step 1980/3125  loss=0.4863  ce=0.2060  kd=0.1259
train:  63%|██████▎   | 1980/3125 [5:40:46<2:23:59,  7.55s/step, epoch=0, loss=0.1660]train:  63%|██████▎   | 1981/3125 [5:40:58<2:23:51,  7.55s/step, epoch=0, loss=0.3406]train:  63%|██████▎   | 1984/3125 [5:41:16<2:24:15,  7.59s/step, epoch=0, loss=0.2946]train:  64%|██████▎   | 1985/3125 [5:41:28<2:24:07,  7.59s/step, epoch=0, loss=0.3246]train:  64%|██████▎   | 1988/3125 [5:41:48<2:25:08,  7.66s/step, epoch=0, loss=0.3404]train:  64%|██████▎   | 1989/3125 [5:41:59<2:25:00,  7.66s/step, epoch=0, loss=0.4467]                                                                                      [train] step 1990/3125  loss=0.4763  ce=0.8518  kd=0.3067
train:  64%|██████▎   | 1990/3125 [5:42:03<2:24:53,  7.66s/step, epoch=0, loss=0.5793]train:  64%|██████▍   | 1993/3125 [5:42:25<2:23:07,  7.59s/step, epoch=0, loss=0.2417]train:  64%|██████▍   | 1994/3125 [5:42:38<2:22:59,  7.59s/step, epoch=0, loss=0.3709]train:  64%|██████▍   | 1997/3125 [5:42:56<2:22:57,  7.60s/step, epoch=0, loss=0.3253]train:  64%|██████▍   | 1998/3125 [5:43:08<2:22:50,  7.60s/step, epoch=0, loss=0.2008]                                                                                      [train] step 2000/3125  loss=0.5178  ce=0.5392  kd=0.1703
train:  64%|██████▍   | 2000/3125 [5:43:18<2:22:34,  7.60s/step, epoch=0, loss=0.3548]
eval:   0%|          | 0/5000 [00:00<?, ?batch/s][A
eval:   5%|▍         | 248/5000 [00:30<09:36,  8.25batch/s][A
eval:   5%|▍         | 248/5000 [00:40<09:36,  8.25batch/s][A
eval:  10%|▉         | 497/5000 [01:00<09:05,  8.26batch/s][A
eval:  10%|▉         | 497/5000 [01:10<09:05,  8.26batch/s][A
eval:  15%|█▌        | 751/5000 [01:30<08:29,  8.34batch/s][A
eval:  15%|█▌        | 751/5000 [01:40<08:29,  8.34batch/s][A
eval:  20%|██        | 1006/5000 [02:00<07:55,  8.39batch/s][A
eval:  20%|██        | 1006/5000 [02:10<07:55,  8.39batch/s][A
eval:  25%|██▍       | 1249/5000 [02:30<07:32,  8.29batch/s][A
eval:  25%|██▍       | 1249/5000 [02:40<07:32,  8.29batch/s][A
eval:  30%|██▉       | 1499/5000 [03:00<07:01,  8.30batch/s][A
eval:  30%|██▉       | 1499/5000 [03:10<07:01,  8.30batch/s][A
eval:  35%|███▍      | 1741/5000 [03:30<06:36,  8.21batch/s][A
eval:  35%|███▍      | 1741/5000 [03:40<06:36,  8.21batch/s][A
eval:  40%|███▉      | 1985/5000 [04:00<06:08,  8.19batch/s][A
eval:  40%|███▉      | 1985/5000 [04:10<06:08,  8.19batch/s][A
eval:  45%|████▍     | 2232/5000 [04:30<05:37,  8.20batch/s][A
eval:  45%|████▍     | 2232/5000 [04:40<05:37,  8.20batch/s][A
eval:  50%|████▉     | 2486/5000 [05:00<05:03,  8.28batch/s][A
eval:  50%|████▉     | 2486/5000 [05:10<05:03,  8.28batch/s][A
eval:  55%|█████▍    | 2736/5000 [05:30<04:33,  8.29batch/s][A
eval:  55%|█████▍    | 2736/5000 [05:40<04:33,  8.29batch/s][A
eval:  60%|█████▉    | 2982/5000 [06:00<04:04,  8.26batch/s][A
eval:  60%|█████▉    | 2982/5000 [06:10<04:04,  8.26batch/s][A
eval:  65%|██████▍   | 3230/5000 [06:30<03:34,  8.26batch/s][A
eval:  65%|██████▍   | 3230/5000 [06:40<03:34,  8.26batch/s][A
eval:  70%|██████▉   | 3478/5000 [07:00<03:04,  8.25batch/s][A
eval:  70%|██████▉   | 3478/5000 [07:19<03:04,  8.25batch/s][A
eval:  75%|███████▍  | 3731/5000 [07:30<02:32,  8.30batch/s][A
eval:  75%|███████▍  | 3731/5000 [07:49<02:32,  8.30batch/s][A
eval:  80%|███████▉  | 3979/5000 [08:01<02:03,  8.28batch/s][A
eval:  80%|███████▉  | 3979/5000 [08:19<02:03,  8.28batch/s][A
eval:  85%|████████▍ | 4230/5000 [08:31<01:32,  8.30batch/s][A
eval:  85%|████████▍ | 4230/5000 [08:49<01:32,  8.30batch/s][A
eval:  89%|████████▉ | 4474/5000 [09:01<01:03,  8.24batch/s][A
eval:  89%|████████▉ | 4474/5000 [09:19<01:03,  8.24batch/s][A
eval:  94%|█████████▍| 4721/5000 [09:31<00:33,  8.23batch/s][A
eval:  94%|█████████▍| 4721/5000 [09:49<00:33,  8.23batch/s][A
eval:  99%|█████████▉| 4964/5000 [10:01<00:04,  8.19batch/s][A
                                                            [A                                                                                      [val] agreement=0.8655  loss=0.4808  ce=0.6904  kd=0.2711
train:  64%|██████▍   | 2000/3125 [5:53:24<2:22:34,  7.60s/step, epoch=0, loss=0.3548]train:  64%|██████▍   | 2001/3125 [5:53:39<15:59:20, 51.21s/step, epoch=0, loss=0.3548]train:  64%|██████▍   | 2005/3125 [5:54:10<12:01:33, 38.66s/step, epoch=0, loss=0.4762]train:  64%|██████▍   | 2007/3125 [5:54:28<12:00:16, 38.66s/step, epoch=0, loss=1.0252]train:  64%|██████▍   | 2009/3125 [5:54:40<9:10:09, 29.58s/step, epoch=0, loss=0.3822]                                                                                       [train] step 2010/3125  loss=0.4491  ce=0.3588  kd=0.1868
train:  64%|██████▍   | 2010/3125 [5:54:48<9:09:39, 29.58s/step, epoch=0, loss=0.2728]train:  64%|██████▍   | 2011/3125 [5:54:58<9:09:10, 29.58s/step, epoch=0, loss=0.5642]train:  64%|██████▍   | 2013/3125 [5:55:11<7:08:58, 23.15s/step, epoch=0, loss=0.2960]train:  64%|██████▍   | 2015/3125 [5:55:28<7:08:12, 23.15s/step, epoch=0, loss=0.3088]train:  65%|██████▍   | 2017/3125 [5:55:41<5:41:51, 18.51s/step, epoch=0, loss=0.3855]train:  65%|██████▍   | 2019/3125 [5:55:58<5:41:14, 18.51s/step, epoch=0, loss=0.4793]                                                                                      [train] step 2020/3125  loss=0.4925  ce=0.3831  kd=0.1405
train:  65%|██████▍   | 2020/3125 [5:56:03<5:40:56, 18.51s/step, epoch=0, loss=0.2618]train:  65%|██████▍   | 2022/3125 [5:56:19<4:30:24, 14.71s/step, epoch=0, loss=0.3345]train:  65%|██████▍   | 2023/3125 [5:56:29<4:30:09, 14.71s/step, epoch=0, loss=0.5222]train:  65%|██████▍   | 2027/3125 [5:56:56<3:45:05, 12.30s/step, epoch=0, loss=1.3745]train:  65%|██████▍   | 2028/3125 [5:57:08<3:44:53, 12.30s/step, epoch=0, loss=0.3105]                                                                                      [train] step 2030/3125  loss=0.4842  ce=0.4991  kd=0.9790
train:  65%|██████▍   | 2030/3125 [5:57:19<3:44:28, 12.30s/step, epoch=0, loss=0.7391]train:  65%|██████▍   | 2031/3125 [5:57:26<3:20:46, 11.01s/step, epoch=0, loss=0.7391]train:  65%|██████▌   | 2032/3125 [5:57:38<3:20:35, 11.01s/step, epoch=0, loss=0.1549]train:  65%|██████▌   | 2035/3125 [5:57:57<3:03:02, 10.08s/step, epoch=0, loss=1.0980]train:  65%|██████▌   | 2036/3125 [5:58:08<3:02:52, 10.08s/step, epoch=0, loss=0.7877]train:  65%|██████▌   | 2040/3125 [5:58:35<2:46:52,  9.23s/step, epoch=0, loss=0.2193]                                                                                      [train] step 2040/3125  loss=0.4788  ce=0.6547  kd=0.2978
train:  65%|██████▌   | 2040/3125 [5:58:35<2:46:52,  9.23s/step, epoch=0, loss=0.4762]train:  65%|██████▌   | 2041/3125 [5:58:48<2:46:43,  9.23s/step, epoch=0, loss=0.3186]train:  65%|██████▌   | 2044/3125 [5:59:05<2:38:10,  8.78s/step, epoch=0, loss=0.5208]train:  65%|██████▌   | 2045/3125 [5:59:18<2:38:02,  8.78s/step, epoch=0, loss=0.2260]train:  66%|██████▌   | 2049/3125 [5:59:42<2:29:09,  8.32s/step, epoch=0, loss=0.4244]                                                                                      [train] step 2050/3125  loss=0.4662  ce=1.4208  kd=0.3599
train:  66%|██████▌   | 2050/3125 [5:59:50<2:29:01,  8.32s/step, epoch=0, loss=0.8904]train:  66%|██████▌   | 2051/3125 [5:59:58<2:28:53,  8.32s/step, epoch=0, loss=0.3716]train:  66%|██████▌   | 2053/3125 [6:00:13<2:25:21,  8.14s/step, epoch=0, loss=0.5912]train:  66%|██████▌   | 2054/3125 [6:00:28<2:25:13,  8.14s/step, epoch=0, loss=0.7577]train:  66%|██████▌   | 2057/3125 [6:00:43<2:21:55,  7.97s/step, epoch=0, loss=0.6725]train:  66%|██████▌   | 2058/3125 [6:00:58<2:21:47,  7.97s/step, epoch=0, loss=0.1468]                                                                                      [train] step 2060/3125  loss=0.4710  ce=1.6875  kd=0.9693
train:  66%|██████▌   | 2060/3125 [6:01:05<2:21:31,  7.97s/step, epoch=0, loss=1.3284]train:  66%|██████▌   | 2062/3125 [6:01:20<2:18:13,  7.80s/step, epoch=0, loss=0.5941]train:  66%|██████▌   | 2064/3125 [6:01:38<2:17:58,  7.80s/step, epoch=0, loss=0.2975]train:  66%|██████▌   | 2066/3125 [6:01:52<2:17:57,  7.82s/step, epoch=0, loss=0.3659]train:  66%|██████▌   | 2068/3125 [6:02:08<2:17:41,  7.82s/step, epoch=0, loss=0.2247]train:  66%|██████▌   | 2070/3125 [6:02:22<2:16:08,  7.74s/step, epoch=0, loss=0.3236]                                                                                      [train] step 2070/3125  loss=0.4583  ce=0.3402  kd=0.3091
train:  66%|██████▌   | 2070/3125 [6:02:22<2:16:08,  7.74s/step, epoch=0, loss=0.3247]train:  66%|██████▋   | 2072/3125 [6:02:38<2:15:52,  7.74s/step, epoch=0, loss=0.1794]train:  66%|██████▋   | 2074/3125 [6:02:53<2:15:39,  7.74s/step, epoch=0, loss=0.5560]train:  66%|██████▋   | 2076/3125 [6:03:08<2:15:24,  7.74s/step, epoch=0, loss=0.2813]train:  67%|██████▋   | 2079/3125 [6:03:30<2:12:54,  7.62s/step, epoch=0, loss=1.0056]                                                                                      [train] step 2080/3125  loss=0.5075  ce=0.8449  kd=0.2235
train:  67%|██████▋   | 2080/3125 [6:03:37<2:12:47,  7.62s/step, epoch=0, loss=0.5342]train:  67%|██████▋   | 2081/3125 [6:03:48<2:12:39,  7.62s/step, epoch=0, loss=0.3692]train:  67%|██████▋   | 2083/3125 [6:04:00<2:12:20,  7.62s/step, epoch=0, loss=0.2091]train:  67%|██████▋   | 2085/3125 [6:04:18<2:12:05,  7.62s/step, epoch=0, loss=1.0941]train:  67%|██████▋   | 2088/3125 [6:04:38<2:11:10,  7.59s/step, epoch=0, loss=0.3886]train:  67%|██████▋   | 2089/3125 [6:04:49<2:11:02,  7.59s/step, epoch=0, loss=0.4464]                                                                                      [train] step 2090/3125  loss=0.4499  ce=1.4562  kd=0.7829
train:  67%|██████▋   | 2090/3125 [6:04:53<2:10:55,  7.59s/step, epoch=0, loss=1.1196]train:  67%|██████▋   | 2092/3125 [6:05:09<2:11:23,  7.63s/step, epoch=0, loss=0.3147]train:  67%|██████▋   | 2093/3125 [6:05:19<2:11:16,  7.63s/step, epoch=0, loss=0.3506]train:  67%|██████▋   | 2097/3125 [6:05:46<2:09:44,  7.57s/step, epoch=0, loss=0.7130]train:  67%|██████▋   | 2098/3125 [6:05:58<2:09:37,  7.57s/step, epoch=0, loss=0.5315]                                                                                      [train] step 2100/3125  loss=0.5417  ce=1.0109  kd=0.2977
train:  67%|██████▋   | 2100/3125 [6:06:09<2:09:22,  7.57s/step, epoch=0, loss=0.6543]train:  67%|██████▋   | 2102/3125 [6:06:24<2:08:47,  7.55s/step, epoch=0, loss=0.2922]train:  67%|██████▋   | 2103/3125 [6:06:38<2:08:40,  7.55s/step, epoch=0, loss=0.4351]train:  67%|██████▋   | 2106/3125 [6:06:54<2:08:57,  7.59s/step, epoch=0, loss=0.3566]train:  67%|██████▋   | 2107/3125 [6:07:08<2:08:49,  7.59s/step, epoch=0, loss=0.1806]train:  68%|██████▊   | 2110/3125 [6:07:25<2:08:40,  7.61s/step, epoch=0, loss=0.2293]                                                                                      [train] step 2110/3125  loss=0.4877  ce=2.1551  kd=0.7489
train:  68%|██████▊   | 2110/3125 [6:07:25<2:08:40,  7.61s/step, epoch=0, loss=1.4520]train:  68%|██████▊   | 2111/3125 [6:07:38<2:08:33,  7.61s/step, epoch=0, loss=0.8666]train:  68%|██████▊   | 2114/3125 [6:07:57<2:09:31,  7.69s/step, epoch=0, loss=0.7202]train:  68%|██████▊   | 2115/3125 [6:08:08<2:09:24,  7.69s/step, epoch=0, loss=0.1695]train:  68%|██████▊   | 2118/3125 [6:08:27<2:08:11,  7.64s/step, epoch=0, loss=0.6743]train:  68%|██████▊   | 2119/3125 [6:08:38<2:08:03,  7.64s/step, epoch=0, loss=0.2027]                                                                                      [train] step 2120/3125  loss=0.4646  ce=0.5379  kd=0.2017
train:  68%|██████▊   | 2120/3125 [6:08:42<2:07:55,  7.64s/step, epoch=0, loss=0.3698]train:  68%|██████▊   | 2123/3125 [6:09:04<2:06:33,  7.58s/step, epoch=0, loss=0.3832]train:  68%|██████▊   | 2124/3125 [6:09:18<2:06:25,  7.58s/step, epoch=0, loss=0.3533]train:  68%|██████▊   | 2127/3125 [6:09:34<2:06:15,  7.59s/step, epoch=0, loss=0.2744]train:  68%|██████▊   | 2128/3125 [6:09:48<2:06:07,  7.59s/step, epoch=0, loss=0.3125]                                                                                      [train] step 2130/3125  loss=0.4998  ce=0.2256  kd=0.2180
train:  68%|██████▊   | 2130/3125 [6:09:57<2:05:52,  7.59s/step, epoch=0, loss=0.2218]train:  68%|██████▊   | 2131/3125 [6:10:04<2:05:20,  7.57s/step, epoch=0, loss=0.2218]train:  68%|██████▊   | 2132/3125 [6:10:18<2:05:12,  7.57s/step, epoch=0, loss=0.7927]train:  68%|██████▊   | 2135/3125 [6:10:37<2:07:19,  7.72s/step, epoch=0, loss=0.3963]train:  68%|██████▊   | 2136/3125 [6:10:48<2:07:11,  7.72s/step, epoch=0, loss=0.5662]train:  68%|██████▊   | 2139/3125 [6:11:07<2:06:22,  7.69s/step, epoch=0, loss=0.2584]                                                                                      [train] step 2140/3125  loss=0.4622  ce=1.0048  kd=0.2562
train:  68%|██████▊   | 2140/3125 [6:11:15<2:06:14,  7.69s/step, epoch=0, loss=0.6305]train:  68%|██████▊   | 2140/3125 [6:11:18<2:06:14,  7.69s/step, epoch=0, loss=0.6305]train:  69%|██████▊   | 2143/3125 [6:11:40<2:07:39,  7.80s/step, epoch=0, loss=0.6143]train:  69%|██████▊   | 2145/3125 [6:11:58<2:07:24,  7.80s/step, epoch=0, loss=0.4985]train:  69%|██████▊   | 2147/3125 [6:12:10<2:06:36,  7.77s/step, epoch=0, loss=1.0430]train:  69%|██████▉   | 2149/3125 [6:12:28<2:06:20,  7.77s/step, epoch=0, loss=0.2494]                                                                                      [train] step 2150/3125  loss=0.4772  ce=0.9664  kd=0.3329
train:  69%|██████▉   | 2150/3125 [6:12:33<2:06:13,  7.77s/step, epoch=0, loss=0.6496]train:  69%|██████▉   | 2151/3125 [6:12:41<2:05:12,  7.71s/step, epoch=0, loss=0.6496]train:  69%|██████▉   | 2153/3125 [6:12:58<2:04:57,  7.71s/step, epoch=0, loss=0.5588]train:  69%|██████▉   | 2156/3125 [6:13:18<2:03:09,  7.63s/step, epoch=0, loss=0.1649]train:  69%|██████▉   | 2157/3125 [6:13:29<2:03:02,  7.63s/step, epoch=0, loss=0.5077]train:  69%|██████▉   | 2160/3125 [6:13:48<2:02:24,  7.61s/step, epoch=0, loss=0.3341]                                                                                      [train] step 2160/3125  loss=0.4765  ce=0.4936  kd=0.2404
train:  69%|██████▉   | 2160/3125 [6:13:48<2:02:24,  7.61s/step, epoch=0, loss=0.3670]train:  69%|██████▉   | 2161/3125 [6:13:59<2:02:17,  7.61s/step, epoch=0, loss=0.7777]train:  69%|██████▉   | 2164/3125 [6:14:20<2:02:58,  7.68s/step, epoch=0, loss=0.3107]train:  69%|██████▉   | 2166/3125 [6:14:38<2:02:43,  7.68s/step, epoch=0, loss=0.1910]train:  69%|██████▉   | 2168/3125 [6:14:50<2:02:23,  7.67s/step, epoch=0, loss=0.3373]                                                                                      [train] step 2170/3125  loss=0.4891  ce=0.8478  kd=0.3622
train:  69%|██████▉   | 2170/3125 [6:15:05<2:02:07,  7.67s/step, epoch=0, loss=0.6050]train:  69%|██████▉   | 2170/3125 [6:15:08<2:02:07,  7.67s/step, epoch=0, loss=0.6050]train:  70%|██████▉   | 2172/3125 [6:15:20<2:01:11,  7.63s/step, epoch=0, loss=0.3336]train:  70%|██████▉   | 2174/3125 [6:15:38<2:00:56,  7.63s/step, epoch=0, loss=0.2912]train:  70%|██████▉   | 2177/3125 [6:15:57<1:59:14,  7.55s/step, epoch=0, loss=0.2135]train:  70%|██████▉   | 2178/3125 [6:16:08<1:59:06,  7.55s/step, epoch=0, loss=0.7509]                                                                                      [train] step 2180/3125  loss=0.4944  ce=0.9170  kd=0.2288
train:  70%|██████▉   | 2180/3125 [6:16:18<1:58:51,  7.55s/step, epoch=0, loss=0.5729]train:  70%|██████▉   | 2182/3125 [6:16:33<1:56:31,  7.41s/step, epoch=0, loss=0.1504]train:  70%|██████▉   | 2183/3125 [6:16:48<1:56:24,  7.41s/step, epoch=0, loss=0.3946]train:  70%|██████▉   | 2186/3125 [6:17:04<1:57:11,  7.49s/step, epoch=0, loss=0.2677]train:  70%|██████▉   | 2187/3125 [6:17:18<1:57:04,  7.49s/step, epoch=0, loss=0.2093]                                                                                      [train] step 2190/3125  loss=0.4460  ce=0.6714  kd=0.2467
train:  70%|███████   | 2190/3125 [6:17:34<1:56:41,  7.49s/step, epoch=0, loss=0.4591]train:  70%|███████   | 2191/3125 [6:17:42<1:56:50,  7.51s/step, epoch=0, loss=0.4591]train:  70%|███████   | 2193/3125 [6:17:58<1:56:35,  7.51s/step, epoch=0, loss=0.6905]train:  70%|███████   | 2195/3125 [6:18:12<1:56:47,  7.53s/step, epoch=0, loss=0.6796]train:  70%|███████   | 2197/3125 [6:18:28<1:56:32,  7.53s/step, epoch=0, loss=0.2311]train:  70%|███████   | 2199/3125 [6:18:43<1:56:51,  7.57s/step, epoch=0, loss=0.2659]                                                                                      [train] step 2200/3125  loss=0.4842  ce=0.2474  kd=0.1286
train:  70%|███████   | 2200/3125 [6:18:50<1:56:43,  7.57s/step, epoch=0, loss=0.1880]
eval:   0%|          | 0/5000 [00:00<?, ?batch/s][Atrain:  70%|███████   | 2200/3125 [6:18:58<1:56:43,  7.57s/step, epoch=0, loss=0.1880]
eval:   5%|▌         | 251/5000 [00:30<09:29,  8.34batch/s][A
eval:   5%|▌         | 251/5000 [00:47<09:29,  8.34batch/s][A
eval:  10%|█         | 500/5000 [01:00<09:02,  8.30batch/s][A
eval:  10%|█         | 500/5000 [01:17<09:02,  8.30batch/s][A
eval:  15%|█▌        | 756/5000 [01:30<08:24,  8.40batch/s][A
eval:  15%|█▌        | 756/5000 [01:47<08:24,  8.40batch/s][A
eval:  20%|██        | 1013/5000 [02:00<07:51,  8.46batch/s][A
eval:  20%|██        | 1013/5000 [02:17<07:51,  8.46batch/s][A
eval:  25%|██▌       | 1256/5000 [02:30<07:29,  8.32batch/s][A
eval:  25%|██▌       | 1256/5000 [02:47<07:29,  8.32batch/s][A
eval:  30%|███       | 1506/5000 [03:00<06:59,  8.33batch/s][A
eval:  30%|███       | 1506/5000 [03:17<06:59,  8.33batch/s][A
eval:  35%|███▍      | 1746/5000 [03:30<06:36,  8.21batch/s][A
eval:  35%|███▍      | 1746/5000 [03:47<06:36,  8.21batch/s][A
eval:  40%|███▉      | 1990/5000 [04:00<06:07,  8.19batch/s][A
eval:  40%|███▉      | 1990/5000 [04:17<06:07,  8.19batch/s][A
eval:  45%|████▍     | 2236/5000 [04:30<05:37,  8.19batch/s][A
eval:  45%|████▍     | 2236/5000 [04:47<05:37,  8.19batch/s][A
eval:  50%|████▉     | 2489/5000 [05:00<05:04,  8.26batch/s][A
eval:  50%|████▉     | 2489/5000 [05:17<05:04,  8.26batch/s][A
eval:  55%|█████▍    | 2738/5000 [05:30<04:33,  8.26batch/s][A
eval:  55%|█████▍    | 2738/5000 [05:47<04:33,  8.26batch/s][A
eval:  60%|█████▉    | 2986/5000 [06:00<04:03,  8.26batch/s][A
eval:  60%|█████▉    | 2986/5000 [06:17<04:03,  8.26batch/s][A
eval:  65%|██████▍   | 3235/5000 [06:30<03:33,  8.27batch/s][A
eval:  65%|██████▍   | 3235/5000 [06:47<03:33,  8.27batch/s][A
eval:  70%|██████▉   | 3484/5000 [07:00<03:03,  8.27batch/s][A
eval:  70%|██████▉   | 3484/5000 [07:17<03:03,  8.27batch/s][A
eval:  75%|███████▍  | 3740/5000 [07:30<02:30,  8.35batch/s][A
eval:  75%|███████▍  | 3740/5000 [07:47<02:30,  8.35batch/s][A
eval:  80%|███████▉  | 3989/5000 [08:00<02:01,  8.33batch/s][A
eval:  80%|███████▉  | 3989/5000 [08:17<02:01,  8.33batch/s][A
eval:  85%|████████▍ | 4238/5000 [08:30<01:31,  8.32batch/s][A
eval:  85%|████████▍ | 4238/5000 [08:47<01:31,  8.32batch/s][A
eval:  90%|████████▉ | 4484/5000 [09:01<01:02,  8.27batch/s][A
eval:  90%|████████▉ | 4484/5000 [09:17<01:02,  8.27batch/s][A
eval:  95%|█████████▍| 4733/5000 [09:31<00:32,  8.28batch/s][A
eval:  95%|█████████▍| 4733/5000 [09:47<00:32,  8.28batch/s][A
eval: 100%|█████████▉| 4978/5000 [10:01<00:02,  8.24batch/s][A
                                                            [A                                                                                      [val] agreement=0.8652  loss=0.4795  ce=0.6850  kd=0.2741
train:  70%|███████   | 2200/3125 [6:28:54<1:56:43,  7.57s/step, epoch=0, loss=0.1880]train:  70%|███████   | 2201/3125 [6:29:08<15:00:19, 58.46s/step, epoch=0, loss=0.1880]train:  71%|███████   | 2206/3125 [6:29:45<10:04:11, 39.45s/step, epoch=0, loss=0.1926]train:  71%|███████   | 2207/3125 [6:29:58<10:03:32, 39.45s/step, epoch=0, loss=0.1471]train:  71%|███████   | 2210/3125 [6:30:16<7:36:17, 29.92s/step, epoch=0, loss=0.3674]                                                                                       [train] step 2210/3125  loss=0.4680  ce=0.2601  kd=0.1253
train:  71%|███████   | 2210/3125 [6:30:16<7:36:17, 29.92s/step, epoch=0, loss=0.1927]train:  71%|███████   | 2211/3125 [6:30:28<7:35:47, 29.92s/step, epoch=0, loss=0.1420]train:  71%|███████   | 2215/3125 [6:30:52<5:34:32, 22.06s/step, epoch=0, loss=0.6794]train:  71%|███████   | 2217/3125 [6:31:08<5:33:48, 22.06s/step, epoch=0, loss=0.5477]train:  71%|███████   | 2219/3125 [6:31:23<4:30:43, 17.93s/step, epoch=0, loss=0.1206]                                                                                      [train] step 2220/3125  loss=0.4791  ce=0.2121  kd=0.1316
train:  71%|███████   | 2220/3125 [6:31:30<4:30:25, 17.93s/step, epoch=0, loss=0.1718]train:  71%|███████   | 2220/3125 [6:31:38<4:30:25, 17.93s/step, epoch=0, loss=0.1718]train:  71%|███████   | 2224/3125 [6:32:00<3:36:18, 14.40s/step, epoch=0, loss=0.4182]train:  71%|███████   | 2226/3125 [6:32:18<3:35:49, 14.40s/step, epoch=0, loss=0.3207]train:  71%|███████▏  | 2228/3125 [6:32:30<3:07:04, 12.51s/step, epoch=0, loss=0.2587]                                                                                      [train] step 2230/3125  loss=0.4908  ce=1.1248  kd=0.7350
train:  71%|███████▏  | 2230/3125 [6:32:45<3:06:38, 12.51s/step, epoch=0, loss=0.9299]train:  71%|███████▏  | 2230/3125 [6:32:48<3:06:38, 12.51s/step, epoch=0, loss=0.9299]train:  71%|███████▏  | 2233/3125 [6:33:08<2:40:59, 10.83s/step, epoch=0, loss=0.3007]train:  71%|███████▏  | 2234/3125 [6:33:18<2:40:48, 10.83s/step, epoch=0, loss=0.3127]train:  72%|███████▏  | 2237/3125 [6:33:39<2:27:48,  9.99s/step, epoch=0, loss=0.2295]train:  72%|███████▏  | 2238/3125 [6:33:49<2:27:38,  9.99s/step, epoch=0, loss=0.1909]                                                                                      [train] step 2240/3125  loss=0.4591  ce=0.7873  kd=0.2082
train:  72%|███████▏  | 2240/3125 [6:34:01<2:27:18,  9.99s/step, epoch=0, loss=0.4978]train:  72%|███████▏  | 2241/3125 [6:34:09<2:17:22,  9.32s/step, epoch=0, loss=0.4978]train:  72%|███████▏  | 2243/3125 [6:34:28<2:17:03,  9.32s/step, epoch=0, loss=0.3857]train:  72%|███████▏  | 2245/3125 [6:34:41<2:10:35,  8.90s/step, epoch=0, loss=0.1471]train:  72%|███████▏  | 2247/3125 [6:34:58<2:10:17,  8.90s/step, epoch=0, loss=0.3288]train:  72%|███████▏  | 2249/3125 [6:35:11<2:04:15,  8.51s/step, epoch=0, loss=0.5323]                                                                                      [train] step 2250/3125  loss=0.4576  ce=0.2665  kd=0.2090
train:  72%|███████▏  | 2250/3125 [6:35:18<2:04:07,  8.51s/step, epoch=0, loss=0.2378]train:  72%|███████▏  | 2251/3125 [6:35:28<2:03:58,  8.51s/step, epoch=0, loss=0.4059]train:  72%|███████▏  | 2254/3125 [6:35:47<1:57:35,  8.10s/step, epoch=0, loss=0.4461]train:  72%|███████▏  | 2255/3125 [6:35:58<1:57:27,  8.10s/step, epoch=0, loss=0.2893]train:  72%|███████▏  | 2258/3125 [6:36:19<1:55:47,  8.01s/step, epoch=0, loss=0.0703]train:  72%|███████▏  | 2259/3125 [6:36:29<1:55:39,  8.01s/step, epoch=0, loss=0.3757]                                                                                      [train] step 2260/3125  loss=0.4876  ce=0.5005  kd=0.1982
train:  72%|███████▏  | 2260/3125 [6:36:33<1:55:31,  8.01s/step, epoch=0, loss=0.3494]train:  72%|███████▏  | 2262/3125 [6:36:49<1:53:30,  7.89s/step, epoch=0, loss=1.0065]train:  72%|███████▏  | 2263/3125 [6:36:59<1:53:22,  7.89s/step, epoch=0, loss=0.2206]train:  73%|███████▎  | 2266/3125 [6:37:20<1:52:28,  7.86s/step, epoch=0, loss=0.8093]train:  73%|███████▎  | 2268/3125 [6:37:38<1:52:12,  7.86s/step, epoch=0, loss=0.1451]                                                                                      [train] step 2270/3125  loss=0.5104  ce=0.7205  kd=0.2590
train:  73%|███████▎  | 2270/3125 [6:37:50<1:51:56,  7.86s/step, epoch=0, loss=0.4897]train:  73%|███████▎  | 2271/3125 [6:37:58<1:50:37,  7.77s/step, epoch=0, loss=0.4897]train:  73%|███████▎  | 2272/3125 [6:38:09<1:50:29,  7.77s/step, epoch=0, loss=0.3314]train:  73%|███████▎  | 2276/3125 [6:38:35<1:48:32,  7.67s/step, epoch=0, loss=0.7204]train:  73%|███████▎  | 2277/3125 [6:38:48<1:48:24,  7.67s/step, epoch=0, loss=0.4437]train:  73%|███████▎  | 2280/3125 [6:39:06<1:48:03,  7.67s/step, epoch=0, loss=0.3277]                                                                                      [train] step 2280/3125  loss=0.4782  ce=0.2807  kd=0.0903
train:  73%|███████▎  | 2280/3125 [6:39:06<1:48:03,  7.67s/step, epoch=0, loss=0.1855]train:  73%|███████▎  | 2281/3125 [6:39:18<1:47:56,  7.67s/step, epoch=0, loss=0.2958]train:  73%|███████▎  | 2284/3125 [6:39:37<1:47:18,  7.66s/step, epoch=0, loss=0.3183]train:  73%|███████▎  | 2285/3125 [6:39:48<1:47:11,  7.66s/step, epoch=0, loss=0.2989]train:  73%|███████▎  | 2289/3125 [6:40:14<1:45:34,  7.58s/step, epoch=0, loss=0.8083]                                                                                      [train] step 2290/3125  loss=0.4441  ce=0.5072  kd=0.2188
train:  73%|███████▎  | 2290/3125 [6:40:21<1:45:26,  7.58s/step, epoch=0, loss=0.3630]train:  73%|███████▎  | 2290/3125 [6:40:28<1:45:26,  7.58s/step, epoch=0, loss=0.3630]train:  73%|███████▎  | 2293/3125 [6:40:44<1:45:03,  7.58s/step, epoch=0, loss=0.3202]train:  73%|███████▎  | 2294/3125 [6:40:58<1:44:55,  7.58s/step, epoch=0, loss=0.2623]train:  74%|███████▎  | 2297/3125 [6:41:14<1:44:20,  7.56s/step, epoch=0, loss=0.3485]train:  74%|███████▎  | 2298/3125 [6:41:28<1:44:13,  7.56s/step, epoch=0, loss=0.4759]                                                                                      [train] step 2300/3125  loss=0.4621  ce=0.5974  kd=0.2467
train:  74%|███████▎  | 2300/3125 [6:41:37<1:43:57,  7.56s/step, epoch=0, loss=0.4220]train:  74%|███████▎  | 2302/3125 [6:41:51<1:43:18,  7.53s/step, epoch=0, loss=0.3019]train:  74%|███████▎  | 2304/3125 [6:42:08<1:43:03,  7.53s/step, epoch=0, loss=0.2217]train:  74%|███████▍  | 2307/3125 [6:42:28<1:41:47,  7.47s/step, epoch=0, loss=0.2341]train:  74%|███████▍  | 2308/3125 [6:42:39<1:41:40,  7.47s/step, epoch=0, loss=0.3144]                                                                                      [train] step 2310/3125  loss=0.5052  ce=0.7031  kd=0.2398
train:  74%|███████▍  | 2310/3125 [6:42:51<1:41:25,  7.47s/step, epoch=0, loss=0.4714]train:  74%|███████▍  | 2311/3125 [6:42:59<1:42:10,  7.53s/step, epoch=0, loss=0.4714]train:  74%|███████▍  | 2312/3125 [6:43:09<1:42:03,  7.53s/step, epoch=0, loss=0.4469]train:  74%|███████▍  | 2315/3125 [6:43:30<1:42:29,  7.59s/step, epoch=0, loss=0.1692]train:  74%|███████▍  | 2317/3125 [6:43:48<1:42:14,  7.59s/step, epoch=0, loss=0.2001]train:  74%|███████▍  | 2319/3125 [6:44:00<1:42:07,  7.60s/step, epoch=0, loss=0.2896]                                                                                      [train] step 2320/3125  loss=0.4504  ce=0.2876  kd=0.0710
train:  74%|███████▍  | 2320/3125 [6:44:08<1:41:59,  7.60s/step, epoch=0, loss=0.1793]train:  74%|███████▍  | 2321/3125 [6:44:18<1:41:52,  7.60s/step, epoch=0, loss=0.2723]train:  74%|███████▍  | 2323/3125 [6:44:30<1:41:21,  7.58s/step, epoch=0, loss=0.5245]train:  74%|███████▍  | 2325/3125 [6:44:48<1:41:06,  7.58s/step, epoch=0, loss=0.5571]train:  74%|███████▍  | 2327/3125 [6:45:02<1:42:10,  7.68s/step, epoch=0, loss=0.6362]train:  75%|███████▍  | 2329/3125 [6:45:18<1:41:55,  7.68s/step, epoch=0, loss=4.0706]                                                                                      [train] step 2330/3125  loss=0.4695  ce=1.0983  kd=0.2973
train:  75%|███████▍  | 2330/3125 [6:45:25<1:41:47,  7.68s/step, epoch=0, loss=0.6978]train:  75%|███████▍  | 2331/3125 [6:45:33<1:41:36,  7.68s/step, epoch=0, loss=0.6978]train:  75%|███████▍  | 2332/3125 [6:45:48<1:41:29,  7.68s/step, epoch=0, loss=0.6047]train:  75%|███████▍  | 2335/3125 [6:46:04<1:41:36,  7.72s/step, epoch=0, loss=0.3501]train:  75%|███████▍  | 2336/3125 [6:46:18<1:41:28,  7.72s/step, epoch=0, loss=0.6339]train:  75%|███████▍  | 2339/3125 [6:46:35<1:41:02,  7.71s/step, epoch=0, loss=0.1676]                                                                                      [train] step 2340/3125  loss=0.4512  ce=0.5127  kd=0.0751
train:  75%|███████▍  | 2340/3125 [6:46:43<1:40:55,  7.71s/step, epoch=0, loss=0.2939]train:  75%|███████▍  | 2340/3125 [6:46:48<1:40:55,  7.71s/step, epoch=0, loss=0.2939]train:  75%|███████▍  | 2343/3125 [6:47:07<1:41:41,  7.80s/step, epoch=0, loss=0.9931]train:  75%|███████▌  | 2344/3125 [6:47:18<1:41:33,  7.80s/step, epoch=0, loss=0.3450]train:  75%|███████▌  | 2347/3125 [6:47:38<1:40:56,  7.79s/step, epoch=0, loss=0.2480]train:  75%|███████▌  | 2348/3125 [6:47:49<1:40:49,  7.79s/step, epoch=0, loss=0.5441]                                                                                      [train] step 2350/3125  loss=0.4763  ce=0.4181  kd=0.1278
train:  75%|███████▌  | 2350/3125 [6:48:01<1:40:33,  7.79s/step, epoch=0, loss=0.2730]train:  75%|███████▌  | 2351/3125 [6:48:09<1:40:16,  7.77s/step, epoch=0, loss=0.2730]train:  75%|███████▌  | 2352/3125 [6:48:19<1:40:09,  7.77s/step, epoch=0, loss=0.4217]train:  75%|███████▌  | 2355/3125 [6:48:39<1:39:14,  7.73s/step, epoch=0, loss=0.3357]train:  75%|███████▌  | 2357/3125 [6:48:58<1:38:58,  7.73s/step, epoch=0, loss=0.2738]train:  75%|███████▌  | 2359/3125 [6:49:11<1:39:28,  7.79s/step, epoch=0, loss=0.3998]                                                                                      [train] step 2360/3125  loss=0.4616  ce=0.3780  kd=0.2101
train:  76%|███████▌  | 2360/3125 [6:49:19<1:39:20,  7.79s/step, epoch=0, loss=0.2940]train:  76%|███████▌  | 2361/3125 [6:49:28<1:39:12,  7.79s/step, epoch=0, loss=0.4453]train:  76%|███████▌  | 2363/3125 [6:49:42<1:38:14,  7.74s/step, epoch=0, loss=0.2660]train:  76%|███████▌  | 2365/3125 [6:49:58<1:37:58,  7.74s/step, epoch=0, loss=0.8202]train:  76%|███████▌  | 2368/3125 [6:50:20<1:37:03,  7.69s/step, epoch=0, loss=0.2045]                                                                                      [train] step 2370/3125  loss=0.5305  ce=1.2582  kd=0.6089
train:  76%|███████▌  | 2370/3125 [6:50:35<1:36:48,  7.69s/step, epoch=0, loss=0.9335]train:  76%|███████▌  | 2370/3125 [6:50:38<1:36:48,  7.69s/step, epoch=0, loss=0.9335]train:  76%|███████▌  | 2372/3125 [6:50:50<1:36:12,  7.67s/step, epoch=0, loss=0.2956]train:  76%|███████▌  | 2374/3125 [6:51:08<1:35:57,  7.67s/step, epoch=0, loss=0.4212]train:  76%|███████▌  | 2377/3125 [6:51:28<1:34:55,  7.61s/step, epoch=0, loss=0.3083]train:  76%|███████▌  | 2378/3125 [6:51:39<1:34:48,  7.61s/step, epoch=0, loss=0.4868]                                                                                      [train] step 2380/3125  loss=0.4496  ce=0.6548  kd=0.1584
train:  76%|███████▌  | 2380/3125 [6:51:51<1:34:33,  7.61s/step, epoch=0, loss=0.4066]train:  76%|███████▌  | 2381/3125 [6:51:58<1:34:43,  7.64s/step, epoch=0, loss=0.4066]train:  76%|███████▌  | 2382/3125 [6:52:09<1:34:36,  7.64s/step, epoch=0, loss=0.3633]train:  76%|███████▋  | 2385/3125 [6:52:30<1:34:53,  7.69s/step, epoch=0, loss=0.5270]train:  76%|███████▋  | 2387/3125 [6:52:48<1:34:38,  7.69s/step, epoch=0, loss=0.5084]train:  76%|███████▋  | 2389/3125 [6:53:01<1:34:24,  7.70s/step, epoch=0, loss=0.5993]                                                                                      [train] step 2390/3125  loss=0.4906  ce=0.8291  kd=0.2187
train:  76%|███████▋  | 2390/3125 [6:53:08<1:34:16,  7.70s/step, epoch=0, loss=0.5239]train:  77%|███████▋  | 2391/3125 [6:53:18<1:34:08,  7.70s/step, epoch=0, loss=0.1556]train:  77%|███████▋  | 2393/3125 [6:53:31<1:33:12,  7.64s/step, epoch=0, loss=0.5299]train:  77%|███████▋  | 2395/3125 [6:53:48<1:32:57,  7.64s/step, epoch=0, loss=0.5115]train:  77%|███████▋  | 2397/3125 [6:54:01<1:32:23,  7.62s/step, epoch=0, loss=0.4791]train:  77%|███████▋  | 2399/3125 [6:54:18<1:32:08,  7.62s/step, epoch=0, loss=0.5581]                                                                                      [train] step 2400/3125  loss=0.4769  ce=0.4438  kd=0.1769
train:  77%|███████▋  | 2400/3125 [6:54:24<1:32:01,  7.62s/step, epoch=0, loss=0.3104]
eval:   0%|          | 0/5000 [00:00<?, ?batch/s][A
eval:   5%|▌         | 250/5000 [00:30<09:30,  8.33batch/s][A
eval:   5%|▌         | 250/5000 [00:43<09:30,  8.33batch/s][A
eval:  10%|▉         | 499/5000 [01:00<09:01,  8.31batch/s][A
eval:  10%|▉         | 499/5000 [01:13<09:01,  8.31batch/s][A
eval:  15%|█▌        | 757/5000 [01:30<08:23,  8.43batch/s][A
eval:  15%|█▌        | 757/5000 [01:43<08:23,  8.43batch/s][A
eval:  20%|██        | 1015/5000 [02:00<07:49,  8.49batch/s][A
eval:  20%|██        | 1015/5000 [02:13<07:49,  8.49batch/s][A
eval:  25%|██▌       | 1259/5000 [02:30<07:28,  8.35batch/s][A
eval:  25%|██▌       | 1259/5000 [02:43<07:28,  8.35batch/s][A
eval:  30%|███       | 1513/5000 [03:00<06:56,  8.37batch/s][A
eval:  30%|███       | 1513/5000 [03:13<06:56,  8.37batch/s][A
eval:  35%|███▌      | 1756/5000 [03:30<06:32,  8.27batch/s][A
eval:  35%|███▌      | 1756/5000 [03:43<06:32,  8.27batch/s][A
eval:  40%|████      | 2002/5000 [04:00<06:03,  8.24batch/s][A
eval:  40%|████      | 2002/5000 [04:13<06:03,  8.24batch/s][A
eval:  45%|████▌     | 2253/5000 [04:30<05:32,  8.27batch/s][A
eval:  45%|████▌     | 2253/5000 [04:43<05:32,  8.27batch/s][A
eval:  50%|█████     | 2503/5000 [05:01<05:01,  8.28batch/s][A
eval:  50%|█████     | 2503/5000 [05:13<05:01,  8.28batch/s][A
eval:  55%|█████▌    | 2754/5000 [05:31<04:30,  8.30batch/s][A
eval:  55%|█████▌    | 2754/5000 [05:43<04:30,  8.30batch/s][A
eval:  60%|█████▉    | 2999/5000 [06:01<04:02,  8.25batch/s][A
eval:  60%|█████▉    | 2999/5000 [06:13<04:02,  8.25batch/s][A
eval:  65%|██████▍   | 3246/5000 [06:31<03:33,  8.23batch/s][A
eval:  65%|██████▍   | 3246/5000 [06:43<03:33,  8.23batch/s][A
eval:  70%|██████▉   | 3493/5000 [07:01<03:03,  8.23batch/s][A
eval:  70%|██████▉   | 3493/5000 [07:13<03:03,  8.23batch/s][A
eval:  75%|███████▍  | 3748/5000 [07:31<02:30,  8.31batch/s][A
eval:  75%|███████▍  | 3748/5000 [07:43<02:30,  8.31batch/s][A
eval:  80%|███████▉  | 3994/5000 [08:01<02:01,  8.27batch/s][A
eval:  80%|███████▉  | 3994/5000 [08:13<02:01,  8.27batch/s][A
eval:  85%|████████▍ | 4244/5000 [08:31<01:31,  8.28batch/s][A
eval:  85%|████████▍ | 4244/5000 [08:43<01:31,  8.28batch/s][A
eval:  90%|████████▉ | 4488/5000 [09:01<01:02,  8.24batch/s][A
eval:  90%|████████▉ | 4488/5000 [09:13<01:02,  8.24batch/s][A
eval:  95%|█████████▍| 4736/5000 [09:31<00:32,  8.24batch/s][A
eval:  95%|█████████▍| 4736/5000 [09:43<00:32,  8.24batch/s][A
eval: 100%|█████████▉| 4980/5000 [10:01<00:02,  8.20batch/s][A
                                                            [A                                                                                      [val] agreement=0.8661  loss=0.4791  ce=0.6881  kd=0.2702
train:  77%|███████▋  | 2400/3125 [7:04:29<1:32:01,  7.62s/step, epoch=0, loss=0.3104]train:  77%|███████▋  | 2401/3125 [7:04:42<10:37:40, 52.85s/step, epoch=0, loss=0.3104]train:  77%|███████▋  | 2406/3125 [7:05:19<7:25:01, 37.14s/step, epoch=0, loss=0.1141] train:  77%|███████▋  | 2408/3125 [7:05:38<7:23:47, 37.14s/step, epoch=0, loss=0.5851]train:  77%|███████▋  | 2410/3125 [7:05:50<5:42:56, 28.78s/step, epoch=0, loss=0.1964]                                                                                      [train] step 2410/3125  loss=0.4786  ce=0.7415  kd=0.2022
train:  77%|███████▋  | 2410/3125 [7:05:50<5:42:56, 28.78s/step, epoch=0, loss=0.4718]train:  77%|███████▋  | 2412/3125 [7:06:08<5:41:58, 28.78s/step, epoch=0, loss=0.3613]train:  77%|███████▋  | 2414/3125 [7:06:22<4:29:46, 22.77s/step, epoch=0, loss=0.5243]train:  77%|███████▋  | 2416/3125 [7:06:38<4:29:00, 22.77s/step, epoch=0, loss=0.1455]train:  77%|███████▋  | 2418/3125 [7:06:53<3:36:48, 18.40s/step, epoch=0, loss=1.2070]train:  77%|███████▋  | 2419/3125 [7:07:08<3:36:30, 18.40s/step, epoch=0, loss=0.4446]                                                                                      [train] step 2420/3125  loss=0.4562  ce=0.1740  kd=0.1621
train:  77%|███████▋  | 2420/3125 [7:07:08<3:36:12, 18.40s/step, epoch=0, loss=0.1680]train:  78%|███████▊  | 2422/3125 [7:07:24<2:58:45, 15.26s/step, epoch=0, loss=0.3379]train:  78%|███████▊  | 2423/3125 [7:07:38<2:58:29, 15.26s/step, epoch=0, loss=0.8785]train:  78%|███████▊  | 2426/3125 [7:07:55<2:32:13, 13.07s/step, epoch=0, loss=0.4470]train:  78%|███████▊  | 2427/3125 [7:08:08<2:32:00, 13.07s/step, epoch=0, loss=0.3442]train:  78%|███████▊  | 2430/3125 [7:08:26<2:12:47, 11.46s/step, epoch=0, loss=0.7079]                                                                                      [train] step 2430/3125  loss=0.4795  ce=0.2265  kd=0.1214
train:  78%|███████▊  | 2430/3125 [7:08:26<2:12:47, 11.46s/step, epoch=0, loss=0.1740]train:  78%|███████▊  | 2431/3125 [7:08:38<2:12:36, 11.46s/step, epoch=0, loss=0.1843]train:  78%|███████▊  | 2434/3125 [7:08:56<1:58:54, 10.32s/step, epoch=0, loss=0.3365]train:  78%|███████▊  | 2435/3125 [7:09:08<1:58:44, 10.32s/step, epoch=0, loss=1.1605]train:  78%|███████▊  | 2438/3125 [7:09:27<1:49:08,  9.53s/step, epoch=0, loss=0.6192]train:  78%|███████▊  | 2439/3125 [7:09:38<1:48:59,  9.53s/step, epoch=0, loss=0.4330]                                                                                      [train] step 2440/3125  loss=0.4548  ce=0.5786  kd=0.2841
train:  78%|███████▊  | 2440/3125 [7:09:42<1:48:49,  9.53s/step, epoch=0, loss=0.4313]train:  78%|███████▊  | 2442/3125 [7:09:58<1:42:34,  9.01s/step, epoch=0, loss=0.1766]train:  78%|███████▊  | 2443/3125 [7:10:09<1:42:25,  9.01s/step, epoch=0, loss=0.1839]train:  78%|███████▊  | 2446/3125 [7:10:29<1:37:27,  8.61s/step, epoch=0, loss=0.4228]train:  78%|███████▊  | 2447/3125 [7:10:39<1:37:18,  8.61s/step, epoch=0, loss=0.5439]train:  78%|███████▊  | 2450/3125 [7:11:00<1:34:13,  8.38s/step, epoch=0, loss=0.5058]                                                                                      [train] step 2450/3125  loss=0.4728  ce=0.8025  kd=0.1616
train:  78%|███████▊  | 2450/3125 [7:11:00<1:34:13,  8.38s/step, epoch=0, loss=0.4821]train:  78%|███████▊  | 2452/3125 [7:11:18<1:33:56,  8.38s/step, epoch=0, loss=0.5389]train:  79%|███████▊  | 2454/3125 [7:11:31<1:31:12,  8.16s/step, epoch=0, loss=0.2986]train:  79%|███████▊  | 2456/3125 [7:11:48<1:30:56,  8.16s/step, epoch=0, loss=0.4842]train:  79%|███████▊  | 2458/3125 [7:12:01<1:28:44,  7.98s/step, epoch=0, loss=0.6459]                                                                                      [train] step 2460/3125  loss=0.5169  ce=1.3959  kd=0.2917
train:  79%|███████▊  | 2460/3125 [7:12:16<1:28:28,  7.98s/step, epoch=0, loss=0.8438]train:  79%|███████▊  | 2460/3125 [7:12:18<1:28:28,  7.98s/step, epoch=0, loss=0.8438]train:  79%|███████▉  | 2462/3125 [7:12:31<1:26:55,  7.87s/step, epoch=0, loss=0.6442]train:  79%|███████▉  | 2464/3125 [7:12:48<1:26:39,  7.87s/step, epoch=0, loss=0.4084]train:  79%|███████▉  | 2466/3125 [7:13:02<1:25:34,  7.79s/step, epoch=0, loss=1.0526]train:  79%|███████▉  | 2467/3125 [7:13:18<1:25:26,  7.79s/step, epoch=0, loss=0.3893]train:  79%|███████▉  | 2470/3125 [7:13:34<1:25:32,  7.84s/step, epoch=0, loss=0.4816]                                                                                      [train] step 2470/3125  loss=0.4571  ce=1.1306  kd=0.6675
train:  79%|███████▉  | 2470/3125 [7:13:34<1:25:32,  7.84s/step, epoch=0, loss=0.8991]train:  79%|███████▉  | 2471/3125 [7:13:48<1:25:25,  7.84s/step, epoch=0, loss=0.6019]train:  79%|███████▉  | 2474/3125 [7:14:05<1:24:45,  7.81s/step, epoch=0, loss=0.0972]train:  79%|███████▉  | 2475/3125 [7:14:18<1:24:37,  7.81s/step, epoch=0, loss=0.4876]train:  79%|███████▉  | 2478/3125 [7:14:36<1:23:57,  7.79s/step, epoch=0, loss=0.4046]train:  79%|███████▉  | 2479/3125 [7:14:48<1:23:49,  7.79s/step, epoch=0, loss=0.5163]                                                                                      [train] step 2480/3125  loss=0.4546  ce=0.2729  kd=0.1569
train:  79%|███████▉  | 2480/3125 [7:14:50<1:23:42,  7.79s/step, epoch=0, loss=0.2149]train:  79%|███████▉  | 2483/3125 [7:15:12<1:21:36,  7.63s/step, epoch=0, loss=0.2782]train:  80%|███████▉  | 2485/3125 [7:15:28<1:21:21,  7.63s/step, epoch=0, loss=0.2030]train:  80%|███████▉  | 2487/3125 [7:15:42<1:20:50,  7.60s/step, epoch=0, loss=0.3532]train:  80%|███████▉  | 2489/3125 [7:15:58<1:20:35,  7.60s/step, epoch=0, loss=0.2642]                                                                                      [train] step 2490/3125  loss=0.4828  ce=0.4751  kd=0.3014
train:  80%|███████▉  | 2490/3125 [7:16:06<1:20:27,  7.60s/step, epoch=0, loss=0.3882]train:  80%|███████▉  | 2491/3125 [7:16:13<1:20:44,  7.64s/step, epoch=0, loss=0.3882]train:  80%|███████▉  | 2492/3125 [7:16:28<1:20:36,  7.64s/step, epoch=0, loss=1.2359]train:  80%|███████▉  | 2495/3125 [7:16:44<1:20:17,  7.65s/step, epoch=0, loss=0.3887]train:  80%|███████▉  | 2496/3125 [7:16:58<1:20:10,  7.65s/step, epoch=0, loss=0.3358]train:  80%|████████  | 2500/3125 [7:17:21<1:18:32,  7.54s/step, epoch=0, loss=0.6688]                                                                                      [train] step 2500/3125  loss=0.4934  ce=0.4220  kd=0.1720
train:  80%|████████  | 2500/3125 [7:17:21<1:18:32,  7.54s/step, epoch=0, loss=0.2970]train:  80%|████████  | 2502/3125 [7:17:38<1:18:17,  7.54s/step, epoch=0, loss=1.3264]train:  80%|████████  | 2505/3125 [7:17:58<1:17:35,  7.51s/step, epoch=0, loss=0.6159]train:  80%|████████  | 2506/3125 [7:18:09<1:17:28,  7.51s/step, epoch=0, loss=0.4291]train:  80%|████████  | 2509/3125 [7:18:29<1:17:55,  7.59s/step, epoch=0, loss=0.3591]                                                                                      [train] step 2510/3125  loss=0.4899  ce=0.7006  kd=0.2352
train:  80%|████████  | 2510/3125 [7:18:37<1:17:47,  7.59s/step, epoch=0, loss=0.4679]train:  80%|████████  | 2510/3125 [7:18:39<1:17:47,  7.59s/step, epoch=0, loss=0.4679]train:  80%|████████  | 2514/3125 [7:19:07<1:17:02,  7.56s/step, epoch=0, loss=0.6031]train:  80%|████████  | 2515/3125 [7:19:18<1:16:54,  7.56s/step, epoch=0, loss=1.0943]train:  81%|████████  | 2518/3125 [7:19:37<1:16:26,  7.56s/step, epoch=0, loss=0.3497]train:  81%|████████  | 2519/3125 [7:19:48<1:16:18,  7.56s/step, epoch=0, loss=0.6275]                                                                                      [train] step 2520/3125  loss=0.4854  ce=0.1459  kd=0.0611
train:  81%|████████  | 2520/3125 [7:19:52<1:16:11,  7.56s/step, epoch=0, loss=0.1035]train:  81%|████████  | 2522/3125 [7:20:08<1:16:41,  7.63s/step, epoch=0, loss=0.2114]train:  81%|████████  | 2523/3125 [7:20:19<1:16:33,  7.63s/step, epoch=0, loss=0.3696]train:  81%|████████  | 2526/3125 [7:20:39<1:16:32,  7.67s/step, epoch=0, loss=0.3436]train:  81%|████████  | 2527/3125 [7:20:49<1:16:25,  7.67s/step, epoch=0, loss=0.5107]train:  81%|████████  | 2530/3125 [7:21:09<1:15:46,  7.64s/step, epoch=0, loss=0.3994]                                                                                      [train] step 2530/3125  loss=0.4531  ce=0.4650  kd=0.1493
train:  81%|████████  | 2530/3125 [7:21:09<1:15:46,  7.64s/step, epoch=0, loss=0.3072]train:  81%|████████  | 2532/3125 [7:21:28<1:15:30,  7.64s/step, epoch=0, loss=0.7489]train:  81%|████████  | 2535/3125 [7:21:47<1:14:25,  7.57s/step, epoch=0, loss=0.2750]train:  81%|████████  | 2536/3125 [7:21:58<1:14:18,  7.57s/step, epoch=0, loss=0.2652]train:  81%|████████▏ | 2540/3125 [7:22:24<1:13:31,  7.54s/step, epoch=0, loss=0.8122]                                                                                      [train] step 2540/3125  loss=0.4276  ce=0.3796  kd=0.0980
train:  81%|████████▏ | 2540/3125 [7:22:24<1:13:31,  7.54s/step, epoch=0, loss=0.2388]train:  81%|████████▏ | 2541/3125 [7:22:38<1:13:23,  7.54s/step, epoch=0, loss=0.2907]train:  81%|████████▏ | 2544/3125 [7:22:55<1:13:23,  7.58s/step, epoch=0, loss=0.3254]train:  81%|████████▏ | 2545/3125 [7:23:08<1:13:15,  7.58s/step, epoch=0, loss=0.2730]train:  82%|████████▏ | 2548/3125 [7:23:25<1:12:54,  7.58s/step, epoch=0, loss=0.3574]train:  82%|████████▏ | 2549/3125 [7:23:38<1:12:46,  7.58s/step, epoch=0, loss=0.2553]                                                                                      [train] step 2550/3125  loss=0.4550  ce=0.4762  kd=0.2164
train:  82%|████████▏ | 2550/3125 [7:23:41<1:12:38,  7.58s/step, epoch=0, loss=0.3463]train:  82%|████████▏ | 2552/3125 [7:23:56<1:12:33,  7.60s/step, epoch=0, loss=0.2464]train:  82%|████████▏ | 2553/3125 [7:24:08<1:12:25,  7.60s/step, epoch=0, loss=0.4752]train:  82%|████████▏ | 2556/3125 [7:24:26<1:11:53,  7.58s/step, epoch=0, loss=0.3608]train:  82%|████████▏ | 2557/3125 [7:24:38<1:11:45,  7.58s/step, epoch=0, loss=0.2800]train:  82%|████████▏ | 2560/3125 [7:24:56<1:11:35,  7.60s/step, epoch=0, loss=0.2739]                                                                                      [train] step 2560/3125  loss=0.4789  ce=0.4458  kd=0.2568
train:  82%|████████▏ | 2560/3125 [7:24:56<1:11:35,  7.60s/step, epoch=0, loss=0.3513]train:  82%|████████▏ | 2561/3125 [7:25:08<1:11:27,  7.60s/step, epoch=0, loss=0.2463]train:  82%|████████▏ | 2564/3125 [7:25:27<1:11:08,  7.61s/step, epoch=0, loss=0.6150]train:  82%|████████▏ | 2565/3125 [7:25:38<1:11:01,  7.61s/step, epoch=0, loss=0.2821]train:  82%|████████▏ | 2568/3125 [7:25:57<1:10:35,  7.60s/step, epoch=0, loss=0.1021]train:  82%|████████▏ | 2569/3125 [7:26:08<1:10:27,  7.60s/step, epoch=0, loss=0.5365]                                                                                      [train] step 2570/3125  loss=0.4555  ce=0.3147  kd=0.0891
train:  82%|████████▏ | 2570/3125 [7:26:12<1:10:20,  7.60s/step, epoch=0, loss=0.2019]train:  82%|████████▏ | 2572/3125 [7:26:28<1:09:59,  7.59s/step, epoch=0, loss=0.4521]train:  82%|████████▏ | 2573/3125 [7:26:38<1:09:51,  7.59s/step, epoch=0, loss=0.7589]train:  82%|████████▏ | 2577/3125 [7:27:05<1:09:13,  7.58s/step, epoch=0, loss=0.1351]train:  82%|████████▏ | 2578/3125 [7:27:18<1:09:05,  7.58s/step, epoch=0, loss=0.3441]                                                                                      [train] step 2580/3125  loss=0.4552  ce=0.2256  kd=0.1451
train:  83%|████████▎ | 2580/3125 [7:27:28<1:08:50,  7.58s/step, epoch=0, loss=0.1854]train:  83%|████████▎ | 2581/3125 [7:27:35<1:08:36,  7.57s/step, epoch=0, loss=0.1854]train:  83%|████████▎ | 2582/3125 [7:27:48<1:08:29,  7.57s/step, epoch=0, loss=0.2847]train:  83%|████████▎ | 2585/3125 [7:28:06<1:08:18,  7.59s/step, epoch=0, loss=0.5408]train:  83%|████████▎ | 2586/3125 [7:28:18<1:08:11,  7.59s/step, epoch=0, loss=0.3172]train:  83%|████████▎ | 2589/3125 [7:28:36<1:07:48,  7.59s/step, epoch=0, loss=0.2444]                                                                                      [train] step 2590/3125  loss=0.4672  ce=0.2655  kd=0.2288
train:  83%|████████▎ | 2590/3125 [7:28:44<1:07:40,  7.59s/step, epoch=0, loss=0.2472]train:  83%|████████▎ | 2590/3125 [7:28:48<1:07:40,  7.59s/step, epoch=0, loss=0.2472]train:  83%|████████▎ | 2593/3125 [7:29:07<1:07:42,  7.64s/step, epoch=0, loss=0.1865]train:  83%|████████▎ | 2594/3125 [7:29:18<1:07:35,  7.64s/step, epoch=0, loss=0.2770]train:  83%|████████▎ | 2598/3125 [7:29:44<1:06:10,  7.53s/step, epoch=0, loss=0.3717]train:  83%|████████▎ | 2599/3125 [7:29:58<1:06:02,  7.53s/step, epoch=0, loss=0.8503]                                                                                      [train] step 2600/3125  loss=0.4678  ce=1.6888  kd=0.6775
train:  83%|████████▎ | 2600/3125 [7:29:59<1:05:55,  7.53s/step, epoch=0, loss=1.1831]
eval:   0%|          | 0/5000 [00:00<?, ?batch/s][A
eval:   5%|▍         | 247/5000 [00:30<09:39,  8.21batch/s][A
eval:   5%|▍         | 247/5000 [00:40<09:39,  8.21batch/s][A
eval:  10%|▉         | 495/5000 [01:00<09:07,  8.23batch/s][A
eval:  10%|▉         | 495/5000 [01:18<09:07,  8.23batch/s][A
eval:  15%|█▍        | 748/5000 [01:30<08:31,  8.32batch/s][A
eval:  15%|█▍        | 748/5000 [01:48<08:31,  8.32batch/s][A
eval:  20%|██        | 1001/5000 [02:00<07:58,  8.36batch/s][A
eval:  20%|██        | 1001/5000 [02:18<07:58,  8.36batch/s][A
eval:  25%|██▍       | 1242/5000 [02:30<07:36,  8.24batch/s][A
eval:  25%|██▍       | 1242/5000 [02:48<07:36,  8.24batch/s][A
eval:  30%|██▉       | 1491/5000 [03:00<07:05,  8.25batch/s][A
eval:  30%|██▉       | 1491/5000 [03:18<07:05,  8.25batch/s][A
eval:  35%|███▍      | 1729/5000 [03:30<06:41,  8.15batch/s][A
eval:  35%|███▍      | 1729/5000 [03:48<06:41,  8.15batch/s][A
eval:  40%|███▉      | 1975/5000 [04:00<06:10,  8.16batch/s][A
eval:  40%|███▉      | 1975/5000 [04:18<06:10,  8.16batch/s][A
eval:  44%|████▍     | 2221/5000 [04:30<05:40,  8.17batch/s][A
eval:  44%|████▍     | 2221/5000 [04:48<05:40,  8.17batch/s][A
eval:  49%|████▉     | 2473/5000 [05:00<05:06,  8.24batch/s][A
eval:  49%|████▉     | 2473/5000 [05:18<05:06,  8.24batch/s][A
eval:  54%|█████▍    | 2722/5000 [05:30<04:36,  8.25batch/s][A
eval:  54%|█████▍    | 2722/5000 [05:48<04:36,  8.25batch/s][A
eval:  59%|█████▉    | 2969/5000 [06:00<04:06,  8.24batch/s][A
eval:  59%|█████▉    | 2969/5000 [06:18<04:06,  8.24batch/s][A
eval:  64%|██████▍   | 3216/5000 [06:30<03:36,  8.23batch/s][A
eval:  64%|██████▍   | 3216/5000 [06:48<03:36,  8.23batch/s][A
eval:  69%|██████▉   | 3464/5000 [07:00<03:06,  8.24batch/s][A
eval:  69%|██████▉   | 3464/5000 [07:18<03:06,  8.24batch/s][A
eval:  74%|███████▍  | 3715/5000 [07:30<02:35,  8.27batch/s][A
eval:  74%|███████▍  | 3715/5000 [07:48<02:35,  8.27batch/s][A
eval:  79%|███████▉  | 3964/5000 [08:00<02:05,  8.27batch/s][A
eval:  79%|███████▉  | 3964/5000 [08:18<02:05,  8.27batch/s][A
eval:  84%|████████▍ | 4209/5000 [08:30<01:36,  8.24batch/s][A
eval:  84%|████████▍ | 4209/5000 [08:48<01:36,  8.24batch/s][A
eval:  89%|████████▉ | 4455/5000 [09:01<01:06,  8.22batch/s][A
eval:  89%|████████▉ | 4455/5000 [09:18<01:06,  8.22batch/s][A
eval:  94%|█████████▍| 4699/5000 [09:31<00:36,  8.18batch/s][A
eval:  94%|█████████▍| 4699/5000 [09:48<00:36,  8.18batch/s][A
eval:  99%|█████████▉| 4942/5000 [10:01<00:07,  8.16batch/s][A
                                                            [A                                                                                      [val] agreement=0.8663  loss=0.4782  ce=0.6875  kd=0.2689
train:  83%|████████▎ | 2600/3125 [7:40:07<1:05:55,  7.53s/step, epoch=0, loss=1.1831]train:  83%|████████▎ | 2601/3125 [7:40:21<7:53:26, 54.21s/step, epoch=0, loss=1.1831]train:  83%|████████▎ | 2605/3125 [7:40:51<5:47:25, 40.09s/step, epoch=0, loss=1.9449]train:  83%|████████▎ | 2607/3125 [7:41:08<5:46:05, 40.09s/step, epoch=0, loss=0.7011]train:  83%|████████▎ | 2609/3125 [7:41:22<4:20:44, 30.32s/step, epoch=0, loss=0.8685]                                                                                      [train] step 2610/3125  loss=0.4658  ce=0.4551  kd=0.2903
train:  84%|████████▎ | 2610/3125 [7:41:30<4:20:14, 30.32s/step, epoch=0, loss=0.3727]train:  84%|████████▎ | 2611/3125 [7:41:38<4:19:43, 30.32s/step, epoch=0, loss=0.1744]train:  84%|████████▎ | 2613/3125 [7:41:53<3:20:18, 23.47s/step, epoch=0, loss=0.4269]train:  84%|████████▎ | 2615/3125 [7:42:08<3:19:31, 23.47s/step, epoch=0, loss=1.0787]train:  84%|████████▎ | 2617/3125 [7:42:23<2:38:26, 18.71s/step, epoch=0, loss=0.3052]train:  84%|████████▍ | 2618/3125 [7:42:38<2:38:07, 18.71s/step, epoch=0, loss=0.7117]                                                                                      [train] step 2620/3125  loss=0.4773  ce=1.1199  kd=0.2735
train:  84%|████████▍ | 2620/3125 [7:42:46<2:37:30, 18.71s/step, epoch=0, loss=0.6967]train:  84%|████████▍ | 2621/3125 [7:42:54<2:09:41, 15.44s/step, epoch=0, loss=0.6967]train:  84%|████████▍ | 2622/3125 [7:43:08<2:09:26, 15.44s/step, epoch=0, loss=0.4476]train:  84%|████████▍ | 2625/3125 [7:43:25<1:49:15, 13.11s/step, epoch=0, loss=0.2962]train:  84%|████████▍ | 2626/3125 [7:43:38<1:49:02, 13.11s/step, epoch=0, loss=0.6028]train:  84%|████████▍ | 2629/3125 [7:43:56<1:35:08, 11.51s/step, epoch=0, loss=0.1472]                                                                                      [train] step 2630/3125  loss=0.4188  ce=0.3137  kd=0.2069
train:  84%|████████▍ | 2630/3125 [7:44:04<1:34:57, 11.51s/step, epoch=0, loss=0.2603]train:  84%|████████▍ | 2630/3125 [7:44:08<1:34:57, 11.51s/step, epoch=0, loss=0.2603]train:  84%|████████▍ | 2633/3125 [7:44:27<1:24:44, 10.34s/step, epoch=0, loss=0.5387]train:  84%|████████▍ | 2634/3125 [7:44:38<1:24:34, 10.34s/step, epoch=0, loss=0.3433]train:  84%|████████▍ | 2637/3125 [7:44:58<1:17:42,  9.55s/step, epoch=0, loss=0.8308]train:  84%|████████▍ | 2638/3125 [7:45:08<1:17:33,  9.55s/step, epoch=0, loss=0.4537]                                                                                      [train] step 2640/3125  loss=0.4081  ce=0.3862  kd=0.2244
train:  84%|████████▍ | 2640/3125 [7:45:21<1:17:13,  9.55s/step, epoch=0, loss=0.3053]train:  85%|████████▍ | 2641/3125 [7:45:29<1:12:49,  9.03s/step, epoch=0, loss=0.3053]train:  85%|████████▍ | 2642/3125 [7:45:39<1:12:40,  9.03s/step, epoch=0, loss=0.6695]train:  85%|████████▍ | 2645/3125 [7:46:00<1:09:03,  8.63s/step, epoch=0, loss=0.3504]train:  85%|████████▍ | 2647/3125 [7:46:18<1:08:46,  8.63s/step, epoch=0, loss=0.3211]train:  85%|████████▍ | 2650/3125 [7:46:38<1:05:29,  8.27s/step, epoch=0, loss=0.1696]                                                                                      [train] step 2650/3125  loss=0.5048  ce=1.2590  kd=0.8205
train:  85%|████████▍ | 2650/3125 [7:46:38<1:05:29,  8.27s/step, epoch=0, loss=1.0397]train:  85%|████████▍ | 2651/3125 [7:46:48<1:05:20,  8.27s/step, epoch=0, loss=0.2883]train:  85%|████████▍ | 2654/3125 [7:47:08<1:03:36,  8.10s/step, epoch=0, loss=0.4173]train:  85%|████████▍ | 2655/3125 [7:47:19<1:03:28,  8.10s/step, epoch=0, loss=0.6334]train:  85%|████████▌ | 2658/3125 [7:47:38<1:01:44,  7.93s/step, epoch=0, loss=0.5575]train:  85%|████████▌ | 2659/3125 [7:47:49<1:01:36,  7.93s/step, epoch=0, loss=0.2919]                                                                                      [train] step 2660/3125  loss=0.4511  ce=0.5506  kd=0.1783
train:  85%|████████▌ | 2660/3125 [7:47:54<1:01:28,  7.93s/step, epoch=0, loss=0.3644]train:  85%|████████▌ | 2662/3125 [7:48:10<1:01:09,  7.93s/step, epoch=0, loss=0.3521]train:  85%|████████▌ | 2664/3125 [7:48:28<1:00:53,  7.93s/step, epoch=0, loss=0.2602]train:  85%|████████▌ | 2666/3125 [7:48:40<59:48,  7.82s/step, epoch=0, loss=0.2113]  train:  85%|████████▌ | 2668/3125 [7:48:58<59:32,  7.82s/step, epoch=0, loss=0.3506]train:  85%|████████▌ | 2670/3125 [7:49:10<58:34,  7.72s/step, epoch=0, loss=0.6140]                                                                                    [train] step 2670/3125  loss=0.4327  ce=0.2425  kd=0.1803
train:  85%|████████▌ | 2670/3125 [7:49:10<58:34,  7.72s/step, epoch=0, loss=0.2114]train:  86%|████████▌ | 2672/3125 [7:49:28<58:19,  7.72s/step, epoch=0, loss=0.8802]train:  86%|████████▌ | 2674/3125 [7:49:40<57:34,  7.66s/step, epoch=0, loss=0.4198]train:  86%|████████▌ | 2676/3125 [7:49:58<57:18,  7.66s/step, epoch=0, loss=0.2993]train:  86%|████████▌ | 2678/3125 [7:50:11<57:10,  7.67s/step, epoch=0, loss=0.4459]                                                                                    [train] step 2680/3125  loss=0.4688  ce=0.4408  kd=0.1361
train:  86%|████████▌ | 2680/3125 [7:50:28<56:55,  7.67s/step, epoch=0, loss=0.2884]train:  86%|████████▌ | 2680/3125 [7:50:28<56:55,  7.67s/step, epoch=0, loss=0.2884]train:  86%|████████▌ | 2682/3125 [7:50:43<57:21,  7.77s/step, epoch=0, loss=0.1320]train:  86%|████████▌ | 2683/3125 [7:50:58<57:13,  7.77s/step, epoch=0, loss=0.4345]train:  86%|████████▌ | 2686/3125 [7:51:14<56:31,  7.72s/step, epoch=0, loss=0.4295]train:  86%|████████▌ | 2687/3125 [7:51:28<56:23,  7.72s/step, epoch=0, loss=0.5452]train:  86%|████████▌ | 2690/3125 [7:51:45<56:08,  7.74s/step, epoch=0, loss=0.3985]                                                                                    [train] step 2690/3125  loss=0.4446  ce=0.5826  kd=0.2182
train:  86%|████████▌ | 2690/3125 [7:51:45<56:08,  7.74s/step, epoch=0, loss=0.4004]train:  86%|████████▌ | 2691/3125 [7:51:58<56:00,  7.74s/step, epoch=0, loss=0.3574]train:  86%|████████▌ | 2694/3125 [7:52:15<55:23,  7.71s/step, epoch=0, loss=0.7297]train:  86%|████████▌ | 2695/3125 [7:52:28<55:15,  7.71s/step, epoch=0, loss=0.2895]train:  86%|████████▋ | 2699/3125 [7:52:52<54:02,  7.61s/step, epoch=0, loss=0.1769]                                                                                    [train] step 2700/3125  loss=0.4572  ce=0.3817  kd=0.1359
train:  86%|████████▋ | 2700/3125 [7:53:00<53:54,  7.61s/step, epoch=0, loss=0.2588]train:  86%|████████▋ | 2700/3125 [7:53:08<53:54,  7.61s/step, epoch=0, loss=0.2588]train:  86%|████████▋ | 2703/3125 [7:53:23<53:46,  7.65s/step, epoch=0, loss=0.3871]train:  87%|████████▋ | 2704/3125 [7:53:38<53:39,  7.65s/step, epoch=0, loss=0.4372]train:  87%|████████▋ | 2707/3125 [7:53:54<53:29,  7.68s/step, epoch=0, loss=0.3698]train:  87%|████████▋ | 2708/3125 [7:54:08<53:21,  7.68s/step, epoch=0, loss=0.2271]                                                                                    [train] step 2710/3125  loss=0.4547  ce=0.5779  kd=0.1556
train:  87%|████████▋ | 2710/3125 [7:54:17<53:06,  7.68s/step, epoch=0, loss=0.3667]train:  87%|████████▋ | 2711/3125 [7:54:25<52:56,  7.67s/step, epoch=0, loss=0.3667]train:  87%|████████▋ | 2712/3125 [7:54:38<52:48,  7.67s/step, epoch=0, loss=0.6053]train:  87%|████████▋ | 2716/3125 [7:55:02<51:50,  7.60s/step, epoch=0, loss=0.3368]train:  87%|████████▋ | 2718/3125 [7:55:18<51:35,  7.60s/step, epoch=0, loss=0.7317]train:  87%|████████▋ | 2720/3125 [7:55:33<51:30,  7.63s/step, epoch=0, loss=0.4839]                                                                                    [train] step 2720/3125  loss=0.4935  ce=0.3591  kd=0.2058
train:  87%|████████▋ | 2720/3125 [7:55:33<51:30,  7.63s/step, epoch=0, loss=0.2824]train:  87%|████████▋ | 2721/3125 [7:55:48<51:22,  7.63s/step, epoch=0, loss=0.3671]train:  87%|████████▋ | 2724/3125 [7:56:05<51:26,  7.70s/step, epoch=0, loss=0.2213]train:  87%|████████▋ | 2725/3125 [7:56:18<51:18,  7.70s/step, epoch=0, loss=0.3358]train:  87%|████████▋ | 2728/3125 [7:56:35<50:54,  7.69s/step, epoch=0, loss=0.3924]train:  87%|████████▋ | 2729/3125 [7:56:48<50:46,  7.69s/step, epoch=0, loss=0.3982]                                                                                    [train] step 2730/3125  loss=0.4566  ce=0.3836  kd=0.1860
train:  87%|████████▋ | 2730/3125 [7:56:50<50:39,  7.69s/step, epoch=0, loss=0.2848]train:  87%|████████▋ | 2733/3125 [7:57:13<49:49,  7.63s/step, epoch=0, loss=0.3310]train:  88%|████████▊ | 2735/3125 [7:57:28<49:34,  7.63s/step, epoch=0, loss=0.1991]train:  88%|████████▊ | 2738/3125 [7:57:50<48:53,  7.58s/step, epoch=0, loss=0.2016]                                                                                    [train] step 2740/3125  loss=0.4904  ce=0.2782  kd=0.1635
train:  88%|████████▊ | 2740/3125 [7:58:06<48:38,  7.58s/step, epoch=0, loss=0.2208]train:  88%|████████▊ | 2740/3125 [7:58:08<48:38,  7.58s/step, epoch=0, loss=0.2208]train:  88%|████████▊ | 2742/3125 [7:58:21<48:33,  7.61s/step, epoch=0, loss=0.4810]train:  88%|████████▊ | 2744/3125 [7:58:38<48:18,  7.61s/step, epoch=0, loss=0.9415]train:  88%|████████▊ | 2746/3125 [7:58:52<48:14,  7.64s/step, epoch=0, loss=0.6746]train:  88%|████████▊ | 2748/3125 [7:59:08<47:58,  7.64s/step, epoch=0, loss=0.2440]train:  88%|████████▊ | 2750/3125 [7:59:23<48:00,  7.68s/step, epoch=0, loss=0.3866]                                                                                    [train] step 2750/3125  loss=0.4420  ce=0.7586  kd=0.2090
train:  88%|████████▊ | 2750/3125 [7:59:23<48:00,  7.68s/step, epoch=0, loss=0.4838]train:  88%|████████▊ | 2751/3125 [7:59:38<47:52,  7.68s/step, epoch=0, loss=0.4806]train:  88%|████████▊ | 2754/3125 [7:59:54<47:26,  7.67s/step, epoch=0, loss=0.3114]train:  88%|████████▊ | 2755/3125 [8:00:08<47:18,  7.67s/step, epoch=0, loss=0.8052]train:  88%|████████▊ | 2758/3125 [8:00:25<47:08,  7.71s/step, epoch=0, loss=0.3988]train:  88%|████████▊ | 2759/3125 [8:00:38<47:01,  7.71s/step, epoch=0, loss=0.3298]                                                                                    [train] step 2760/3125  loss=0.4686  ce=0.1911  kd=0.1235
train:  88%|████████▊ | 2760/3125 [8:00:41<46:53,  7.71s/step, epoch=0, loss=0.1573]train:  88%|████████▊ | 2762/3125 [8:00:56<46:38,  7.71s/step, epoch=0, loss=0.5099]train:  88%|████████▊ | 2763/3125 [8:01:08<46:30,  7.71s/step, epoch=0, loss=0.5454]train:  89%|████████▊ | 2767/3125 [8:01:34<45:50,  7.68s/step, epoch=0, loss=0.2702]train:  89%|████████▊ | 2768/3125 [8:01:48<45:43,  7.68s/step, epoch=0, loss=0.9832]                                                                                    [train] step 2770/3125  loss=0.4247  ce=0.4911  kd=0.3222
train:  89%|████████▊ | 2770/3125 [8:01:56<45:27,  7.68s/step, epoch=0, loss=0.4066]train:  89%|████████▊ | 2771/3125 [8:02:04<45:06,  7.64s/step, epoch=0, loss=0.4066]train:  89%|████████▊ | 2772/3125 [8:02:18<44:58,  7.64s/step, epoch=0, loss=0.1657]train:  89%|████████▉ | 2775/3125 [8:02:35<44:33,  7.64s/step, epoch=0, loss=0.2714]train:  89%|████████▉ | 2776/3125 [8:02:48<44:25,  7.64s/step, epoch=0, loss=0.1814]train:  89%|████████▉ | 2779/3125 [8:03:05<44:11,  7.66s/step, epoch=0, loss=0.3093]                                                                                    [train] step 2780/3125  loss=0.4547  ce=0.3171  kd=0.1308
train:  89%|████████▉ | 2780/3125 [8:03:13<44:03,  7.66s/step, epoch=0, loss=0.2239]train:  89%|████████▉ | 2780/3125 [8:03:18<44:03,  7.66s/step, epoch=0, loss=0.2239]train:  89%|████████▉ | 2783/3125 [8:03:36<43:37,  7.65s/step, epoch=0, loss=0.2782]train:  89%|████████▉ | 2784/3125 [8:03:48<43:29,  7.65s/step, epoch=0, loss=0.1924]train:  89%|████████▉ | 2788/3125 [8:04:13<42:36,  7.59s/step, epoch=0, loss=0.3185]train:  89%|████████▉ | 2789/3125 [8:04:28<42:28,  7.59s/step, epoch=0, loss=0.2245]                                                                                    [train] step 2790/3125  loss=0.4955  ce=0.6292  kd=0.1926
train:  89%|████████▉ | 2790/3125 [8:04:29<42:21,  7.59s/step, epoch=0, loss=0.4109]train:  89%|████████▉ | 2792/3125 [8:04:44<42:13,  7.61s/step, epoch=0, loss=0.3748]train:  89%|████████▉ | 2793/3125 [8:04:58<42:06,  7.61s/step, epoch=0, loss=0.3488]train:  89%|████████▉ | 2796/3125 [8:05:15<42:04,  7.67s/step, epoch=0, loss=0.7231]train:  90%|████████▉ | 2797/3125 [8:05:28<41:56,  7.67s/step, epoch=0, loss=0.4691]train:  90%|████████▉ | 2800/3125 [8:05:45<41:23,  7.64s/step, epoch=0, loss=0.6607]                                                                                    [train] step 2800/3125  loss=0.4568  ce=0.4041  kd=0.1359
train:  90%|████████▉ | 2800/3125 [8:05:45<41:23,  7.64s/step, epoch=0, loss=0.2700]
eval:   0%|          | 0/5000 [00:00<?, ?batch/s][Atrain:  90%|████████▉ | 2800/3125 [8:05:58<41:23,  7.64s/step, epoch=0, loss=0.2700]
eval:   5%|▍         | 248/5000 [00:30<09:36,  8.25batch/s][A
eval:   5%|▍         | 248/5000 [00:42<09:36,  8.25batch/s][A
eval:  10%|▉         | 497/5000 [01:00<09:04,  8.26batch/s][A
eval:  10%|▉         | 497/5000 [01:12<09:04,  8.26batch/s][A
eval:  15%|█▌        | 752/5000 [01:30<08:28,  8.36batch/s][A
eval:  15%|█▌        | 752/5000 [01:42<08:28,  8.36batch/s][A
eval:  20%|██        | 1008/5000 [02:00<07:54,  8.42batch/s][A
eval:  20%|██        | 1008/5000 [02:12<07:54,  8.42batch/s][A
eval:  25%|██▌       | 1252/5000 [02:30<07:31,  8.31batch/s][A
eval:  25%|██▌       | 1252/5000 [02:42<07:31,  8.31batch/s][A
eval:  30%|███       | 1503/5000 [03:00<07:00,  8.32batch/s][A
eval:  30%|███       | 1503/5000 [03:12<07:00,  8.32batch/s][A
eval:  35%|███▍      | 1744/5000 [03:30<06:36,  8.22batch/s][A
eval:  35%|███▍      | 1744/5000 [03:42<06:36,  8.22batch/s][A
eval:  40%|███▉      | 1989/5000 [04:00<06:07,  8.20batch/s][A
eval:  40%|███▉      | 1989/5000 [04:12<06:07,  8.20batch/s][A
eval:  45%|████▍     | 2236/5000 [04:30<05:36,  8.21batch/s][A
eval:  45%|████▍     | 2236/5000 [04:42<05:36,  8.21batch/s][A
eval:  50%|████▉     | 2489/5000 [05:00<05:03,  8.28batch/s][A
eval:  50%|████▉     | 2489/5000 [05:12<05:03,  8.28batch/s][A
eval:  55%|█████▍    | 2738/5000 [05:30<04:33,  8.28batch/s][A
eval:  55%|█████▍    | 2738/5000 [05:42<04:33,  8.28batch/s][A
eval:  60%|█████▉    | 2985/5000 [06:00<04:04,  8.26batch/s][A
eval:  60%|█████▉    | 2985/5000 [06:12<04:04,  8.26batch/s][A
eval:  65%|██████▍   | 3233/5000 [06:30<03:34,  8.25batch/s][A
eval:  65%|██████▍   | 3233/5000 [06:42<03:34,  8.25batch/s][A
eval:  70%|██████▉   | 3481/5000 [07:01<03:04,  8.25batch/s][A
eval:  70%|██████▉   | 3481/5000 [07:12<03:04,  8.25batch/s][A
eval:  75%|███████▍  | 3734/5000 [07:31<02:32,  8.30batch/s][A
eval:  75%|███████▍  | 3734/5000 [07:42<02:32,  8.30batch/s][A
eval:  80%|███████▉  | 3983/5000 [08:01<02:02,  8.29batch/s][A
eval:  80%|███████▉  | 3983/5000 [08:12<02:02,  8.29batch/s][A
eval:  85%|████████▍ | 4233/5000 [08:31<01:32,  8.30batch/s][A
eval:  85%|████████▍ | 4233/5000 [08:42<01:32,  8.30batch/s][A
eval:  90%|████████▉ | 4476/5000 [09:01<01:03,  8.23batch/s][A
eval:  90%|████████▉ | 4476/5000 [09:12<01:03,  8.23batch/s][A
eval:  94%|█████████▍| 4721/5000 [09:31<00:34,  8.21batch/s][A
eval:  94%|█████████▍| 4721/5000 [09:42<00:34,  8.21batch/s][A
eval:  99%|█████████▉| 4964/5000 [10:01<00:04,  8.16batch/s][A
                                                            [A                                                                                    [val] agreement=0.8666  loss=0.4777  ce=0.6900  kd=0.2654
train:  90%|████████▉ | 2800/3125 [8:15:51<41:23,  7.64s/step, epoch=0, loss=0.2700]train:  90%|████████▉ | 2801/3125 [8:16:05<5:52:24, 65.26s/step, epoch=0, loss=0.2700]train:  90%|████████▉ | 2805/3125 [8:16:36<4:00:38, 45.12s/step, epoch=0, loss=0.2815]train:  90%|████████▉ | 2806/3125 [8:16:48<3:59:53, 45.12s/step, epoch=0, loss=0.3912]train:  90%|████████▉ | 2809/3125 [8:17:07<2:52:03, 32.67s/step, epoch=0, loss=0.6787]                                                                                      [train] step 2810/3125  loss=0.4356  ce=0.7769  kd=0.2794
train:  90%|████████▉ | 2810/3125 [8:17:15<2:51:30, 32.67s/step, epoch=0, loss=0.5282]train:  90%|████████▉ | 2810/3125 [8:17:18<2:51:30, 32.67s/step, epoch=0, loss=0.5282]train:  90%|█████████ | 2814/3125 [8:17:45<2:00:47, 23.30s/step, epoch=0, loss=1.0024]train:  90%|█████████ | 2815/3125 [8:17:58<2:00:24, 23.30s/step, epoch=0, loss=0.6788]train:  90%|█████████ | 2818/3125 [8:18:15<1:35:14, 18.62s/step, epoch=0, loss=0.5751]train:  90%|█████████ | 2819/3125 [8:18:28<1:34:56, 18.62s/step, epoch=0, loss=0.2745]                                                                                      [train] step 2820/3125  loss=0.5041  ce=0.4015  kd=0.3170
train:  90%|█████████ | 2820/3125 [8:18:30<1:34:37, 18.62s/step, epoch=0, loss=0.3593]train:  90%|█████████ | 2822/3125 [8:18:45<1:17:13, 15.29s/step, epoch=0, loss=0.4409]train:  90%|█████████ | 2823/3125 [8:18:58<1:16:57, 15.29s/step, epoch=0, loss=0.1587]train:  90%|█████████ | 2827/3125 [8:19:22<1:02:20, 12.55s/step, epoch=0, loss=0.1341]train:  90%|█████████ | 2828/3125 [8:19:38<1:02:08, 12.55s/step, epoch=0, loss=0.4705]                                                                                      [train] step 2830/3125  loss=0.5039  ce=1.1635  kd=0.2849
train:  91%|█████████ | 2830/3125 [8:19:46<1:01:43, 12.55s/step, epoch=0, loss=0.7242]train:  91%|█████████ | 2831/3125 [8:19:54<55:01, 11.23s/step, epoch=0, loss=0.7242]  train:  91%|█████████ | 2832/3125 [8:20:08<54:49, 11.23s/step, epoch=0, loss=0.9572]train:  91%|█████████ | 2835/3125 [8:20:24<49:16, 10.19s/step, epoch=0, loss=0.6865]train:  91%|█████████ | 2836/3125 [8:20:38<49:05, 10.19s/step, epoch=0, loss=0.2778]train:  91%|█████████ | 2839/3125 [8:20:55<45:03,  9.45s/step, epoch=0, loss=0.4108]                                                                                    [train] step 2840/3125  loss=0.4611  ce=0.7753  kd=0.2643
train:  91%|█████████ | 2840/3125 [8:21:02<44:54,  9.45s/step, epoch=0, loss=0.5198]train:  91%|█████████ | 2840/3125 [8:21:08<44:54,  9.45s/step, epoch=0, loss=0.5198]train:  91%|█████████ | 2843/3125 [8:21:25<41:45,  8.89s/step, epoch=0, loss=0.3425]train:  91%|█████████ | 2844/3125 [8:21:38<41:36,  8.89s/step, epoch=0, loss=0.1664]train:  91%|█████████ | 2847/3125 [8:21:55<39:18,  8.48s/step, epoch=0, loss=0.3518]train:  91%|█████████ | 2848/3125 [8:22:08<39:10,  8.48s/step, epoch=0, loss=0.6456]                                                                                    [train] step 2850/3125  loss=0.4905  ce=0.2131  kd=0.1331
train:  91%|█████████ | 2850/3125 [8:22:18<38:53,  8.48s/step, epoch=0, loss=0.1731]train:  91%|█████████ | 2851/3125 [8:22:26<37:37,  8.24s/step, epoch=0, loss=0.1731]train:  91%|█████████▏| 2852/3125 [8:22:38<37:29,  8.24s/step, epoch=0, loss=0.4388]train:  91%|█████████▏| 2855/3125 [8:22:57<36:15,  8.06s/step, epoch=0, loss=0.4299]train:  91%|█████████▏| 2856/3125 [8:23:08<36:07,  8.06s/step, epoch=0, loss=0.4467]train:  92%|█████████▏| 2860/3125 [8:23:34<34:40,  7.85s/step, epoch=0, loss=0.4657]                                                                                    [train] step 2860/3125  loss=0.4892  ce=0.8935  kd=0.2007
train:  92%|█████████▏| 2860/3125 [8:23:34<34:40,  7.85s/step, epoch=0, loss=0.5471]train:  92%|█████████▏| 2861/3125 [8:23:48<34:32,  7.85s/step, epoch=0, loss=0.6171]train:  92%|█████████▏| 2864/3125 [8:24:05<33:57,  7.81s/step, epoch=0, loss=0.4594]train:  92%|█████████▏| 2865/3125 [8:24:18<33:49,  7.81s/step, epoch=0, loss=0.4446]train:  92%|█████████▏| 2868/3125 [8:24:35<33:14,  7.76s/step, epoch=0, loss=0.2095]train:  92%|█████████▏| 2869/3125 [8:24:48<33:07,  7.76s/step, epoch=0, loss=0.6331]                                                                                    [train] step 2870/3125  loss=0.4662  ce=0.9089  kd=0.3413
train:  92%|█████████▏| 2870/3125 [8:24:51<32:59,  7.76s/step, epoch=0, loss=0.6251]train:  92%|█████████▏| 2872/3125 [8:25:06<32:38,  7.74s/step, epoch=0, loss=0.6295]train:  92%|█████████▏| 2873/3125 [8:25:18<32:30,  7.74s/step, epoch=0, loss=0.3925]train:  92%|█████████▏| 2876/3125 [8:25:36<31:52,  7.68s/step, epoch=0, loss=0.2302]train:  92%|█████████▏| 2877/3125 [8:25:48<31:44,  7.68s/step, epoch=0, loss=0.2446]train:  92%|█████████▏| 2880/3125 [8:26:07<31:32,  7.72s/step, epoch=0, loss=0.3928]                                                                                    [train] step 2880/3125  loss=0.4546  ce=0.6714  kd=0.2340
train:  92%|█████████▏| 2880/3125 [8:26:07<31:32,  7.72s/step, epoch=0, loss=0.4527]train:  92%|█████████▏| 2881/3125 [8:26:18<31:24,  7.72s/step, epoch=0, loss=0.2218]train:  92%|█████████▏| 2884/3125 [8:26:39<31:08,  7.75s/step, epoch=0, loss=0.1423]train:  92%|█████████▏| 2885/3125 [8:26:49<31:00,  7.75s/step, epoch=0, loss=0.3619]train:  92%|█████████▏| 2889/3125 [8:27:16<30:07,  7.66s/step, epoch=0, loss=0.4594]                                                                                    [train] step 2890/3125  loss=0.4620  ce=0.6957  kd=0.2425
train:  92%|█████████▏| 2890/3125 [8:27:24<29:59,  7.66s/step, epoch=0, loss=0.4691]train:  92%|█████████▏| 2890/3125 [8:27:28<29:59,  7.66s/step, epoch=0, loss=0.4691]train:  93%|█████████▎| 2893/3125 [8:27:46<29:30,  7.63s/step, epoch=0, loss=0.2666]train:  93%|█████████▎| 2894/3125 [8:27:58<29:22,  7.63s/step, epoch=0, loss=0.3076]train:  93%|█████████▎| 2897/3125 [8:28:17<28:54,  7.61s/step, epoch=0, loss=0.2870]train:  93%|█████████▎| 2898/3125 [8:28:28<28:46,  7.61s/step, epoch=0, loss=0.1091]                                                                                    [train] step 2900/3125  loss=0.4416  ce=0.3012  kd=0.1520
train:  93%|█████████▎| 2900/3125 [8:28:39<28:31,  7.61s/step, epoch=0, loss=0.2266]train:  93%|█████████▎| 2902/3125 [8:28:54<28:09,  7.58s/step, epoch=0, loss=0.2139]train:  93%|█████████▎| 2903/3125 [8:29:08<28:01,  7.58s/step, epoch=0, loss=0.3443]train:  93%|█████████▎| 2906/3125 [8:29:25<27:54,  7.64s/step, epoch=0, loss=0.5280]train:  93%|█████████▎| 2907/3125 [8:29:38<27:46,  7.64s/step, epoch=0, loss=0.6995]                                                                                    [train] step 2910/3125  loss=0.4546  ce=0.2047  kd=0.1441
train:  93%|█████████▎| 2910/3125 [8:29:54<27:23,  7.64s/step, epoch=0, loss=0.1744]train:  93%|█████████▎| 2911/3125 [8:30:03<27:07,  7.60s/step, epoch=0, loss=0.1744]train:  93%|█████████▎| 2913/3125 [8:30:18<26:52,  7.60s/step, epoch=0, loss=0.4181]train:  93%|█████████▎| 2916/3125 [8:30:40<26:14,  7.53s/step, epoch=0, loss=0.3249]train:  93%|█████████▎| 2918/3125 [8:30:58<25:59,  7.53s/step, epoch=0, loss=0.3978]                                                                                    [train] step 2920/3125  loss=0.5422  ce=0.7752  kd=0.2685
train:  93%|█████████▎| 2920/3125 [8:31:09<25:44,  7.53s/step, epoch=0, loss=0.5218]train:  93%|█████████▎| 2921/3125 [8:31:17<25:23,  7.47s/step, epoch=0, loss=0.5218]train:  94%|█████████▎| 2922/3125 [8:31:28<25:15,  7.47s/step, epoch=0, loss=0.5446]train:  94%|█████████▎| 2926/3125 [8:31:54<24:51,  7.49s/step, epoch=0, loss=0.3255]train:  94%|█████████▎| 2927/3125 [8:32:08<24:43,  7.49s/step, epoch=0, loss=0.5238]train:  94%|█████████▍| 2930/3125 [8:32:25<24:26,  7.52s/step, epoch=0, loss=0.2238]                                                                                    [train] step 2930/3125  loss=0.4419  ce=0.3344  kd=0.1560
train:  94%|█████████▍| 2930/3125 [8:32:25<24:26,  7.52s/step, epoch=0, loss=0.2452]train:  94%|█████████▍| 2931/3125 [8:32:38<24:19,  7.52s/step, epoch=0, loss=0.5294]train:  94%|█████████▍| 2935/3125 [8:33:02<23:47,  7.51s/step, epoch=0, loss=0.9525]train:  94%|█████████▍| 2937/3125 [8:33:18<23:32,  7.51s/step, epoch=0, loss=0.5716]train:  94%|█████████▍| 2940/3125 [8:33:39<23:02,  7.47s/step, epoch=0, loss=0.1753]                                                                                    [train] step 2940/3125  loss=0.4351  ce=0.7949  kd=0.2033
train:  94%|█████████▍| 2940/3125 [8:33:39<23:02,  7.47s/step, epoch=0, loss=0.4991]train:  94%|█████████▍| 2941/3125 [8:33:49<22:55,  7.47s/step, epoch=0, loss=1.1852]train:  94%|█████████▍| 2944/3125 [8:34:09<22:37,  7.50s/step, epoch=0, loss=0.4221]train:  94%|█████████▍| 2945/3125 [8:34:19<22:29,  7.50s/step, epoch=0, loss=0.2250]train:  94%|█████████▍| 2948/3125 [8:34:41<22:29,  7.62s/step, epoch=0, loss=0.1580]                                                                                    [train] step 2950/3125  loss=0.4991  ce=0.1057  kd=0.0835
train:  94%|█████████▍| 2950/3125 [8:34:56<22:14,  7.62s/step, epoch=0, loss=0.0946]train:  94%|█████████▍| 2950/3125 [8:34:58<22:14,  7.62s/step, epoch=0, loss=0.0946]train:  94%|█████████▍| 2953/3125 [8:35:18<21:40,  7.56s/step, epoch=0, loss=0.3259]train:  95%|█████████▍| 2954/3125 [8:35:29<21:32,  7.56s/step, epoch=0, loss=0.2927]train:  95%|█████████▍| 2957/3125 [8:35:50<21:23,  7.64s/step, epoch=0, loss=0.4649]train:  95%|█████████▍| 2959/3125 [8:36:08<21:08,  7.64s/step, epoch=0, loss=0.3260]                                                                                    [train] step 2960/3125  loss=0.4497  ce=0.3871  kd=0.1562
train:  95%|█████████▍| 2960/3125 [8:36:12<21:00,  7.64s/step, epoch=0, loss=0.2717]train:  95%|█████████▍| 2961/3125 [8:36:20<20:50,  7.63s/step, epoch=0, loss=0.2717]train:  95%|█████████▍| 2963/3125 [8:36:38<20:35,  7.63s/step, epoch=0, loss=0.2681]train:  95%|█████████▍| 2965/3125 [8:36:50<20:15,  7.60s/step, epoch=0, loss=0.1718]train:  95%|█████████▍| 2967/3125 [8:37:08<20:00,  7.60s/step, epoch=0, loss=0.6130]train:  95%|█████████▌| 2969/3125 [8:37:21<19:50,  7.63s/step, epoch=0, loss=0.3823]                                                                                    [train] step 2970/3125  loss=0.4802  ce=0.5374  kd=0.3183
train:  95%|█████████▌| 2970/3125 [8:37:29<19:42,  7.63s/step, epoch=0, loss=0.4278]train:  95%|█████████▌| 2971/3125 [8:37:38<19:34,  7.63s/step, epoch=0, loss=0.5465]train:  95%|█████████▌| 2973/3125 [8:37:51<19:17,  7.62s/step, epoch=0, loss=0.2395]train:  95%|█████████▌| 2975/3125 [8:38:08<19:02,  7.62s/step, epoch=0, loss=0.5604]train:  95%|█████████▌| 2977/3125 [8:38:22<18:43,  7.59s/step, epoch=0, loss=0.3451]train:  95%|█████████▌| 2979/3125 [8:38:38<18:27,  7.59s/step, epoch=0, loss=0.4387]                                                                                    [train] step 2980/3125  loss=0.4626  ce=0.4467  kd=0.1862
train:  95%|█████████▌| 2980/3125 [8:38:45<18:20,  7.59s/step, epoch=0, loss=0.3164]train:  95%|█████████▌| 2981/3125 [8:38:53<18:21,  7.65s/step, epoch=0, loss=0.3164]train:  95%|█████████▌| 2982/3125 [8:39:08<18:13,  7.65s/step, epoch=0, loss=0.4023]train:  96%|█████████▌| 2985/3125 [8:39:24<17:54,  7.67s/step, epoch=0, loss=0.4936]train:  96%|█████████▌| 2986/3125 [8:39:38<17:46,  7.67s/step, epoch=0, loss=0.3172]train:  96%|█████████▌| 2989/3125 [8:39:54<17:20,  7.65s/step, epoch=0, loss=0.3253]                                                                                    [train] step 2990/3125  loss=0.4799  ce=0.8384  kd=0.3734
train:  96%|█████████▌| 2990/3125 [8:40:01<17:12,  7.65s/step, epoch=0, loss=0.6059]train:  96%|█████████▌| 2990/3125 [8:40:08<17:12,  7.65s/step, epoch=0, loss=0.6059]train:  96%|█████████▌| 2993/3125 [8:40:24<16:44,  7.61s/step, epoch=0, loss=0.6107]train:  96%|█████████▌| 2994/3125 [8:40:38<16:37,  7.61s/step, epoch=0, loss=0.1762]train:  96%|█████████▌| 2997/3125 [8:40:54<16:11,  7.59s/step, epoch=0, loss=0.2270]train:  96%|█████████▌| 2998/3125 [8:41:08<16:04,  7.59s/step, epoch=0, loss=0.7109]                                                                                    [train] step 3000/3125  loss=0.5014  ce=1.4326  kd=0.2205
train:  96%|█████████▌| 3000/3125 [8:41:17<15:49,  7.59s/step, epoch=0, loss=0.8266]
eval:   0%|          | 0/5000 [00:00<?, ?batch/s][A
eval:   5%|▍         | 248/5000 [00:30<09:36,  8.25batch/s][A
eval:   5%|▍         | 248/5000 [00:41<09:36,  8.25batch/s][A
eval:  10%|▉         | 496/5000 [01:00<09:05,  8.25batch/s][A
eval:  10%|▉         | 496/5000 [01:11<09:05,  8.25batch/s][A
eval:  15%|█▌        | 750/5000 [01:30<08:29,  8.34batch/s][A
eval:  15%|█▌        | 750/5000 [01:41<08:29,  8.34batch/s][A
eval:  20%|██        | 1005/5000 [02:00<07:55,  8.39batch/s][A
eval:  20%|██        | 1005/5000 [02:11<07:55,  8.39batch/s][A
eval:  25%|██▍       | 1248/5000 [02:30<07:32,  8.28batch/s][A
eval:  25%|██▍       | 1248/5000 [02:41<07:32,  8.28batch/s][A
eval:  30%|██▉       | 1497/5000 [03:00<07:02,  8.29batch/s][A
eval:  30%|██▉       | 1497/5000 [03:11<07:02,  8.29batch/s][A
eval:  35%|███▍      | 1737/5000 [03:30<06:38,  8.19batch/s][A
eval:  35%|███▍      | 1737/5000 [03:41<06:38,  8.19batch/s][A
eval:  40%|███▉      | 1980/5000 [04:00<06:10,  8.16batch/s][A
eval:  40%|███▉      | 1980/5000 [04:11<06:10,  8.16batch/s][A
eval:  44%|████▍     | 2225/5000 [04:30<05:40,  8.15batch/s][A
eval:  44%|████▍     | 2225/5000 [04:41<05:40,  8.15batch/s][A
eval:  50%|████▉     | 2479/5000 [05:00<05:05,  8.24batch/s][A
eval:  50%|████▉     | 2479/5000 [05:11<05:05,  8.24batch/s][A
eval:  55%|█████▍    | 2728/5000 [05:30<04:35,  8.26batch/s][A
eval:  55%|█████▍    | 2728/5000 [05:41<04:35,  8.26batch/s][A
eval:  59%|█████▉    | 2972/5000 [06:00<04:06,  8.21batch/s][A
eval:  59%|█████▉    | 2972/5000 [06:11<04:06,  8.21batch/s][A
eval:  64%|██████▍   | 3218/5000 [06:30<03:37,  8.20batch/s][A
eval:  64%|██████▍   | 3218/5000 [06:41<03:37,  8.20batch/s][A
eval:  69%|██████▉   | 3466/5000 [07:00<03:06,  8.21batch/s][A
eval:  69%|██████▉   | 3466/5000 [07:11<03:06,  8.21batch/s][A
eval:  74%|███████▍  | 3719/5000 [07:30<02:34,  8.27batch/s][A
eval:  74%|███████▍  | 3719/5000 [07:41<02:34,  8.27batch/s][A
eval:  79%|███████▉  | 3969/5000 [08:00<02:04,  8.29batch/s][A
eval:  79%|███████▉  | 3969/5000 [08:11<02:04,  8.29batch/s][A
eval:  84%|████████▍ | 4215/5000 [08:31<01:35,  8.26batch/s][A
eval:  84%|████████▍ | 4215/5000 [08:41<01:35,  8.26batch/s][A
eval:  89%|████████▉ | 4461/5000 [09:01<01:05,  8.22batch/s][A
eval:  89%|████████▉ | 4461/5000 [09:12<01:05,  8.22batch/s][A
eval:  94%|█████████▍| 4708/5000 [09:31<00:35,  8.21batch/s][A
eval:  94%|█████████▍| 4708/5000 [09:42<00:35,  8.21batch/s][A
eval:  99%|█████████▉| 4948/5000 [10:01<00:06,  8.15batch/s][A
                                                            [A                                                                                    [val] agreement=0.8667  loss=0.4772  ce=0.6881  kd=0.2664
train:  96%|█████████▌| 3000/3125 [8:51:25<15:49,  7.59s/step, epoch=0, loss=0.8266]train:  96%|█████████▌| 3001/3125 [8:51:38<1:50:36, 53.52s/step, epoch=0, loss=0.8266]train:  96%|█████████▌| 3005/3125 [8:52:09<1:19:37, 39.81s/step, epoch=0, loss=0.5003]train:  96%|█████████▌| 3006/3125 [8:52:19<1:18:57, 39.81s/step, epoch=0, loss=0.8464]train:  96%|█████████▋| 3010/3125 [8:52:47<54:42, 28.54s/step, epoch=0, loss=0.1512]                                                                                      [train] step 3010/3125  loss=0.4599  ce=0.1643  kd=0.1190
train:  96%|█████████▋| 3010/3125 [8:52:47<54:42, 28.54s/step, epoch=0, loss=0.1417]train:  96%|█████████▋| 3011/3125 [8:52:58<54:13, 28.54s/step, epoch=0, loss=0.8867]train:  96%|█████████▋| 3014/3125 [8:53:18<41:52, 22.63s/step, epoch=0, loss=0.2819]train:  96%|█████████▋| 3015/3125 [8:53:28<41:29, 22.63s/step, epoch=0, loss=0.2491]train:  97%|█████████▋| 3018/3125 [8:53:48<32:36, 18.29s/step, epoch=0, loss=0.3479]train:  97%|█████████▋| 3019/3125 [8:53:59<32:18, 18.29s/step, epoch=0, loss=0.3145]                                                                                    [train] step 3020/3125  loss=0.4597  ce=0.5169  kd=0.1741
train:  97%|█████████▋| 3020/3125 [8:54:04<32:00, 18.29s/step, epoch=0, loss=0.3455]train:  97%|█████████▋| 3022/3125 [8:54:19<26:02, 15.17s/step, epoch=0, loss=0.1315]train:  97%|█████████▋| 3023/3125 [8:54:29<25:46, 15.17s/step, epoch=0, loss=0.5996]train:  97%|█████████▋| 3026/3125 [8:54:50<21:24, 12.98s/step, epoch=0, loss=0.4564]train:  97%|█████████▋| 3028/3125 [8:55:08<20:58, 12.98s/step, epoch=0, loss=0.2507]train:  97%|█████████▋| 3030/3125 [8:55:20<18:03, 11.41s/step, epoch=0, loss=0.8330]                                                                                    [train] step 3030/3125  loss=0.4661  ce=0.2759  kd=0.1281
train:  97%|█████████▋| 3030/3125 [8:55:20<18:03, 11.41s/step, epoch=0, loss=0.2020]train:  97%|█████████▋| 3032/3125 [8:55:38<17:40, 11.41s/step, epoch=0, loss=0.6278]train:  97%|█████████▋| 3034/3125 [8:55:51<15:38, 10.32s/step, epoch=0, loss=0.2595]train:  97%|█████████▋| 3036/3125 [8:56:08<15:18, 10.32s/step, epoch=0, loss=0.3746]train:  97%|█████████▋| 3038/3125 [8:56:22<13:49,  9.53s/step, epoch=0, loss=0.3521]                                                                                    [train] step 3040/3125  loss=0.4678  ce=0.3651  kd=0.1108
train:  97%|█████████▋| 3040/3125 [8:56:38<13:30,  9.53s/step, epoch=0, loss=0.2379]train:  97%|█████████▋| 3040/3125 [8:56:38<13:30,  9.53s/step, epoch=0, loss=0.2379]train:  97%|█████████▋| 3042/3125 [8:56:53<12:25,  8.98s/step, epoch=0, loss=0.3590]train:  97%|█████████▋| 3044/3125 [8:57:08<12:07,  8.98s/step, epoch=0, loss=0.1680]train:  97%|█████████▋| 3046/3125 [8:57:23<11:18,  8.58s/step, epoch=0, loss=0.1193]train:  98%|█████████▊| 3047/3125 [8:57:38<11:09,  8.58s/step, epoch=0, loss=0.6825]train:  98%|█████████▊| 3050/3125 [8:57:53<10:19,  8.26s/step, epoch=0, loss=0.2253]                                                                                    [train] step 3050/3125  loss=0.5003  ce=0.6758  kd=0.2655
train:  98%|█████████▊| 3050/3125 [8:57:53<10:19,  8.26s/step, epoch=0, loss=0.4707]train:  98%|█████████▊| 3051/3125 [8:58:08<10:11,  8.26s/step, epoch=0, loss=0.5119]train:  98%|█████████▊| 3054/3125 [8:58:24<09:34,  8.09s/step, epoch=0, loss=0.7272]train:  98%|█████████▊| 3055/3125 [8:58:38<09:25,  8.09s/step, epoch=0, loss=0.4728]train:  98%|█████████▊| 3058/3125 [8:58:55<08:55,  7.99s/step, epoch=0, loss=0.4303]train:  98%|█████████▊| 3059/3125 [8:59:08<08:47,  7.99s/step, epoch=0, loss=0.3825]                                                                                    [train] step 3060/3125  loss=0.4615  ce=0.3598  kd=0.1560
train:  98%|█████████▊| 3060/3125 [8:59:11<08:39,  7.99s/step, epoch=0, loss=0.2579]train:  98%|█████████▊| 3062/3125 [8:59:26<08:17,  7.89s/step, epoch=0, loss=0.1044]train:  98%|█████████▊| 3063/3125 [8:59:38<08:09,  7.89s/step, epoch=0, loss=0.1231]train:  98%|█████████▊| 3066/3125 [8:59:56<07:41,  7.82s/step, epoch=0, loss=0.3673]train:  98%|█████████▊| 3067/3125 [9:00:08<07:33,  7.82s/step, epoch=0, loss=0.3615]train:  98%|█████████▊| 3070/3125 [9:00:27<07:05,  7.73s/step, epoch=0, loss=0.2374]                                                                                    [train] step 3070/3125  loss=0.4568  ce=0.6628  kd=0.1032
train:  98%|█████████▊| 3070/3125 [9:00:27<07:05,  7.73s/step, epoch=0, loss=0.3830]train:  98%|█████████▊| 3071/3125 [9:00:38<06:57,  7.73s/step, epoch=0, loss=0.4067]train:  98%|█████████▊| 3075/3125 [9:01:04<06:22,  7.65s/step, epoch=0, loss=0.3547]train:  98%|█████████▊| 3076/3125 [9:01:18<06:14,  7.65s/step, epoch=0, loss=0.3691]train:  99%|█████████▊| 3079/3125 [9:01:34<05:51,  7.64s/step, epoch=0, loss=0.4676]                                                                                    [train] step 3080/3125  loss=0.4533  ce=4.3892  kd=3.2554
train:  99%|█████████▊| 3080/3125 [9:01:42<05:43,  7.64s/step, epoch=0, loss=3.8223]train:  99%|█████████▊| 3080/3125 [9:01:48<05:43,  7.64s/step, epoch=0, loss=3.8223]train:  99%|█████████▊| 3083/3125 [9:02:05<05:19,  7.60s/step, epoch=0, loss=0.1087]train:  99%|█████████▊| 3084/3125 [9:02:18<05:11,  7.60s/step, epoch=0, loss=0.5377]train:  99%|█████████▉| 3087/3125 [9:02:36<04:50,  7.64s/step, epoch=0, loss=0.2319]train:  99%|█████████▉| 3088/3125 [9:02:48<04:42,  7.64s/step, epoch=0, loss=0.6664]                                                                                    [train] step 3090/3125  loss=0.4592  ce=1.1343  kd=0.5553
train:  99%|█████████▉| 3090/3125 [9:02:59<04:27,  7.64s/step, epoch=0, loss=0.8448]train:  99%|█████████▉| 3091/3125 [9:03:06<04:20,  7.67s/step, epoch=0, loss=0.8448]train:  99%|█████████▉| 3092/3125 [9:03:18<04:13,  7.67s/step, epoch=0, loss=0.2336]train:  99%|█████████▉| 3095/3125 [9:03:37<03:49,  7.64s/step, epoch=0, loss=0.9029]train:  99%|█████████▉| 3096/3125 [9:03:48<03:41,  7.64s/step, epoch=0, loss=0.3205]train:  99%|█████████▉| 3099/3125 [9:04:07<03:18,  7.62s/step, epoch=0, loss=0.2656]                                                                                    [train] step 3100/3125  loss=0.4672  ce=0.5005  kd=0.2190
train:  99%|█████████▉| 3100/3125 [9:04:15<03:10,  7.62s/step, epoch=0, loss=0.3598]train:  99%|█████████▉| 3100/3125 [9:04:18<03:10,  7.62s/step, epoch=0, loss=0.3598]train:  99%|█████████▉| 3103/3125 [9:04:38<02:48,  7.65s/step, epoch=0, loss=0.9808]train:  99%|█████████▉| 3104/3125 [9:04:48<02:40,  7.65s/step, epoch=0, loss=0.3053]train:  99%|█████████▉| 3108/3125 [9:05:15<02:08,  7.56s/step, epoch=0, loss=0.6181]train:  99%|█████████▉| 3109/3125 [9:05:28<02:00,  7.56s/step, epoch=0, loss=0.3119]                                                                                    [train] step 3110/3125  loss=0.4531  ce=0.4329  kd=0.3339
train: 100%|█████████▉| 3110/3125 [9:05:30<01:53,  7.56s/step, epoch=0, loss=0.3834]train: 100%|█████████▉| 3113/3125 [9:05:52<01:30,  7.52s/step, epoch=0, loss=0.2805]train: 100%|█████████▉| 3115/3125 [9:06:08<01:15,  7.52s/step, epoch=0, loss=0.1439]train: 100%|█████████▉| 3118/3125 [9:06:29<00:52,  7.49s/step, epoch=0, loss=0.3580]train: 100%|█████████▉| 3119/3125 [9:06:40<00:44,  7.49s/step, epoch=0, loss=0.3615]                                                                                    [train] step 3120/3125  loss=0.4890  ce=0.3820  kd=0.1838
train: 100%|█████████▉| 3120/3125 [9:06:44<00:37,  7.49s/step, epoch=0, loss=0.2829]train: 100%|█████████▉| 3122/3125 [9:07:00<00:22,  7.56s/step, epoch=0, loss=0.2313]train: 100%|█████████▉| 3124/3125 [9:07:18<00:07,  7.56s/step, epoch=0, loss=0.5481]train: 100%|██████████| 3125/3125 [9:07:23<00:00, 10.51s/step, epoch=0, loss=0.4052]
eval:   0%|          | 0/5000 [00:00<?, ?batch/s]eval:   5%|▍         | 246/5000 [00:30<09:41,  8.18batch/s]eval:   5%|▍         | 246/5000 [00:45<09:41,  8.18batch/s]eval:  10%|▉         | 494/5000 [01:00<09:07,  8.22batch/s]eval:  10%|▉         | 494/5000 [01:15<09:07,  8.22batch/s]eval:  15%|█▍        | 746/5000 [01:30<08:32,  8.30batch/s]eval:  15%|█▍        | 746/5000 [01:45<08:32,  8.30batch/s]eval:  20%|█▉        | 999/5000 [02:00<07:59,  8.35batch/s]eval:  20%|█▉        | 999/5000 [02:15<07:59,  8.35batch/s]eval:  25%|██▍       | 1240/5000 [02:30<07:36,  8.23batch/s]eval:  25%|██▍       | 1240/5000 [02:45<07:36,  8.23batch/s]eval:  30%|██▉       | 1487/5000 [03:00<07:07,  8.23batch/s]eval:  30%|██▉       | 1487/5000 [03:15<07:07,  8.23batch/s]eval:  35%|███▍      | 1727/5000 [03:30<06:42,  8.14batch/s]eval:  35%|███▍      | 1727/5000 [03:45<06:42,  8.14batch/s]eval:  39%|███▉      | 1973/5000 [04:00<06:11,  8.16batch/s]eval:  39%|███▉      | 1973/5000 [04:15<06:11,  8.16batch/s]eval:  44%|████▍     | 2218/5000 [04:30<05:41,  8.15batch/s]eval:  44%|████▍     | 2218/5000 [04:45<05:41,  8.15batch/s]eval:  49%|████▉     | 2471/5000 [05:00<05:07,  8.23batch/s]eval:  49%|████▉     | 2471/5000 [05:15<05:07,  8.23batch/s]eval:  54%|█████▍    | 2720/5000 [05:30<04:36,  8.25batch/s]eval:  54%|█████▍    | 2720/5000 [05:45<04:36,  8.25batch/s]eval:  59%|█████▉    | 2966/5000 [06:00<04:07,  8.23batch/s]eval:  59%|█████▉    | 2966/5000 [06:15<04:07,  8.23batch/s]eval:  64%|██████▍   | 3212/5000 [06:30<03:37,  8.21batch/s]eval:  64%|██████▍   | 3212/5000 [06:45<03:37,  8.21batch/s]eval:  69%|██████▉   | 3460/5000 [07:00<03:07,  8.22batch/s]eval:  69%|██████▉   | 3460/5000 [07:15<03:07,  8.22batch/s]eval:  74%|███████▍  | 3713/5000 [07:31<02:35,  8.28batch/s]eval:  74%|███████▍  | 3713/5000 [07:45<02:35,  8.28batch/s]eval:  79%|███████▉  | 3963/5000 [08:01<02:05,  8.29batch/s]eval:  79%|███████▉  | 3963/5000 [08:15<02:05,  8.29batch/s]eval:  84%|████████▍ | 4210/5000 [08:31<01:35,  8.27batch/s]eval:  84%|████████▍ | 4210/5000 [08:45<01:35,  8.27batch/s]eval:  89%|████████▉ | 4455/5000 [09:01<01:06,  8.23batch/s]eval:  89%|████████▉ | 4455/5000 [09:15<01:06,  8.23batch/s]eval:  94%|█████████▍| 4699/5000 [09:31<00:36,  8.20batch/s]eval:  94%|█████████▍| 4699/5000 [09:45<00:36,  8.20batch/s]eval:  99%|█████████▉| 4942/5000 [10:01<00:07,  8.17batch/s]                                                            [val] agreement=0.8664  loss=0.4772  ce=0.6862  kd=0.2682
Work dir: /home/ahmedubc/scratch/distillation/test_srkl
train:   0%|          | 0/3125 [00:00<?, ?step/s]train:   0%|          | 4/3125 [00:32<7:05:27,  8.18s/step, epoch=0, loss=0.7328]train:   0%|          | 5/3125 [00:46<7:05:19,  8.18s/step, epoch=0, loss=0.9294]train:   0%|          | 8/3125 [01:03<6:53:41,  7.96s/step, epoch=0, loss=0.4802]train:   0%|          | 9/3125 [01:16<6:53:33,  7.96s/step, epoch=0, loss=0.3443]                                                                                 [train] step 10/3125  loss=0.8740  ce=1.0105  kd=1.2069
train:   0%|          | 10/3125 [01:19<6:53:25,  7.96s/step, epoch=0, loss=1.1087]train:   0%|          | 12/3125 [01:34<6:42:46,  7.76s/step, epoch=0, loss=0.6220]train:   0%|          | 13/3125 [01:46<6:42:38,  7.76s/step, epoch=0, loss=0.4919]train:   1%|          | 16/3125 [02:04<6:38:24,  7.69s/step, epoch=0, loss=0.4846]train:   1%|          | 17/3125 [02:16<6:38:16,  7.69s/step, epoch=0, loss=0.5732]train:   1%|          | 20/3125 [02:35<6:37:26,  7.68s/step, epoch=0, loss=0.5880]                                                                                  [train] step 20/3125  loss=0.7910  ce=0.5588  kd=0.4828
train:   1%|          | 20/3125 [02:35<6:37:26,  7.68s/step, epoch=0, loss=0.5208]train:   1%|          | 21/3125 [02:46<6:37:19,  7.68s/step, epoch=0, loss=0.5614]train:   1%|          | 24/3125 [03:05<6:37:29,  7.69s/step, epoch=0, loss=0.4577]train:   1%|          | 25/3125 [03:16<6:37:22,  7.69s/step, epoch=0, loss=0.4552]train:   1%|          | 28/3125 [03:36<6:36:17,  7.68s/step, epoch=0, loss=0.5616]train:   1%|          | 29/3125 [03:46<6:36:10,  7.68s/step, epoch=0, loss=0.3966]                                                                                  [train] step 30/3125  loss=0.7990  ce=1.3623  kd=1.0710
train:   1%|          | 30/3125 [03:51<6:36:02,  7.68s/step, epoch=0, loss=1.2166]train:   1%|          | 33/3125 [04:13<6:31:56,  7.61s/step, epoch=0, loss=0.6927]train:   1%|          | 34/3125 [04:26<6:31:49,  7.61s/step, epoch=0, loss=1.4235]train:   1%|          | 38/3125 [04:51<6:29:38,  7.57s/step, epoch=0, loss=0.9327]train:   1%|          | 39/3125 [05:06<6:29:30,  7.57s/step, epoch=0, loss=1.6541]                                                                                  [train] step 40/3125  loss=0.5928  ce=0.8366  kd=0.4476
train:   1%|▏         | 40/3125 [05:06<6:29:23,  7.57s/step, epoch=0, loss=0.6421]train:   1%|▏         | 42/3125 [05:21<6:29:55,  7.59s/step, epoch=0, loss=0.3375]train:   1%|▏         | 43/3125 [05:36<6:29:48,  7.59s/step, epoch=0, loss=0.2622]train:   2%|▏         | 47/3125 [05:59<6:27:57,  7.56s/step, epoch=0, loss=0.3051]train:   2%|▏         | 48/3125 [06:09<6:27:50,  7.56s/step, epoch=0, loss=0.6192]                                                                                  [train] step 50/3125  loss=0.5279  ce=0.9099  kd=0.9296
train:   2%|▏         | 50/3125 [06:21<6:27:34,  7.56s/step, epoch=0, loss=0.9197]train:   2%|▏         | 52/3125 [06:36<6:25:10,  7.52s/step, epoch=0, loss=0.2735]train:   2%|▏         | 53/3125 [06:46<6:25:03,  7.52s/step, epoch=0, loss=0.4133]train:   2%|▏         | 56/3125 [07:07<6:27:05,  7.57s/step, epoch=0, loss=0.3950]train:   2%|▏         | 57/3125 [07:19<6:26:57,  7.57s/step, epoch=0, loss=0.5971]train:   2%|▏         | 60/3125 [07:37<6:26:47,  7.57s/step, epoch=0, loss=0.2926]                                                                                  [train] step 60/3125  loss=0.5467  ce=0.2298  kd=0.1281
train:   2%|▏         | 60/3125 [07:37<6:26:47,  7.57s/step, epoch=0, loss=0.1789]train:   2%|▏         | 61/3125 [07:49<6:26:40,  7.57s/step, epoch=0, loss=0.2731]train:   2%|▏         | 65/3125 [08:15<6:24:03,  7.53s/step, epoch=0, loss=0.2934]train:   2%|▏         | 66/3125 [08:26<6:23:55,  7.53s/step, epoch=0, loss=0.3261]train:   2%|▏         | 69/3125 [08:45<6:23:42,  7.53s/step, epoch=0, loss=0.3888]                                                                                  [train] step 70/3125  loss=0.4851  ce=0.5712  kd=0.2194
train:   2%|▏         | 70/3125 [08:52<6:23:35,  7.53s/step, epoch=0, loss=0.3953]train:   2%|▏         | 70/3125 [08:56<6:23:35,  7.53s/step, epoch=0, loss=0.3953]train:   2%|▏         | 74/3125 [09:22<6:21:17,  7.50s/step, epoch=0, loss=0.2813]train:   2%|▏         | 75/3125 [09:36<6:21:10,  7.50s/step, epoch=0, loss=0.3497]train:   3%|▎         | 79/3125 [09:59<6:18:57,  7.46s/step, epoch=0, loss=0.8408]                                                                                  [train] step 80/3125  loss=0.4994  ce=0.3668  kd=0.1900
train:   3%|▎         | 80/3125 [10:06<6:18:50,  7.46s/step, epoch=0, loss=0.2784]train:   3%|▎         | 80/3125 [10:09<6:18:50,  7.46s/step, epoch=0, loss=0.2784]train:   3%|▎         | 84/3125 [10:36<6:18:42,  7.47s/step, epoch=0, loss=0.7458]train:   3%|▎         | 85/3125 [10:46<6:18:34,  7.47s/step, epoch=0, loss=0.2004]train:   3%|▎         | 88/3125 [11:06<6:18:53,  7.49s/step, epoch=0, loss=1.4532]train:   3%|▎         | 89/3125 [11:16<6:18:45,  7.49s/step, epoch=0, loss=0.6279]                                                                                  [train] step 90/3125  loss=0.5130  ce=0.4612  kd=0.1959
train:   3%|▎         | 90/3125 [11:22<6:18:38,  7.49s/step, epoch=0, loss=0.3286]train:   3%|▎         | 92/3125 [11:37<6:20:19,  7.52s/step, epoch=0, loss=0.4063]train:   3%|▎         | 93/3125 [11:49<6:20:11,  7.52s/step, epoch=0, loss=0.6422]train:   3%|▎         | 97/3125 [12:15<6:20:11,  7.53s/step, epoch=0, loss=0.7255]train:   3%|▎         | 98/3125 [12:26<6:20:04,  7.53s/step, epoch=0, loss=0.3301]                                                                                  [train] step 100/3125  loss=0.5390  ce=0.6077  kd=0.1596
train:   3%|▎         | 100/3125 [12:37<6:19:49,  7.53s/step, epoch=0, loss=0.3836]train:   3%|▎         | 102/3125 [12:52<6:17:17,  7.49s/step, epoch=0, loss=0.2338]train:   3%|▎         | 103/3125 [13:06<6:17:09,  7.49s/step, epoch=0, loss=0.4942]train:   3%|▎         | 107/3125 [13:29<6:15:40,  7.47s/step, epoch=0, loss=0.1528]train:   3%|▎         | 108/3125 [13:39<6:15:32,  7.47s/step, epoch=0, loss=0.4659]                                                                                   [train] step 110/3125  loss=0.5334  ce=1.6026  kd=0.3470
train:   4%|▎         | 110/3125 [13:51<6:15:17,  7.47s/step, epoch=0, loss=0.9748]train:   4%|▎         | 111/3125 [13:59<6:16:40,  7.50s/step, epoch=0, loss=0.9748]train:   4%|▎         | 112/3125 [14:09<6:16:33,  7.50s/step, epoch=0, loss=1.1148]train:   4%|▎         | 116/3125 [14:37<6:16:57,  7.52s/step, epoch=0, loss=0.2397]train:   4%|▎         | 117/3125 [14:50<6:16:50,  7.52s/step, epoch=0, loss=0.5340]train:   4%|▍         | 120/3125 [15:07<6:16:45,  7.52s/step, epoch=0, loss=0.7395]                                                                                   [train] step 120/3125  loss=0.5236  ce=0.3390  kd=0.1619
train:   4%|▍         | 120/3125 [15:07<6:16:45,  7.52s/step, epoch=0, loss=0.2505]train:   4%|▍         | 121/3125 [15:20<6:16:37,  7.52s/step, epoch=0, loss=0.6021]train:   4%|▍         | 124/3125 [15:38<6:20:13,  7.60s/step, epoch=0, loss=0.4461]train:   4%|▍         | 125/3125 [15:50<6:20:05,  7.60s/step, epoch=0, loss=1.2123]train:   4%|▍         | 128/3125 [16:09<6:19:29,  7.60s/step, epoch=0, loss=1.1397]train:   4%|▍         | 129/3125 [16:20<6:19:21,  7.60s/step, epoch=0, loss=0.5270]                                                                                   [train] step 130/3125  loss=0.5194  ce=0.6313  kd=0.2195
train:   4%|▍         | 130/3125 [16:24<6:19:14,  7.60s/step, epoch=0, loss=0.4254]train:   4%|▍         | 133/3125 [16:46<6:17:53,  7.58s/step, epoch=0, loss=0.4373]train:   4%|▍         | 134/3125 [16:56<6:17:45,  7.58s/step, epoch=0, loss=0.3263]train:   4%|▍         | 137/3125 [17:17<6:18:44,  7.61s/step, epoch=0, loss=0.4904]train:   4%|▍         | 138/3125 [17:30<6:18:37,  7.61s/step, epoch=0, loss=1.0842]                                                                                   [train] step 140/3125  loss=0.5057  ce=0.7225  kd=0.1647
train:   4%|▍         | 140/3125 [17:40<6:18:22,  7.61s/step, epoch=0, loss=0.4436]train:   5%|▍         | 141/3125 [17:47<6:18:12,  7.60s/step, epoch=0, loss=0.4436]train:   5%|▍         | 142/3125 [18:00<6:18:04,  7.60s/step, epoch=0, loss=0.3022]train:   5%|▍         | 145/3125 [18:18<6:19:24,  7.64s/step, epoch=0, loss=0.8319]train:   5%|▍         | 146/3125 [18:30<6:19:16,  7.64s/step, epoch=0, loss=0.1338]train:   5%|▍         | 149/3125 [18:49<6:17:56,  7.62s/step, epoch=0, loss=0.2282]                                                                                   [train] step 150/3125  loss=0.5123  ce=1.0516  kd=0.3600
train:   5%|▍         | 150/3125 [18:56<6:17:48,  7.62s/step, epoch=0, loss=0.7058]train:   5%|▍         | 150/3125 [19:00<6:17:48,  7.62s/step, epoch=0, loss=0.7058]train:   5%|▍         | 153/3125 [19:20<6:20:02,  7.67s/step, epoch=0, loss=0.4662]train:   5%|▍         | 155/3125 [19:36<6:19:46,  7.67s/step, epoch=0, loss=0.4935]train:   5%|▌         | 157/3125 [19:50<6:17:22,  7.63s/step, epoch=0, loss=0.6796]train:   5%|▌         | 159/3125 [20:06<6:17:07,  7.63s/step, epoch=0, loss=0.2650]                                                                                   [train] step 160/3125  loss=0.5080  ce=0.6777  kd=0.1653
train:   5%|▌         | 160/3125 [20:13<6:16:59,  7.63s/step, epoch=0, loss=0.4215]train:   5%|▌         | 161/3125 [20:21<6:17:57,  7.65s/step, epoch=0, loss=0.4215]train:   5%|▌         | 163/3125 [20:36<6:17:42,  7.65s/step, epoch=0, loss=0.3751]train:   5%|▌         | 165/3125 [20:51<6:15:20,  7.61s/step, epoch=0, loss=0.5199]train:   5%|▌         | 167/3125 [21:06<6:15:05,  7.61s/step, epoch=0, loss=0.2491]train:   5%|▌         | 169/3125 [21:21<6:13:37,  7.58s/step, epoch=0, loss=0.5307]                                                                                   [train] step 170/3125  loss=0.5054  ce=0.6625  kd=0.5391
train:   5%|▌         | 170/3125 [21:29<6:13:30,  7.58s/step, epoch=0, loss=0.6008]train:   5%|▌         | 170/3125 [21:36<6:13:30,  7.58s/step, epoch=0, loss=0.6008]train:   6%|▌         | 173/3125 [21:52<6:14:50,  7.62s/step, epoch=0, loss=0.3665]train:   6%|▌         | 174/3125 [22:06<6:14:42,  7.62s/step, epoch=0, loss=0.2515]train:   6%|▌         | 177/3125 [22:22<6:14:27,  7.62s/step, epoch=0, loss=0.4734]train:   6%|▌         | 178/3125 [22:36<6:14:19,  7.62s/step, epoch=0, loss=0.5981]                                                                                   [train] step 180/3125  loss=0.4965  ce=0.2534  kd=0.2109
train:   6%|▌         | 180/3125 [22:44<6:14:04,  7.62s/step, epoch=0, loss=0.2322]train:   6%|▌         | 181/3125 [22:52<6:12:31,  7.59s/step, epoch=0, loss=0.2322]train:   6%|▌         | 182/3125 [23:06<6:12:23,  7.59s/step, epoch=0, loss=0.5461]train:   6%|▌         | 185/3125 [23:23<6:12:16,  7.60s/step, epoch=0, loss=0.2894]train:   6%|▌         | 186/3125 [23:36<6:12:09,  7.60s/step, epoch=0, loss=0.2739]train:   6%|▌         | 190/3125 [24:00<6:09:05,  7.55s/step, epoch=0, loss=0.2135]                                                                                   [train] step 190/3125  loss=0.5327  ce=0.4244  kd=0.1493
train:   6%|▌         | 190/3125 [24:00<6:09:05,  7.55s/step, epoch=0, loss=0.2868]train:   6%|▌         | 192/3125 [24:16<6:08:50,  7.55s/step, epoch=0, loss=0.4856]train:   6%|▌         | 194/3125 [24:31<6:11:22,  7.60s/step, epoch=0, loss=0.4606]train:   6%|▋         | 196/3125 [24:46<6:11:07,  7.60s/step, epoch=0, loss=0.6023]train:   6%|▋         | 198/3125 [25:02<6:13:04,  7.65s/step, epoch=0, loss=0.4935]train:   6%|▋         | 199/3125 [25:17<6:12:56,  7.65s/step, epoch=0, loss=0.7904]                                                                                   [train] step 200/3125  loss=0.4918  ce=0.5337  kd=0.2008
train:   6%|▋         | 200/3125 [25:17<6:12:48,  7.65s/step, epoch=0, loss=0.3672]
eval:   0%|          | 0/5000 [00:00<?, ?batch/s][A
eval:   5%|▌         | 250/5000 [00:30<09:30,  8.32batch/s][A
eval:   5%|▌         | 250/5000 [00:42<09:30,  8.32batch/s][A
eval:  10%|█         | 500/5000 [01:00<09:02,  8.30batch/s][A
eval:  10%|█         | 500/5000 [01:12<09:02,  8.30batch/s][A
eval:  15%|█▌        | 758/5000 [01:30<08:23,  8.43batch/s][A
eval:  15%|█▌        | 758/5000 [01:42<08:23,  8.43batch/s][A
eval:  20%|██        | 1012/5000 [02:00<07:52,  8.44batch/s][A
eval:  20%|██        | 1012/5000 [02:12<07:52,  8.44batch/s][A
eval:  25%|██▌       | 1254/5000 [02:30<07:31,  8.30batch/s][A
eval:  25%|██▌       | 1254/5000 [02:42<07:31,  8.30batch/s][A
eval:  30%|███       | 1506/5000 [03:00<06:59,  8.32batch/s][A
eval:  30%|███       | 1506/5000 [03:12<06:59,  8.32batch/s][A
eval:  35%|███▍      | 1745/5000 [03:30<06:36,  8.21batch/s][A
eval:  35%|███▍      | 1745/5000 [03:42<06:36,  8.21batch/s][A
eval:  40%|███▉      | 1989/5000 [04:00<06:08,  8.18batch/s][A
eval:  40%|███▉      | 1989/5000 [04:12<06:08,  8.18batch/s][A
eval:  45%|████▍     | 2235/5000 [04:30<05:38,  8.18batch/s][A
eval:  45%|████▍     | 2235/5000 [04:42<05:38,  8.18batch/s][A
eval:  50%|████▉     | 2487/5000 [05:00<05:05,  8.24batch/s][A
eval:  50%|████▉     | 2487/5000 [05:12<05:05,  8.24batch/s][A
eval:  55%|█████▍    | 2736/5000 [05:30<04:34,  8.25batch/s][A
eval:  55%|█████▍    | 2736/5000 [05:42<04:34,  8.25batch/s][A
eval:  60%|█████▉    | 2984/5000 [06:00<04:04,  8.25batch/s][A
eval:  60%|█████▉    | 2984/5000 [06:12<04:04,  8.25batch/s][A
eval:  65%|██████▍   | 3233/5000 [06:30<03:33,  8.26batch/s][A
eval:  65%|██████▍   | 3233/5000 [06:42<03:33,  8.26batch/s][A
eval:  70%|██████▉   | 3482/5000 [07:01<03:03,  8.26batch/s][A
eval:  70%|██████▉   | 3482/5000 [07:12<03:03,  8.26batch/s][A
eval:  75%|███████▍  | 3739/5000 [07:31<02:31,  8.35batch/s][A
eval:  75%|███████▍  | 3739/5000 [07:42<02:31,  8.35batch/s][A
eval:  80%|███████▉  | 3988/5000 [08:01<02:01,  8.33batch/s][A
eval:  80%|███████▉  | 3988/5000 [08:12<02:01,  8.33batch/s][A
eval:  85%|████████▍ | 4238/5000 [08:31<01:31,  8.33batch/s][A
eval:  85%|████████▍ | 4238/5000 [08:42<01:31,  8.33batch/s][A
eval:  90%|████████▉ | 4482/5000 [09:01<01:02,  8.26batch/s][A
eval:  90%|████████▉ | 4482/5000 [09:12<01:02,  8.26batch/s][A
eval:  95%|█████████▍| 4728/5000 [09:31<00:33,  8.24batch/s][A
eval:  95%|█████████▍| 4728/5000 [09:42<00:33,  8.24batch/s][A
eval:  99%|█████████▉| 4971/5000 [10:01<00:03,  8.19batch/s][A
                                                            [A                                                                                   [val] agreement=0.8586  loss=0.5182  ce=0.6924  kd=0.3440
train:   6%|▋         | 200/3125 [35:22<6:12:48,  7.65s/step, epoch=0, loss=0.3672]train:   6%|▋         | 201/3125 [35:35<45:18:56, 55.79s/step, epoch=0, loss=0.3672]train:   7%|▋         | 205/3125 [36:06<33:08:12, 40.85s/step, epoch=0, loss=1.0278]train:   7%|▋         | 206/3125 [36:17<33:07:31, 40.85s/step, epoch=0, loss=0.5180]train:   7%|▋         | 209/3125 [36:37<24:50:46, 30.67s/step, epoch=0, loss=0.7203]                                                                                    [train] step 210/3125  loss=0.5078  ce=0.3878  kd=0.2470
train:   7%|▋         | 210/3125 [36:44<24:50:15, 30.67s/step, epoch=0, loss=0.3174]train:   7%|▋         | 210/3125 [36:50<24:50:15, 30.67s/step, epoch=0, loss=0.3174]train:   7%|▋         | 214/3125 [37:15<18:09:48, 22.46s/step, epoch=0, loss=0.2227]train:   7%|▋         | 215/3125 [37:27<18:09:26, 22.46s/step, epoch=0, loss=0.2995]train:   7%|▋         | 218/3125 [37:45<14:41:19, 18.19s/step, epoch=0, loss=0.2829]train:   7%|▋         | 219/3125 [37:57<14:41:01, 18.19s/step, epoch=0, loss=0.2765]                                                                                    [train] step 220/3125  loss=0.4951  ce=0.6215  kd=0.1619
train:   7%|▋         | 220/3125 [38:00<14:40:42, 18.19s/step, epoch=0, loss=0.3917]train:   7%|▋         | 222/3125 [38:15<12:10:19, 15.09s/step, epoch=0, loss=0.3537]train:   7%|▋         | 223/3125 [38:27<12:10:04, 15.09s/step, epoch=0, loss=0.5807]train:   7%|▋         | 226/3125 [38:46<10:23:59, 12.91s/step, epoch=0, loss=0.3151]train:   7%|▋         | 227/3125 [38:57<10:23:46, 12.91s/step, epoch=0, loss=0.2448]                                                                                    [train] step 230/3125  loss=0.4568  ce=0.8944  kd=0.1468
train:   7%|▋         | 230/3125 [39:16<10:23:08, 12.91s/step, epoch=0, loss=0.5206]train:   7%|▋         | 231/3125 [39:24<8:54:15, 11.08s/step, epoch=0, loss=0.5206] train:   7%|▋         | 232/3125 [39:37<8:54:04, 11.08s/step, epoch=0, loss=0.2671]train:   8%|▊         | 235/3125 [39:55<8:08:25, 10.14s/step, epoch=0, loss=0.2783]train:   8%|▊         | 236/3125 [40:07<8:08:15, 10.14s/step, epoch=0, loss=0.2587]train:   8%|▊         | 239/3125 [40:26<7:34:15,  9.44s/step, epoch=0, loss=0.5878]                                                                                   [train] step 240/3125  loss=0.5596  ce=2.4098  kd=0.5831
train:   8%|▊         | 240/3125 [40:34<7:34:05,  9.44s/step, epoch=0, loss=1.4965]train:   8%|▊         | 240/3125 [40:37<7:34:05,  9.44s/step, epoch=0, loss=1.4965]train:   8%|▊         | 243/3125 [40:56<7:07:34,  8.90s/step, epoch=0, loss=0.3386]train:   8%|▊         | 244/3125 [41:07<7:07:25,  8.90s/step, epoch=0, loss=0.2675]train:   8%|▊         | 248/3125 [41:33<6:41:34,  8.37s/step, epoch=0, loss=0.4680]train:   8%|▊         | 249/3125 [41:47<6:41:26,  8.37s/step, epoch=0, loss=0.4264]                                                                                   [train] step 250/3125  loss=0.5024  ce=0.2586  kd=0.2252
train:   8%|▊         | 250/3125 [41:48<6:41:17,  8.37s/step, epoch=0, loss=0.2419]train:   8%|▊         | 252/3125 [42:04<6:31:49,  8.18s/step, epoch=0, loss=0.1027]train:   8%|▊         | 253/3125 [42:17<6:31:40,  8.18s/step, epoch=0, loss=0.1542]train:   8%|▊         | 256/3125 [42:34<6:23:42,  8.02s/step, epoch=0, loss=0.7989]train:   8%|▊         | 257/3125 [42:47<6:23:34,  8.02s/step, epoch=0, loss=0.8321]train:   8%|▊         | 260/3125 [43:05<6:17:00,  7.90s/step, epoch=0, loss=0.2686]                                                                                   [train] step 260/3125  loss=0.5364  ce=0.4773  kd=0.1940
train:   8%|▊         | 260/3125 [43:05<6:17:00,  7.90s/step, epoch=0, loss=0.3357]train:   8%|▊         | 261/3125 [43:17<6:16:52,  7.90s/step, epoch=0, loss=0.3651]train:   8%|▊         | 264/3125 [43:36<6:13:56,  7.84s/step, epoch=0, loss=0.3837]train:   8%|▊         | 265/3125 [43:47<6:13:48,  7.84s/step, epoch=0, loss=0.4192]